timestamp,city,latitude,longitude,season,temperature_c,humidity_pct,wind_speed_kmh,pm25,pm10,no2_ppb,o3_ppb,aqi,air_quality_category,station_id
2020-01-01 00:00:00,Paris,48.859546460490655,2.3306231868927747,Winter,30.5,83.8,19.7,24.52,161.37,42.4,9.1,86,Unhealthy,STN-864
2020-01-01 06:00:00,São Paulo,-23.604860215369428,-46.595122260768946,Winter,25.6,56.4,19.0,18.38,67.76,10.3,38.2,242,Unhealthy,STN-638
2020-01-01 12:00:00,Tokyo,35.639063069502896,139.63049555694897,Winter,24.1,73.5,2.0,19.99,28.58,21.4,18.1,30,Unhealthy,STN-826
2020-01-01 18:00:00,New York,40.63980421280999,-73.98599359774244,Winter,-8.5,,0.5,65.09,30.08,34.1,54.9,308,Moderate,STN-938
2020-01-02 00:00:00,New York,40.694090086665376,-73.99321348994623,Winter,8.4,59.6,7.2,24.87,108.94,18.1,22.4,252,Good,STN-810
2020-01-02 06:00:00,Cairo,30.117771690031898,31.181955592947798,Winter,-11.2,42.6,9.6,53.14,30.24,50.6,82.9,331,Unhealthy,STN-394
2020-01-02 12:00:00,Cairo,30.10381482631068,31.303704610490364,Winter,7.6,42.7,8.7,30.29,31.73,26.1,57.1,130,Unhealthy for Sensitive,STN-662
2020-01-02 18:00:00,São Paulo,-23.52717806916428,-46.64335157054743,Winter,26.6,30.3,1.3,46.86,132.39,33.6,31.4,327,Good,STN-677
2020-01-03 00:00:00,Cairo,29.98519180637111,31.265840701572994,Winter,12.3,67.9,11.5,36.93,18.74,31.8,39.0,235,Moderate,STN-937
2020-01-03 06:00:00,Lagos,6.523863626765282,3.3588533970111247,Winter,15.9,51.3,15.0,119.95,79.54,43.3,23.1,35,Good,STN-441
2020-01-03 12:00:00,São Paulo,-23.531707499566828,-46.6451790342667,Winter,28.0,68.2,21.3,13.73,42.14,20.8,46.6,135,Moderate,STN-136
2020-01-03 18:00:00,Lagos,6.500879807910515,3.3439886575410913,Winter,20.1,79.0,28.7,,34.02,5.0,41.0,111,Unhealthy,STN-478
2020-01-04 00:00:00,Cairo,30.09532801744263,31.23003345180949,Winter,35.2,86.7,16.3,20.82,20.89,26.3,69.7,26,Moderate,STN-174
2020-01-04 06:00:00,Tokyo,35.59784878524582,139.6161559784688,Winter,16.0,43.8,5.1,,53.6,47.8,83.7,66,Moderate,STN-341
2020-01-04 12:00:00,Paris,48.876899890729234,2.3353990377379885,Winter,24.6,56.7,18.2,38.27,51.46,21.3,73.3,10,Moderate,STN-653
2020-01-04 18:00:00,Beijing,39.951548386235665,116.3436825329605,Winter,16.6,41.9,32.8,7.7,12.28,31.7,56.8,323,Good,STN-616
2020-01-05 00:00:00,Cairo,30.06755699069852,31.236961280938907,Winter,27.2,66.7,24.5,45.69,55.55,25.5,22.0,286,Good,STN-161
2020-01-05 06:00:00,Beijing,39.921176764375026,116.4637465620146,Winter,41.0,,7.7,46.25,19.8,14.0,34.6,330,Good,STN-163
2020-01-05 12:00:00,Cairo,30.008797023186496,31.252726092363194,Winter,49.0,78.9,32.0,16.26,42.06,8.0,54.6,265,Good,STN-858
2020-01-05 18:00:00,Tokyo,35.664772653675755,139.62050185932563,Winter,20.3,53.9,13.6,14.59,76.84,24.1,24.4,297,Moderate,STN-949
2020-01-06 00:00:00,New York,40.72098844695428,-73.93690226902247,Winter,3.0,17.8,15.5,13.89,19.71,7.8,21.9,100,Good,STN-738
2020-01-06 06:00:00,Sydney,-33.93258057207809,151.19667154155536,Winter,12.1,59.2,25.2,5.95,51.68,40.9,75.1,265,Moderate,STN-859
2020-01-06 12:00:00,Lagos,6.6460783720890175,3.372403411590761,Winter,12.4,84.0,13.6,28.4,20.4,30.7,32.2,274,Moderate,STN-780
2020-01-06 18:00:00,Lagos,6.507180098084651,3.430743548793335,Winter,12.6,81.5,16.8,21.97,52.93,15.4,4.7,219,Hazardous,STN-173
2020-01-07 00:00:00,Cairo,30.09375093581617,31.178995653527046,Winter,14.2,37.1,21.9,72.68,99.25,27.1,88.0,120,Good,STN-348
2020-01-07 06:00:00,Sydney,-33.824611030443116,151.22277748510467,Winter,20.0,96.5,0.0,48.31,58.22,20.8,7.0,61,Good,STN-199
2020-01-07 12:00:00,Beijing,39.894945265071534,116.42308151943038,Winter,4.5,86.2,18.2,23.06,65.3,32.8,42.6,68,Unhealthy,STN-354
2020-01-07 18:00:00,Beijing,39.86964023817287,116.44535493796839,Winter,18.1,60.0,17.3,22.99,38.75,34.4,74.3,62,Good,STN-872
2020-01-08 00:00:00,London,51.50842808815888,-0.12766629785392494,Winter,27.9,82.7,19.3,172.24,48.0,49.8,63.4,187,Unhealthy,STN-869
2020-01-08 06:00:00,Lagos,6.520400757435281,3.3488110756194613,Winter,10.2,58.0,22.5,51.62,78.33,36.5,15.8,285,Good,STN-355
2020-01-08 12:00:00,São Paulo,-23.523660817879936,-46.66788486018028,Winter,21.5,75.6,12.4,17.93,60.01,12.4,80.2,159,Good,STN-530
2020-01-08 18:00:00,Tokyo,35.59110091251128,139.68654085990295,Winter,20.5,55.9,15.2,30.62,63.44,14.5,9.6,285,Moderate,STN-115
2020-01-09 00:00:00,Paris,48.80281925847661,2.357277327760051,Winter,30.4,25.1,9.6,82.64,40.52,30.3,81.1,241,Good,STN-548
2020-01-09 06:00:00,São Paulo,-23.520728969554053,-46.5463945973884,Winter,25.6,61.1,3.6,12.22,55.72,27.6,37.7,206,Unhealthy for Sensitive,STN-960
2020-01-09 12:00:00,Cairo,30.04127980060672,31.22603404396963,Winter,2.4,39.4,33.9,29.85,100.25,16.4,17.7,346,Moderate,STN-595
2020-01-09 18:00:00,New York,40.76231408624273,-74.02274865814888,Winter,14.5,83.5,23.3,54.34,18.07,36.5,40.6,161,Unhealthy,STN-499
2020-01-10 00:00:00,New York,40.668544903166215,-74.05847906581207,Winter,24.4,85.5,13.6,22.09,28.52,29.9,12.0,257,Unhealthy for Sensitive,STN-948
2020-01-10 06:00:00,Lagos,6.509717534008795,3.334914258564052,Winter,26.7,34.4,18.7,,67.49,35.0,53.2,235,Moderate,STN-415
2020-01-10 12:00:00,New York,40.74739619213893,-73.97210616283013,Winter,14.3,59.2,19.3,10.89,90.67,29.7,43.6,133,Unhealthy for Sensitive,STN-727
2020-01-10 18:00:00,Beijing,39.903267448710466,116.40425514416131,Winter,22.5,64.7,5.1,89.73,76.1,14.2,87.6,168,Moderate,STN-232
2020-01-11 00:00:00,Delhi,28.694074424434028,77.1745494470574,Winter,23.0,,1.8,10.04,74.45,29.0,71.0,184,Good,STN-801
2020-01-11 06:00:00,Beijing,40.07067890569553,116.37752959365173,Winter,5.8,19.0,15.4,5.63,216.63,6.2,51.0,41,Good,STN-801
2020-01-11 12:00:00,Beijing,39.935367433780115,116.43265400580646,Winter,26.8,61.5,2.8,65.78,35.13,40.9,50.5,327,Hazardous,STN-869
2020-01-11 18:00:00,Tokyo,35.71890527448839,139.4863851406696,Winter,10.0,33.7,37.5,16.3,14.98,44.6,30.8,55,Unhealthy for Sensitive,STN-546
2020-01-12 00:00:00,Cairo,30.09254407723979,31.23134268213821,Winter,28.8,48.3,14.0,25.05,17.52,17.7,64.1,136,Unhealthy for Sensitive,STN-130
2020-01-12 06:00:00,Cairo,30.108468854015797,31.15129667696821,Winter,-3.6,36.2,17.7,23.55,13.35,16.9,27.9,310,Unhealthy for Sensitive,STN-205
2020-01-12 12:00:00,São Paulo,-23.62495135663259,-46.60865851979412,Winter,20.1,34.6,5.0,30.83,36.24,26.8,58.5,230,Unhealthy,STN-227
2020-01-12 18:00:00,New York,40.756259736336965,-74.08809669164961,Winter,27.8,,10.5,20.97,36.84,6.2,65.4,275,Hazardous,STN-408
2020-01-13 00:00:00,Beijing,39.83432097553755,116.41594723218103,Winter,11.8,61.4,5.8,16.78,62.2,20.5,26.2,161,Good,STN-495
2020-01-13 06:00:00,Cairo,30.143595125197578,31.189138993987246,Winter,23.3,44.7,15.4,35.93,31.31,15.4,36.5,312,Good,STN-839
2020-01-13 12:00:00,Cairo,30.03082777807279,31.229653525537845,Winter,27.6,86.3,7.4,5.49,21.06,16.8,64.4,128,Unhealthy,STN-716
2020-01-13 18:00:00,Cairo,30.05008138440239,31.304743827959687,Winter,2.2,49.3,15.1,98.73,29.91,20.7,21.3,227,Unhealthy,STN-601
2020-01-14 00:00:00,Beijing,39.80103452791239,116.37991620721117,Winter,41.9,100.0,24.5,39.54,85.22,10.3,44.9,266,Good,STN-488
2020-01-14 06:00:00,Sydney,-33.87930245002535,151.27891802280175,Winter,26.7,55.7,14.7,8.13,19.09,47.5,36.4,54,Moderate,STN-253
2020-01-14 12:00:00,Paris,48.88183648061004,2.3861926834745875,Winter,17.9,45.2,6.2,30.72,28.26,,33.0,82,Unhealthy for Sensitive,STN-500
2020-01-14 18:00:00,New York,40.67881476043514,-74.04879155294607,Winter,49.1,,17.3,35.23,55.45,25.6,25.5,300,Moderate,STN-210
2020-01-15 00:00:00,Delhi,28.63074010500425,77.11925551629034,Winter,17.9,64.2,3.7,33.76,86.98,40.6,11.8,287,Good,STN-935
2020-01-15 06:00:00,New York,40.705634483499374,-74.00851790509026,Winter,16.9,70.4,5.2,7.51,14.81,26.3,1.1,136,Moderate,STN-920
2020-01-15 12:00:00,Delhi,28.553180665102605,77.14887723383767,Winter,26.8,41.7,19.9,20.49,49.11,,22.3,37,Unhealthy,STN-219
2020-01-15 18:00:00,New York,40.62831742543216,-73.98962243462823,Winter,20.1,47.4,14.0,20.13,37.87,6.1,28.0,322,Moderate,STN-701
2020-01-16 00:00:00,Paris,48.939936057751126,2.4173371289247934,Winter,-17.0,45.2,19.3,13.38,109.49,50.0,29.3,51,Good,STN-484
2020-01-16 06:00:00,New York,40.679226029845786,-74.0059215525209,Winter,41.5,31.8,12.6,5.54,30.69,,5.3,209,Hazardous,STN-679
2020-01-16 12:00:00,Delhi,28.67489122461717,77.15163784753221,Winter,8.3,56.1,22.7,46.31,66.02,41.1,80.3,338,Unhealthy,STN-837
2020-01-16 18:00:00,São Paulo,-23.539877575481842,-46.668405199578615,Winter,21.2,68.4,16.6,58.74,96.69,22.0,31.5,91,Good,STN-759
2020-01-17 00:00:00,Sydney,-33.82165735401607,151.14554941725723,Winter,11.8,58.5,9.7,22.73,34.18,4.7,55.9,10,Unhealthy,STN-315
2020-01-17 06:00:00,São Paulo,-23.605919212776953,-46.62734059867237,Winter,14.5,75.2,15.6,,10.72,19.1,14.9,332,Unhealthy for Sensitive,STN-337
2020-01-17 12:00:00,Delhi,28.568092687791644,77.25736787301805,Winter,1.6,36.5,33.3,203.51,32.29,22.7,12.6,150,Hazardous,STN-102
2020-01-17 18:00:00,London,51.53741961646325,-0.19516874723815103,Winter,17.6,63.9,15.5,22.58,45.99,11.7,63.7,164,Hazardous,STN-866
2020-01-18 00:00:00,New York,40.73117225913036,-74.00726306634238,Winter,10.6,79.8,6.3,22.08,61.97,53.0,41.9,237,Moderate,STN-415
2020-01-18 06:00:00,London,51.55552359915418,-0.07214969904645374,Winter,-10.4,77.8,6.9,7.43,77.68,9.6,23.9,203,Good,STN-768
2020-01-18 12:00:00,London,51.55145478164941,-0.16665817869476826,Winter,0.5,47.3,10.5,45.13,353.68,3.0,3.3,27,Unhealthy for Sensitive,STN-910
2020-01-18 18:00:00,Sydney,-33.865538809124935,151.2697199227215,Winter,13.0,59.4,39.7,46.4,36.76,15.4,57.3,138,Hazardous,STN-944
2020-01-19 00:00:00,Cairo,30.01002680919184,31.204763668055712,Winter,29.8,71.6,3.1,19.69,16.64,36.0,38.7,82,Moderate,STN-612
2020-01-19 06:00:00,New York,40.66465422300486,-73.9262810620001,Winter,7.6,58.0,28.0,13.51,182.95,45.5,76.9,56,Unhealthy for Sensitive,STN-184
2020-01-19 12:00:00,Beijing,39.97549430659727,116.35340834991271,Winter,27.1,27.7,23.8,34.01,71.14,21.4,38.6,215,Good,STN-203
2020-01-19 18:00:00,São Paulo,-23.517197664916903,-46.65037731535929,Winter,-5.1,72.5,13.5,28.18,34.03,35.0,67.8,130,Good,STN-817
2020-01-20 00:00:00,São Paulo,-23.496344900712888,-46.57764638225002,Winter,44.5,78.6,15.1,17.42,11.87,34.5,48.5,273,Unhealthy for Sensitive,STN-139
2020-01-20 06:00:00,New York,40.667100726695296,-73.99419916244122,Winter,19.2,64.7,6.8,10.19,106.35,14.8,75.0,292,Moderate,STN-445
2020-01-20 12:00:00,Paris,48.815194556916346,2.368445330038138,Winter,3.1,37.0,24.3,38.87,47.49,14.5,32.6,45,Hazardous,STN-958
2020-01-20 18:00:00,Sydney,-33.85859503120364,151.2177522033237,Winter,23.5,,25.4,13.87,13.49,30.8,43.3,321,Good,STN-312
2020-01-21 00:00:00,New York,40.73966072845523,-73.99595415884605,Winter,21.4,48.2,1.2,51.8,36.29,26.7,13.3,298,Moderate,STN-191
2020-01-21 06:00:00,Beijing,39.92034542273754,116.45973074028261,Winter,6.8,,15.5,,69.01,24.3,47.3,13,Unhealthy for Sensitive,STN-105
2020-01-21 12:00:00,Paris,48.842556880813724,2.315011697900834,Winter,51.2,49.1,3.9,41.24,47.58,17.2,22.2,273,Moderate,STN-776
2020-01-21 18:00:00,Lagos,6.441381904302668,3.4222423905772454,Winter,38.3,68.8,21.6,13.95,117.78,8.2,45.9,179,Moderate,STN-127
2020-01-22 00:00:00,Tokyo,35.66876350081747,139.6560358047345,Winter,5.6,94.3,20.5,8.92,23.71,38.2,68.8,77,Unhealthy for Sensitive,STN-213
2020-01-22 06:00:00,Cairo,30.04138482348566,31.187294057813993,Winter,19.3,56.8,22.5,45.71,51.0,39.9,41.7,185,Hazardous,STN-422
2020-01-22 12:00:00,London,51.5322623450531,-0.17975061081547175,Winter,31.6,71.3,15.0,89.94,11.06,16.3,52.9,136,Unhealthy for Sensitive,STN-362
2020-01-22 18:00:00,Cairo,30.05728512369366,31.244443422817294,Winter,26.2,67.4,16.9,50.71,66.61,30.1,65.2,237,Unhealthy for Sensitive,STN-456
2020-01-23 00:00:00,New York,40.79291177219466,-73.94664014605318,Winter,41.7,77.7,15.7,11.61,118.73,25.4,31.5,72,Moderate,STN-439
2020-01-23 06:00:00,Lagos,6.527753623226456,3.3842815402404107,Winter,50.1,69.7,11.6,53.9,170.94,,23.3,100,Unhealthy,STN-540
2020-01-23 12:00:00,Tokyo,35.57459634461846,139.71438832602726,Winter,29.4,53.0,10.1,18.29,49.99,44.6,32.5,349,Good,STN-254
2020-01-23 18:00:00,Tokyo,35.65272823822537,139.64848061021658,Winter,11.2,44.2,7.4,75.03,50.92,38.2,23.6,95,Hazardous,STN-348
2020-01-24 00:00:00,Sydney,-33.89745992404213,151.20587657706142,Winter,18.2,51.5,9.6,21.54,28.6,40.6,52.5,157,Good,STN-698
2020-01-24 06:00:00,Tokyo,35.71030701493881,139.64150082832674,Winter,14.5,43.8,17.0,34.25,104.06,41.7,51.0,93,Unhealthy for Sensitive,STN-364
2020-01-24 12:00:00,Sydney,-33.82969404641823,151.18536053729932,Winter,28.8,68.0,5.2,18.16,28.76,46.1,5.1,326,Moderate,STN-650
2020-01-24 18:00:00,Cairo,30.0264372910084,31.210135789769225,Winter,39.1,86.0,12.5,12.27,17.88,35.8,50.3,278,Unhealthy for Sensitive,STN-632
2020-01-25 00:00:00,Delhi,28.69375228281141,77.18863462353227,Winter,14.3,71.4,10.6,26.67,32.53,4.8,27.7,44,Moderate,STN-532
2020-01-25 06:00:00,Sydney,-33.84384736322414,151.2434166041965,Winter,-1.4,36.6,11.1,,30.78,,45.1,157,Good,STN-536
2020-01-25 12:00:00,Paris,48.7994862887968,2.370496284934494,Winter,31.7,61.7,31.0,12.51,56.91,34.5,19.4,149,Moderate,STN-537
2020-01-25 18:00:00,Paris,48.826279613422024,2.3584826514651827,Winter,15.9,100.0,17.7,22.09,89.37,33.5,42.3,176,Moderate,STN-258
2020-01-26 00:00:00,São Paulo,-23.515853248277995,-46.525704461460315,Winter,5.9,54.3,18.8,17.85,175.93,31.1,62.4,339,Unhealthy for Sensitive,STN-425
2020-01-26 06:00:00,São Paulo,-23.58524785292951,-46.65150394059105,Winter,23.6,60.6,28.7,8.58,20.27,23.8,56.3,346,Unhealthy,STN-663
2020-01-26 12:00:00,Beijing,39.91425565123538,116.40828420760567,Winter,32.1,71.3,14.2,16.95,147.41,41.9,54.7,154,Unhealthy for Sensitive,STN-508
2020-01-26 18:00:00,Tokyo,35.72374537276978,139.6395332995038,Winter,21.9,65.2,20.1,11.47,100.17,9.4,38.6,231,Moderate,STN-877
2020-01-27 00:00:00,London,51.512739985359026,-0.1314249318607758,Winter,12.1,93.3,12.2,142.13,73.49,11.3,77.9,288,Moderate,STN-566
2020-01-27 06:00:00,Tokyo,35.71577021903116,139.5903729475081,Winter,54.0,34.8,19.9,7.33,20.03,27.4,28.6,217,Unhealthy for Sensitive,STN-455
2020-01-27 12:00:00,Lagos,6.51160201523679,3.3625310932500905,Winter,15.9,72.2,23.2,,103.85,20.5,70.4,197,Unhealthy,STN-629
2020-01-27 18:00:00,London,51.46124962285382,-0.04956622270111509,Winter,11.6,44.6,11.2,144.89,32.67,32.7,51.6,162,Good,STN-909
2020-01-28 00:00:00,Paris,48.87422502681441,2.3762101165183083,Winter,16.9,55.8,23.2,9.16,16.97,6.7,4.2,213,Good,STN-757
2020-01-28 06:00:00,Delhi,28.56525577986782,77.26930453101386,Winter,14.8,71.9,9.4,37.75,29.87,20.8,64.0,251,Hazardous,STN-775
2020-01-28 12:00:00,Tokyo,35.69468188924883,139.72412836075225,Winter,10.6,26.0,9.1,8.33,71.18,52.3,67.8,91,Good,STN-784
2020-01-28 18:00:00,Delhi,28.64903199501216,77.20388265392596,Winter,22.6,96.0,31.7,6.09,29.44,26.8,2.4,237,Moderate,STN-492
2020-01-29 00:00:00,Sydney,-33.88983021485633,151.21432481184587,Winter,15.4,62.6,3.7,14.62,25.24,13.2,16.3,152,Good,STN-619
2020-01-29 06:00:00,Delhi,28.612479204837825,77.34133922634678,Winter,23.3,70.8,9.9,74.2,58.81,47.2,21.6,159,Good,STN-524
2020-01-29 12:00:00,Tokyo,35.68291166700697,139.70423923929704,Winter,15.0,25.6,7.6,119.57,9.83,29.3,52.8,87,Unhealthy,STN-706
2020-01-29 18:00:00,São Paulo,-23.517990586686018,-46.65512214300012,Winter,29.8,61.0,21.3,59.19,24.46,15.8,12.6,158,Good,STN-520
2020-01-30 00:00:00,Lagos,6.65697181773856,3.3564555656770763,Winter,1.9,80.0,20.2,,120.99,20.9,65.6,228,Moderate,STN-513
2020-01-30 06:00:00,Tokyo,35.75011004772346,139.72073409097666,Winter,19.3,82.2,2.4,11.94,132.19,8.8,34.2,298,Unhealthy,STN-298
2020-01-30 12:00:00,Sydney,-33.890907176250565,151.1824972441962,Winter,18.0,60.1,7.3,36.49,60.32,3.1,68.3,327,Unhealthy for Sensitive,STN-596
2020-01-30 18:00:00,São Paulo,-23.520807208255874,-46.6536220065747,Winter,19.9,59.4,24.1,9.98,98.82,27.2,24.0,222,Unhealthy,STN-200
2020-01-31 00:00:00,Cairo,30.0299954747291,31.327260459276832,Winter,17.8,69.3,11.3,6.13,16.58,15.9,43.5,256,Unhealthy for Sensitive,STN-870
2020-01-31 06:00:00,Sydney,-33.8222551652843,151.2182806273281,Winter,17.4,70.4,6.2,75.22,75.96,24.4,60.9,22,Good,STN-351
2020-01-31 12:00:00,Paris,48.87035782815279,2.396959453049266,Winter,19.5,97.7,14.7,13.58,40.29,6.0,8.8,246,Good,STN-552
2020-01-31 18:00:00,São Paulo,-23.51038979422995,-46.67040723379908,Winter,16.0,56.2,24.7,24.67,18.3,21.5,17.6,22,Moderate,STN-570
2020-02-01 00:00:00,Tokyo,35.69497054123317,139.68125119440387,Winter,7.3,37.8,13.7,26.95,127.25,40.3,43.9,110,Moderate,STN-304
2020-02-01 06:00:00,Lagos,6.451879103051765,3.2876200880374595,Winter,4.6,86.7,17.1,,25.81,31.6,66.0,288,Good,STN-710
2020-02-01 12:00:00,Delhi,28.665618783162383,77.2767809441863,Winter,25.0,52.3,16.7,25.78,40.02,15.8,22.1,161,Good,STN-231
2020-02-01 18:00:00,Sydney,-33.95842665014204,151.2306615262899,Winter,7.8,88.8,12.2,62.31,39.17,41.9,45.1,308,Moderate,STN-652
2020-02-02 00:00:00,Sydney,-33.8250232008374,151.1907759260907,Winter,4.0,68.2,12.2,6.69,25.1,26.4,17.3,257,Moderate,STN-517
2020-02-02 06:00:00,Lagos,6.486466690679885,3.437410339783186,Winter,20.2,55.8,19.8,15.8,62.47,40.9,20.7,295,Moderate,STN-121
2020-02-02 12:00:00,New York,40.75715377412398,-73.93399143888253,Winter,8.8,45.6,8.3,22.52,22.31,29.2,72.0,196,Hazardous,STN-811
2020-02-02 18:00:00,Cairo,30.091058853233328,31.244151380687022,Winter,24.6,57.2,6.3,7.46,40.29,26.1,47.9,32,Unhealthy for Sensitive,STN-894
2020-02-03 00:00:00,Cairo,30.052498367497428,31.2712667387317,Winter,21.0,95.5,15.8,21.24,33.86,32.8,20.6,225,Moderate,STN-441
2020-02-03 06:00:00,São Paulo,-23.618645902788213,-46.6205151498885,Winter,0.9,,13.1,48.45,35.16,9.2,43.0,108,Unhealthy for Sensitive,STN-368
2020-02-03 12:00:00,Paris,48.90455524157939,2.3383314357441765,Winter,47.7,38.7,18.9,12.83,17.54,29.7,50.0,308,Unhealthy for Sensitive,STN-654
2020-02-03 18:00:00,Cairo,29.952101017493998,31.188745974209038,Winter,17.9,63.8,5.9,8.54,16.86,22.3,45.7,57,Good,STN-283
2020-02-04 00:00:00,Sydney,-33.925455079070325,151.1930526745761,Winter,23.0,97.9,26.8,58.24,56.4,0.1,42.6,134,Good,STN-828
2020-02-04 06:00:00,São Paulo,-23.546020177883523,-46.671211469621824,Winter,18.9,79.0,11.8,27.04,112.3,10.8,52.5,323,Moderate,STN-645
2020-02-04 12:00:00,Tokyo,35.678933988143065,139.6649922533576,Winter,10.4,56.3,14.1,36.82,36.4,29.6,15.5,59,Unhealthy,STN-312
2020-02-04 18:00:00,London,51.56750909651879,-0.11784971364500524,Winter,57.5,67.0,13.8,54.83,22.99,34.9,17.9,297,Unhealthy,STN-150
2020-02-05 00:00:00,Beijing,39.87589249170166,116.47459836506079,Winter,21.8,68.3,13.3,14.35,53.48,19.6,44.5,49,Good,STN-937
2020-02-05 06:00:00,Sydney,-33.870205981723764,151.19936183777688,Winter,-1.5,60.3,15.4,14.75,109.96,27.3,27.6,334,Unhealthy,STN-222
2020-02-05 12:00:00,New York,40.6979698854388,-74.0609693836654,Winter,31.1,29.6,26.3,7.18,44.45,32.0,65.7,225,Unhealthy,STN-445
2020-02-05 18:00:00,Beijing,39.94551304944811,116.45580161291907,Winter,23.8,32.8,4.9,15.74,22.05,42.4,41.8,270,Hazardous,STN-456
2020-02-06 00:00:00,Sydney,-33.93984041356897,151.24678020260828,Winter,6.2,100.0,9.6,17.5,30.86,20.7,40.1,57,Good,STN-403
2020-02-06 06:00:00,Cairo,30.066709563065366,31.209384787540053,Winter,19.1,42.3,19.6,31.94,35.93,42.7,37.3,305,Good,STN-344
2020-02-06 12:00:00,Delhi,28.616475480380643,77.18839243132707,Winter,1.7,63.1,10.7,,26.45,12.0,40.5,229,Moderate,STN-656
2020-02-06 18:00:00,Lagos,6.531150991768396,3.3524878253482266,Winter,28.5,56.4,21.8,67.79,242.31,42.0,47.4,280,Unhealthy,STN-731
2020-02-07 00:00:00,Paris,48.80543030229986,2.313010890633298,Winter,19.0,34.3,17.4,9.3,45.07,17.3,36.0,48,Good,STN-223
2020-02-07 06:00:00,São Paulo,-23.572355326517652,-46.66374406456239,Winter,30.9,79.0,14.7,16.68,28.07,4.0,34.1,296,Hazardous,STN-955
2020-02-07 12:00:00,Beijing,39.90251596442556,116.43108125455862,Winter,25.6,48.8,13.9,23.99,54.08,33.8,42.8,208,Moderate,STN-469
2020-02-07 18:00:00,London,51.540249748882054,-0.11100252988851728,Winter,4.0,37.3,3.9,18.6,67.15,36.8,30.0,195,Good,STN-717
2020-02-08 00:00:00,Beijing,39.94568414980988,116.4598372028047,Winter,14.2,84.3,25.9,17.57,57.03,4.0,32.4,296,Hazardous,STN-198
2020-02-08 06:00:00,Cairo,30.118234400746708,31.280351103349798,Winter,21.6,75.0,22.2,24.25,71.83,5.9,40.6,103,Unhealthy for Sensitive,STN-254
2020-02-08 12:00:00,Tokyo,35.552917501368285,139.62444439206007,Winter,17.2,32.7,11.9,15.38,38.34,25.5,40.7,308,Moderate,STN-531
2020-02-08 18:00:00,London,51.58700312076475,-0.08963015605785568,Winter,27.6,69.4,14.4,50.79,23.86,15.7,40.1,216,Moderate,STN-644
2020-02-09 00:00:00,São Paulo,-23.52150808105059,-46.64781589958997,Winter,6.7,41.6,27.2,25.54,19.47,42.2,55.2,130,Good,STN-227
2020-02-09 06:00:00,São Paulo,-23.604318157148068,-46.56930025035712,Winter,23.5,65.2,25.4,19.73,58.34,29.1,46.8,75,Good,STN-813
2020-02-09 12:00:00,Sydney,-33.87622190035307,151.28969841538975,Winter,6.4,52.7,19.8,50.53,103.93,16.2,11.5,210,Unhealthy,STN-147
2020-02-09 18:00:00,Delhi,28.6441873896947,77.17604072605809,Winter,15.8,69.0,12.6,39.56,94.95,25.8,23.2,240,Moderate,STN-827
2020-02-10 00:00:00,Beijing,40.04047560138679,116.47301313068974,Winter,37.4,71.9,2.3,8.42,61.99,41.3,19.1,263,Moderate,STN-779
2020-02-10 06:00:00,Beijing,39.93173112439716,116.30780975863046,Winter,-16.3,41.1,18.8,21.39,71.67,24.0,63.2,17,Good,STN-978
2020-02-10 12:00:00,São Paulo,-23.559041801547878,-46.63872277189201,Winter,9.5,61.0,34.1,7.39,31.19,24.2,19.8,255,Hazardous,STN-800
2020-02-10 18:00:00,Delhi,28.62809615566248,77.18311760455877,Winter,39.7,88.1,10.9,38.98,57.35,10.2,71.4,234,Good,STN-671
2020-02-11 00:00:00,Delhi,28.56665067649096,77.16833090881474,Winter,6.3,55.8,5.5,103.31,56.71,17.7,19.6,194,Good,STN-385
2020-02-11 06:00:00,Sydney,-33.81334165387619,151.26456386187556,Winter,34.9,63.3,13.4,8.57,90.03,20.4,74.7,146,Good,STN-600
2020-02-11 12:00:00,New York,40.813868920210226,-73.9635747737252,Winter,11.7,61.5,18.6,113.14,105.93,35.7,19.2,132,Hazardous,STN-565
2020-02-11 18:00:00,London,51.521802771785985,-0.017573985949580387,Winter,3.2,99.3,21.5,23.19,36.32,34.1,40.7,318,Moderate,STN-873
2020-02-12 00:00:00,Beijing,39.841634698393754,116.42509661898185,Winter,14.3,57.7,17.8,21.33,81.14,36.6,29.7,196,Good,STN-637
2020-02-12 06:00:00,Paris,48.83711928350948,2.3921512386529784,Winter,10.8,66.1,15.5,33.34,10.9,45.1,21.7,54,Moderate,STN-449
2020-02-12 12:00:00,Lagos,6.563747355189003,3.2693590309073737,Winter,13.7,83.2,23.8,34.54,140.43,5.5,35.8,197,Unhealthy,STN-983
2020-02-12 18:00:00,Cairo,29.985719124804028,31.241380609411614,Winter,30.1,91.8,4.5,35.66,24.94,33.8,23.5,312,Moderate,STN-444
2020-02-13 00:00:00,Delhi,28.64405187202468,77.15532163204298,Winter,19.9,67.7,14.4,10.34,26.41,60.6,65.9,87,Unhealthy,STN-328
2020-02-13 06:00:00,Paris,48.8108550697182,2.3587446704371122,Winter,28.7,64.3,4.6,31.31,22.25,27.4,33.3,34,Unhealthy for Sensitive,STN-323
2020-02-13 12:00:00,São Paulo,-23.49464550721136,-46.59172187619019,Winter,28.9,65.3,13.6,98.91,88.77,33.9,50.8,295,Unhealthy for Sensitive,STN-807
2020-02-13 18:00:00,New York,40.74004711077233,-74.05640904167757,Winter,46.8,88.7,22.4,21.28,80.57,19.9,35.8,41,Moderate,STN-917
2020-02-14 00:00:00,Tokyo,35.68359593702845,139.7393013604765,Winter,11.9,35.9,21.2,17.52,28.63,2.2,62.9,123,Good,STN-204
2020-02-14 06:00:00,Cairo,30.072438939516903,31.303164245245494,Winter,30.0,42.8,12.8,9.33,33.23,38.1,47.9,130,Good,STN-888
2020-02-14 12:00:00,Delhi,28.640047769608476,77.33062404945403,Winter,23.4,66.9,18.0,7.14,52.81,28.9,28.2,295,Moderate,STN-313
2020-02-14 18:00:00,Beijing,39.92809577105411,116.45001534352255,Winter,30.0,61.0,15.0,,44.08,26.8,70.3,273,Unhealthy,STN-146
2020-02-15 00:00:00,London,51.40714330105646,-0.14722864453837214,Winter,0.5,83.7,16.2,16.03,55.57,6.4,62.6,190,Moderate,STN-624
2020-02-15 06:00:00,Cairo,30.1028802918081,31.326640840946336,Winter,33.9,48.0,5.9,51.63,19.01,7.0,9.7,118,Good,STN-172
2020-02-15 12:00:00,Beijing,39.8782093497886,116.45850887201712,Winter,27.6,88.9,12.7,27.85,100.83,25.1,52.2,243,Unhealthy for Sensitive,STN-940
2020-02-15 18:00:00,Beijing,39.95782470315195,116.37139398633347,Winter,27.3,70.0,25.7,41.94,52.23,50.4,30.5,108,Unhealthy for Sensitive,STN-283
2020-02-16 00:00:00,São Paulo,-23.605328303521965,-46.5771176978058,Winter,14.4,69.6,23.0,5.33,20.76,37.7,54.2,14,Moderate,STN-618
2020-02-16 06:00:00,Lagos,6.622599052833035,3.3754521267869584,Winter,6.3,48.4,14.7,40.96,37.88,29.5,36.9,322,Moderate,STN-568
2020-02-16 12:00:00,London,51.494937731996416,-0.21396406686637087,Winter,18.3,56.2,16.5,27.63,91.23,23.7,32.8,83,Good,STN-462
2020-02-16 18:00:00,Beijing,39.885605682777296,116.38650097970208,Winter,3.6,70.3,10.1,84.01,58.06,21.4,30.2,240,Unhealthy for Sensitive,STN-274
2020-02-17 00:00:00,Sydney,-33.859646364566935,151.04376119744822,Winter,30.5,56.6,16.2,14.21,16.93,33.4,50.0,243,Moderate,STN-188
2020-02-17 06:00:00,Sydney,-33.88744164727597,151.22326538193875,Winter,30.5,70.8,25.6,12.32,58.89,19.4,74.5,205,Unhealthy for Sensitive,STN-945
2020-02-17 12:00:00,Beijing,39.95586752149381,116.409285434887,Winter,13.8,29.5,20.1,22.5,6.33,31.8,39.0,21,Moderate,STN-982
2020-02-17 18:00:00,São Paulo,-23.60845276844134,-46.6598169114369,Winter,-13.7,66.2,18.3,17.31,90.43,,66.7,230,Unhealthy,STN-598
2020-02-18 00:00:00,Beijing,39.954856895427746,116.46470813059848,Winter,18.2,81.7,11.1,92.45,160.45,,24.5,141,Good,STN-363
2020-02-18 06:00:00,Lagos,6.581659478166715,3.333923584915105,Winter,-18.7,75.5,10.5,32.74,17.32,65.3,45.6,172,Hazardous,STN-582
2020-02-18 12:00:00,Paris,48.8615371636076,2.413826141071386,Winter,8.8,80.1,8.8,17.26,39.05,8.3,32.0,100,Unhealthy,STN-548
2020-02-18 18:00:00,Sydney,-33.79115139519527,151.2619502055774,Winter,12.7,80.5,14.7,31.16,29.1,,28.9,25,Unhealthy for Sensitive,STN-615
2020-02-19 00:00:00,Delhi,28.648602270379815,77.06572711683741,Winter,13.9,79.1,24.9,16.01,56.92,31.9,62.4,320,Moderate,STN-377
2020-02-19 06:00:00,Paris,48.87516089359404,2.325683984039144,Winter,10.7,49.7,19.8,7.53,41.44,41.5,7.7,318,Moderate,STN-603
2020-02-19 12:00:00,Beijing,39.88819629453289,116.38154114195359,Winter,34.5,81.8,7.6,16.9,137.3,,53.7,189,Good,STN-416
2020-02-19 18:00:00,Cairo,30.016277011828336,31.207127423627004,Winter,21.4,66.3,14.2,38.01,61.47,31.6,40.9,223,Good,STN-988
2020-02-20 00:00:00,London,51.5409925408864,-0.16329644988443517,Winter,8.5,62.8,9.4,28.22,11.81,7.4,62.2,64,Unhealthy for Sensitive,STN-750
2020-02-20 06:00:00,Beijing,39.91177183997743,116.37400458277548,Winter,21.6,70.6,10.7,77.89,47.61,23.9,50.9,341,Unhealthy,STN-676
2020-02-20 12:00:00,New York,40.695929547068154,-73.95739905713907,Winter,3.5,46.5,24.9,,71.15,38.4,69.9,92,Unhealthy for Sensitive,STN-562
2020-02-20 18:00:00,São Paulo,-23.602110098473865,-46.65546062141604,Winter,21.4,77.0,21.9,43.21,382.89,15.5,40.4,144,Moderate,STN-158
2020-02-21 00:00:00,Lagos,6.551407965007145,3.3543295277151004,Winter,24.5,70.6,24.8,8.12,60.22,6.4,22.5,36,Moderate,STN-434
2020-02-21 06:00:00,New York,40.62059965209459,-74.05712542794603,Winter,9.1,48.1,14.3,29.56,81.46,33.0,74.8,231,Unhealthy for Sensitive,STN-691
2020-02-21 12:00:00,Cairo,29.98437374039394,31.18564698156124,Winter,-4.4,48.4,27.2,14.34,40.2,4.7,46.1,174,Good,STN-736
2020-02-21 18:00:00,Delhi,28.659784277021828,77.21708846276357,Winter,6.5,62.6,3.4,84.02,34.78,14.1,36.4,295,Unhealthy for Sensitive,STN-412
2020-02-22 00:00:00,Beijing,40.01917273032647,116.38113530478549,Winter,0.1,72.4,24.2,45.66,54.06,56.2,45.0,85,Good,STN-129
2020-02-22 06:00:00,Delhi,28.60564840492257,77.24680957705392,Winter,29.9,69.4,14.4,21.52,18.16,40.7,27.4,128,Moderate,STN-997
2020-02-22 12:00:00,Paris,48.74608365367091,2.3595589331932607,Winter,24.0,68.9,18.5,30.04,57.65,4.7,22.0,119,Unhealthy,STN-311
2020-02-22 18:00:00,Tokyo,35.66329146626182,139.59292943166352,Winter,23.3,48.4,7.7,32.4,99.19,49.8,68.7,56,Moderate,STN-219
2020-02-23 00:00:00,Delhi,28.6421239382263,77.17297845341109,Winter,39.4,51.3,19.1,144.94,17.98,44.5,44.5,189,Unhealthy,STN-421
2020-02-23 06:00:00,Beijing,39.873580710758795,116.36878122276758,Winter,4.9,61.4,22.2,12.86,82.9,11.3,41.4,300,Unhealthy,STN-265
2020-02-23 12:00:00,Delhi,28.586539437220857,77.19888019083537,Winter,23.5,10.0,11.7,15.48,20.91,24.5,90.2,153,Unhealthy,STN-782
2020-02-23 18:00:00,Beijing,39.897216511140385,116.38859256010159,Winter,19.5,65.6,12.9,2.56,13.29,39.4,56.0,22,Moderate,STN-499
2020-02-24 00:00:00,Delhi,28.55784542063565,77.18663477116205,Winter,11.3,96.6,3.6,141.67,73.28,28.9,58.1,235,Unhealthy for Sensitive,STN-409
2020-02-24 06:00:00,Lagos,6.505154626117682,3.4758067136821813,Winter,21.7,49.1,16.1,2.28,47.44,35.9,14.1,41,Good,STN-535
2020-02-24 12:00:00,Paris,48.826059249985406,2.4208101281983008,Winter,41.3,67.6,9.1,61.86,63.47,54.5,18.3,86,Unhealthy for Sensitive,STN-405
2020-02-24 18:00:00,Delhi,28.691627027868105,77.19645709586082,Winter,-0.3,23.6,21.2,15.26,42.51,13.2,40.9,114,Hazardous,STN-175
2020-02-25 00:00:00,Tokyo,35.587213216457876,139.7480391132761,Winter,28.2,70.8,20.5,57.52,21.18,28.0,3.6,338,Unhealthy,STN-738
2020-02-25 06:00:00,Lagos,6.5094629751731325,3.3928478974311864,Winter,26.4,25.8,16.3,28.33,36.46,8.0,49.6,267,Unhealthy for Sensitive,STN-782
2020-02-25 12:00:00,Sydney,-33.841774824007075,151.1548383743167,Winter,-2.9,52.2,13.6,25.7,45.59,44.4,52.8,285,Moderate,STN-657
2020-02-25 18:00:00,London,51.62844058256692,-0.19366727109835458,Winter,22.2,79.6,28.0,35.98,66.0,,48.1,342,Unhealthy,STN-106
2020-02-26 00:00:00,Paris,48.74533456435335,2.2917820393707857,Winter,7.4,78.4,16.7,75.16,50.91,2.5,54.3,124,Moderate,STN-438
2020-02-26 06:00:00,Cairo,30.114450750510297,31.189441793989566,Winter,32.0,22.1,28.3,59.2,39.05,36.3,30.5,160,Moderate,STN-323
2020-02-26 12:00:00,Paris,48.775678795715116,2.336547300700028,Winter,1.6,53.0,15.8,27.82,17.26,8.6,57.9,257,Moderate,STN-819
2020-02-26 18:00:00,Delhi,28.570920925470947,77.17336275009995,Winter,13.3,60.8,17.6,15.99,65.88,28.8,57.3,288,Unhealthy for Sensitive,STN-186
2020-02-27 00:00:00,London,51.51616150319126,-0.07614373340721572,Winter,28.4,83.7,7.9,22.41,44.28,26.3,6.7,32,Moderate,STN-376
2020-02-27 06:00:00,Lagos,6.564157004090736,3.308906064918411,Winter,5.4,66.4,6.9,11.61,56.25,17.8,64.6,52,Unhealthy for Sensitive,STN-557
2020-02-27 12:00:00,Sydney,-33.88478369198404,151.24075484785533,Winter,-3.0,72.2,1.5,5.01,55.7,27.6,57.0,49,Moderate,STN-662
2020-02-27 18:00:00,London,51.57821366404929,-0.16432506940604152,Winter,35.1,49.3,26.1,38.19,28.81,23.2,57.9,318,Moderate,STN-925
2020-02-28 00:00:00,São Paulo,-23.60140816953969,-46.63334984472402,Winter,36.3,44.1,5.4,33.21,74.75,35.8,33.9,76,Unhealthy,STN-232
2020-02-28 06:00:00,Tokyo,35.65808538882153,139.62530341796963,Winter,25.9,55.2,1.7,42.99,46.63,38.5,60.7,150,Unhealthy,STN-266
2020-02-28 12:00:00,London,51.658575272096854,-0.07441327033946424,Winter,17.5,85.7,17.1,39.22,36.27,,62.9,307,Unhealthy,STN-386
2020-02-28 18:00:00,Sydney,-33.921634185530515,151.1669842057282,Winter,18.1,95.9,10.8,46.87,38.51,29.2,20.5,266,Moderate,STN-732
2020-02-29 00:00:00,Cairo,30.00850385736864,31.17176282887655,Winter,6.6,70.3,6.5,12.17,53.59,40.4,62.7,256,Hazardous,STN-695
2020-02-29 06:00:00,Cairo,30.00575769280689,31.274814492179786,Winter,18.3,65.7,0.4,30.07,22.65,21.6,33.5,346,Hazardous,STN-505
2020-02-29 12:00:00,Sydney,-33.81671547501986,151.2363296542021,Winter,25.0,52.6,8.9,30.54,86.03,,29.7,15,Good,STN-820
2020-02-29 18:00:00,Sydney,-33.88590965639759,151.24738218379105,Winter,3.2,89.0,5.8,15.8,88.47,20.3,35.9,95,Unhealthy for Sensitive,STN-600
2020-03-01 00:00:00,Tokyo,35.70556488620646,139.5961750856984,Winter,24.4,43.3,17.6,18.96,75.2,21.9,14.4,299,Unhealthy for Sensitive,STN-435
2020-03-01 06:00:00,Beijing,39.935988820570145,116.40801488040923,Winter,-1.5,59.6,19.1,20.83,35.16,35.1,44.0,245,Moderate,STN-876
2020-03-01 12:00:00,Tokyo,35.72689677868553,139.6276298330847,Winter,34.6,66.9,16.5,17.71,69.77,24.6,29.9,99,Unhealthy for Sensitive,STN-538
2020-03-01 18:00:00,Paris,48.86052747813551,2.2985426859395894,Winter,21.2,25.8,10.8,36.81,49.87,55.7,56.8,277,Moderate,STN-258
2020-03-02 00:00:00,Tokyo,35.751594264935015,139.7135936511518,Winter,30.8,83.1,7.3,,77.95,38.3,65.6,164,Good,STN-466
2020-03-02 06:00:00,London,51.49565767380928,-0.1867157717814295,Winter,15.0,82.5,20.9,18.7,21.13,33.1,55.9,109,Unhealthy for Sensitive,STN-535
2020-03-02 12:00:00,Tokyo,35.685398710715255,139.7135734637632,Winter,28.1,42.7,2.6,13.0,34.29,23.5,70.8,311,Unhealthy for Sensitive,STN-736
2020-03-02 18:00:00,Lagos,6.523852240943789,3.274277720887219,Winter,-8.6,47.9,17.0,22.9,23.95,36.7,18.2,214,Good,STN-772
2020-03-03 00:00:00,Cairo,30.015762589077756,31.233366156342004,Winter,36.8,80.6,4.7,54.14,40.45,44.1,41.1,227,Good,STN-172
2020-03-03 06:00:00,Beijing,39.94609090560752,116.40198019170369,Winter,-11.2,38.8,13.9,38.51,70.85,30.0,15.2,159,Unhealthy,STN-592
2020-03-03 12:00:00,Sydney,-33.89001227817204,151.24781341548962,Winter,22.7,50.9,6.1,13.15,26.29,24.4,32.3,199,Unhealthy for Sensitive,STN-583
2020-03-03 18:00:00,Lagos,6.5316714157251115,3.4245354886852355,Winter,11.6,86.8,8.5,21.74,21.83,27.4,49.4,219,Unhealthy for Sensitive,STN-461
2020-03-04 00:00:00,São Paulo,-23.57765930729234,-46.61551740172773,Winter,16.1,100.0,23.9,13.45,102.22,36.8,55.0,274,Hazardous,STN-901
2020-03-04 06:00:00,Cairo,30.09352472982281,31.251123205176697,Winter,4.5,66.5,13.9,22.45,53.29,1.8,72.8,345,Good,STN-100
2020-03-04 12:00:00,Cairo,30.055441485908325,31.196647645450238,Winter,3.1,27.4,24.2,17.3,75.98,34.8,16.4,277,Moderate,STN-670
2020-03-04 18:00:00,Tokyo,35.60753424565629,139.6111511372744,Winter,25.3,75.2,19.4,15.56,46.94,6.4,53.6,107,Moderate,STN-926
2020-03-05 00:00:00,London,51.4360958768186,-0.14409145893244504,Winter,29.3,41.4,11.6,17.16,57.9,13.4,45.0,118,Moderate,STN-779
2020-03-05 06:00:00,Sydney,-33.78266081284753,151.2309020245119,Winter,12.9,,19.4,122.53,30.99,3.6,25.9,213,Good,STN-536
2020-03-05 12:00:00,Tokyo,35.73588144295351,139.66237131390704,Winter,30.2,68.7,6.7,46.21,18.82,29.1,29.0,203,Unhealthy for Sensitive,STN-288
2020-03-05 18:00:00,Delhi,28.62722935252183,77.23670363735552,Winter,-2.2,34.7,21.3,39.45,36.22,20.4,58.1,53,Good,STN-357
2020-03-06 00:00:00,São Paulo,-23.524042893545253,-46.5797408245655,Winter,9.9,36.1,7.2,10.8,19.31,58.4,26.9,292,Moderate,STN-395
2020-03-06 06:00:00,New York,40.61953101879241,-74.01767289694243,Winter,36.3,65.3,8.4,44.03,33.3,42.2,14.7,76,Moderate,STN-407
2020-03-06 12:00:00,Paris,48.76359984408063,2.344662271977706,Winter,27.2,57.9,22.7,64.0,50.81,,40.1,83,Unhealthy,STN-316
2020-03-06 18:00:00,Beijing,39.93165537570843,116.40333672085073,Winter,4.5,25.1,14.8,21.38,12.71,1.5,38.8,67,Unhealthy,STN-495
2020-03-07 00:00:00,New York,40.62384917778816,-74.11826679010892,Winter,29.3,62.0,2.5,27.05,11.81,42.0,99.0,14,Good,STN-912
2020-03-07 06:00:00,Sydney,-33.873212357855955,151.25189851468718,Winter,16.1,53.5,13.7,17.0,44.73,41.9,49.3,279,Unhealthy,STN-574
2020-03-07 12:00:00,Tokyo,35.59562590879194,139.6230538516474,Winter,23.6,58.5,17.9,19.41,75.79,30.7,47.0,110,Unhealthy for Sensitive,STN-397
2020-03-07 18:00:00,Paris,48.824028000826594,2.4380920742618066,Winter,10.2,53.3,11.3,,30.72,31.7,65.7,283,Unhealthy,STN-492
2020-03-08 00:00:00,Beijing,39.9577434919458,116.39605334987141,Winter,20.9,11.0,18.8,90.74,61.16,25.3,13.5,235,Hazardous,STN-240
2020-03-08 06:00:00,Paris,48.81831588557513,2.327758258328681,Winter,-11.2,72.3,33.8,59.29,18.69,24.2,16.8,330,Good,STN-524
2020-03-08 12:00:00,Delhi,28.621804700836414,77.10305153924834,Winter,6.0,64.2,18.1,11.78,53.42,50.3,31.3,348,Unhealthy,STN-864
2020-03-08 18:00:00,Sydney,-33.79685827062916,151.3304502253993,Winter,25.9,64.6,22.8,19.14,62.33,42.7,55.5,80,Moderate,STN-212
2020-03-09 00:00:00,London,51.54147218663081,-0.07822049947932429,Winter,14.6,97.3,9.7,44.16,18.46,20.0,25.7,44,Good,STN-215
2020-03-09 06:00:00,Paris,48.83609717209809,2.424327509006165,Winter,12.3,55.9,17.3,4.91,9.58,22.2,29.3,206,Good,STN-893
2020-03-09 12:00:00,Lagos,6.489222579843396,3.449081555576254,Winter,-1.8,77.7,24.2,13.01,203.55,18.3,65.6,265,Good,STN-753
2020-03-09 18:00:00,Cairo,29.994498461568984,31.20830146302822,Winter,9.2,62.6,16.4,14.72,63.23,20.3,35.7,253,Unhealthy for Sensitive,STN-983
2020-03-10 00:00:00,Sydney,-33.97843489624456,151.2144617202165,Winter,26.5,69.9,0.4,11.99,29.12,51.7,46.2,29,Unhealthy for Sensitive,STN-756
2020-03-10 06:00:00,Cairo,30.10240252540153,31.198289021160402,Winter,6.5,69.6,20.6,4.35,63.86,21.6,24.0,125,Unhealthy for Sensitive,STN-173
2020-03-10 12:00:00,Sydney,-33.86360731105506,151.2090687762915,Winter,22.5,45.9,18.2,26.71,25.55,15.8,29.1,217,Unhealthy for Sensitive,STN-505
2020-03-10 18:00:00,New York,40.71342080103413,-73.92018690475436,Winter,20.9,86.7,17.2,10.8,68.95,26.5,22.6,122,Moderate,STN-113
2020-03-11 00:00:00,Cairo,29.9386000549126,31.25058630739831,Winter,30.4,63.4,15.1,45.66,31.1,36.3,37.7,159,Moderate,STN-469
2020-03-11 06:00:00,Tokyo,35.56748907043081,139.65863537877115,Winter,6.5,65.3,8.5,19.68,16.97,28.2,33.8,66,Unhealthy,STN-971
2020-03-11 12:00:00,London,51.5186464408279,-0.16303469706045903,Winter,13.3,64.0,3.2,19.45,74.54,24.0,39.3,65,Unhealthy for Sensitive,STN-747
2020-03-11 18:00:00,New York,40.75125878015863,-73.95996192940781,Winter,11.7,57.0,21.5,21.27,23.83,15.8,43.7,152,Unhealthy for Sensitive,STN-347
2020-03-12 00:00:00,Delhi,28.663166844961513,77.20062715021925,Winter,7.5,75.9,7.8,50.89,10.74,9.1,43.9,129,Unhealthy,STN-257
2020-03-12 06:00:00,Delhi,28.589993124499028,77.25714076375174,Winter,24.7,42.2,30.9,17.19,46.94,38.3,41.1,27,Unhealthy for Sensitive,STN-939
2020-03-12 12:00:00,Lagos,6.55607332775576,3.3975160060046914,Winter,16.2,90.7,15.2,59.35,153.43,39.6,55.4,69,Good,STN-487
2020-03-12 18:00:00,Paris,48.89501701584498,2.3989390144268055,Winter,38.2,84.2,19.1,64.56,36.42,42.7,34.4,261,Unhealthy for Sensitive,STN-709
2020-03-13 00:00:00,London,51.46505310375151,-0.04666011128895613,Winter,19.3,78.0,21.7,54.58,165.38,33.8,40.9,305,Moderate,STN-800
2020-03-13 06:00:00,Delhi,28.586384904855553,77.14098038873856,Winter,39.0,57.1,23.6,5.01,32.31,29.8,24.7,162,Unhealthy,STN-482
2020-03-13 12:00:00,Cairo,30.011207247948782,31.174036630095273,Winter,24.7,44.4,14.8,137.49,61.46,21.2,29.7,289,Unhealthy for Sensitive,STN-300
2020-03-13 18:00:00,Beijing,39.90798310529181,116.41982658279119,Winter,16.6,40.4,14.7,85.58,17.29,26.7,44.3,143,Moderate,STN-880
2020-03-14 00:00:00,Lagos,6.4805468089609315,3.3518412879298523,Winter,27.3,61.7,16.0,36.82,51.57,35.5,17.0,213,Good,STN-237
2020-03-14 06:00:00,Lagos,6.6228505590220905,3.3818836238948236,Winter,25.1,85.4,18.3,43.37,123.45,19.4,51.5,111,Good,STN-750
2020-03-14 12:00:00,Delhi,28.663755833912674,77.20216798373212,Winter,9.9,92.1,7.6,35.82,10.28,17.8,36.6,86,Good,STN-513
2020-03-14 18:00:00,London,51.566311029510594,-0.12525818282579562,Winter,18.0,55.8,3.7,6.61,59.6,30.5,35.7,67,Good,STN-214
2020-03-15 00:00:00,New York,40.67747535009377,-73.97437712288318,Winter,39.0,50.2,10.1,20.35,30.59,26.1,33.9,53,Unhealthy for Sensitive,STN-588
2020-03-15 06:00:00,Beijing,39.885923387665585,116.45074450386032,Winter,41.1,30.2,9.0,39.23,33.66,50.1,39.4,289,Moderate,STN-669
2020-03-15 12:00:00,Delhi,28.646652364973722,77.1247279458914,Winter,22.5,50.1,19.4,49.43,33.82,47.5,87.2,194,Hazardous,STN-669
2020-03-15 18:00:00,Delhi,28.497228481171092,77.21104083246824,Winter,27.9,55.5,18.4,210.44,58.2,29.6,9.8,222,Moderate,STN-428
2020-03-16 00:00:00,Sydney,-33.788948713664816,151.22023049828306,Winter,18.5,86.3,17.2,15.32,60.22,6.6,57.3,39,Good,STN-387
2020-03-16 06:00:00,Sydney,-33.87293782039025,151.2178600213794,Winter,37.5,53.7,13.6,19.12,17.2,22.3,67.9,54,Unhealthy for Sensitive,STN-777
2020-03-16 12:00:00,Tokyo,35.648026512394054,139.65029381449654,Winter,22.0,80.5,16.4,45.77,17.9,38.8,8.7,27,Unhealthy,STN-183
2020-03-16 18:00:00,Beijing,39.96958554737475,116.47795416865499,Winter,39.8,71.6,24.5,65.82,109.99,70.9,36.3,24,Unhealthy,STN-868
2020-03-17 00:00:00,São Paulo,-23.529845497737266,-46.6456408528778,Winter,30.4,55.4,1.2,14.93,61.44,0.7,42.1,241,Unhealthy,STN-397
2020-03-17 06:00:00,New York,40.744023339394865,-73.97779952981583,Winter,14.1,88.1,27.4,11.71,18.91,27.9,74.7,42,Good,STN-301
2020-03-17 12:00:00,London,51.47778420547542,-0.136616036520025,Winter,-0.6,77.0,4.2,23.88,35.06,23.3,48.4,42,Unhealthy for Sensitive,STN-301
2020-03-17 18:00:00,Paris,48.8435307595281,2.3844135964065614,Winter,46.4,86.2,22.3,55.26,16.55,41.3,42.1,333,Good,STN-492
2020-03-18 00:00:00,London,51.579150731559245,-0.13328069692853892,Winter,29.5,34.7,24.8,22.52,54.59,27.3,54.4,273,Moderate,STN-666
2020-03-18 06:00:00,Lagos,6.444529801641097,3.268853179276134,Winter,25.4,76.8,19.7,22.7,38.57,43.0,45.9,149,Moderate,STN-260
2020-03-18 12:00:00,Paris,48.882257637959505,2.3135308093993534,Winter,26.6,84.4,6.8,25.88,106.65,16.5,39.7,155,Unhealthy,STN-986
2020-03-18 18:00:00,São Paulo,-23.58008372969418,-46.64719155392615,Winter,35.8,42.0,19.4,,107.05,13.3,19.9,105,Good,STN-947
2020-03-19 00:00:00,Beijing,39.93619708651875,116.38387964206292,Winter,12.5,69.3,18.4,9.85,49.34,52.9,76.2,123,Good,STN-169
2020-03-19 06:00:00,Beijing,39.970734565655995,116.35520391825531,Winter,29.9,88.2,8.4,21.6,38.64,5.2,62.3,204,Hazardous,STN-512
2020-03-19 12:00:00,London,51.4959620786908,-0.18563350171508664,Winter,23.1,,6.5,10.47,348.36,34.1,33.8,340,Unhealthy for Sensitive,STN-126
2020-03-19 18:00:00,Tokyo,35.69160483660332,139.67193541736702,Winter,12.6,43.6,25.3,,23.42,5.9,2.0,82,Unhealthy for Sensitive,STN-212
2020-03-20 00:00:00,New York,40.68331035166885,-73.97926048108633,Winter,-2.0,54.6,17.7,3.73,29.37,27.7,13.5,258,Hazardous,STN-128
2020-03-20 06:00:00,São Paulo,-23.569304481349867,-46.60880615624972,Winter,23.8,48.4,20.0,20.21,289.0,32.1,74.6,265,Moderate,STN-248
2020-03-20 12:00:00,Sydney,-33.96722524120821,151.24533732714235,Winter,15.0,29.5,10.0,21.94,32.45,26.8,50.4,296,Unhealthy for Sensitive,STN-187
2020-03-20 18:00:00,Paris,48.870238485389365,2.3589365060561223,Winter,26.2,59.3,18.0,34.09,75.39,26.3,13.6,64,Hazardous,STN-108
2020-03-21 00:00:00,Tokyo,35.63118969247522,139.66785453126587,Winter,21.0,66.0,14.3,43.24,11.04,60.5,38.6,283,Unhealthy for Sensitive,STN-464
2020-03-21 06:00:00,São Paulo,-23.636136250150845,-46.573181664931525,Winter,16.8,63.6,10.7,210.38,59.1,50.4,74.0,54,Unhealthy,STN-976
2020-03-21 12:00:00,São Paulo,-23.581944775265647,-46.56655142077634,Winter,13.1,45.8,8.0,14.29,83.27,32.0,54.4,305,Good,STN-860
2020-03-21 18:00:00,São Paulo,-23.546239735006385,-46.655954178355564,Winter,24.9,19.5,15.2,57.67,27.06,24.9,53.6,99,Moderate,STN-283
2020-03-22 00:00:00,Paris,48.91391044349296,2.421087176692848,Winter,30.2,42.7,5.1,39.08,105.44,39.2,36.7,346,Unhealthy,STN-473
2020-03-22 06:00:00,Lagos,6.429057217607069,3.429148740737658,Winter,27.8,75.8,14.0,21.82,134.87,34.2,36.9,27,Unhealthy,STN-247
2020-03-22 12:00:00,London,51.464045479911114,-0.11251573966566265,Winter,2.9,82.4,22.8,17.24,43.19,10.0,58.3,197,Unhealthy for Sensitive,STN-438
2020-03-22 18:00:00,Paris,48.9714782428798,2.415485921631433,Winter,11.5,58.0,4.1,23.13,84.22,,27.0,141,Moderate,STN-748
2020-03-23 00:00:00,Tokyo,35.6181718155819,139.69633073863264,Winter,6.5,59.0,17.5,25.31,25.47,,48.3,190,Unhealthy,STN-198
2020-03-23 06:00:00,Sydney,-33.78660187794931,151.18252914466302,Winter,14.9,44.1,15.6,21.72,18.23,39.8,50.5,38,Unhealthy for Sensitive,STN-554
2020-03-23 12:00:00,New York,40.56340699142371,-74.0044445995267,Winter,25.5,64.9,22.8,74.46,89.66,36.9,69.9,279,Good,STN-668
2020-03-23 18:00:00,Sydney,-33.87702295649534,151.2743736289096,Winter,18.3,46.1,23.9,8.45,107.91,19.9,34.1,144,Unhealthy,STN-297
2020-03-24 00:00:00,London,51.527913305288465,-0.05342752466485755,Winter,20.8,73.4,18.4,84.09,51.98,1.4,24.3,237,Moderate,STN-786
2020-03-24 06:00:00,Tokyo,35.642684692250896,139.6210758464043,Winter,29.2,100.0,11.0,205.92,125.59,28.6,37.1,20,Good,STN-575
2020-03-24 12:00:00,Paris,48.85614249459245,2.3964856799415784,Winter,30.9,43.9,6.2,15.61,15.6,,29.6,45,Moderate,STN-914
2020-03-24 18:00:00,New York,40.700996675154,-73.99153827028525,Winter,39.5,100.0,10.1,,89.04,2.4,26.2,13,Moderate,STN-824
2020-03-25 00:00:00,London,51.53132571272594,-0.20844550315629665,Winter,7.0,64.7,20.1,15.72,25.49,24.3,43.6,202,Good,STN-585
2020-03-25 06:00:00,Sydney,-33.84113143151061,151.09414989860923,Winter,26.6,51.4,18.3,63.28,48.54,36.9,41.5,230,Moderate,STN-428
2020-03-25 12:00:00,São Paulo,-23.534191203551273,-46.663479103269005,Winter,10.3,73.5,17.2,21.82,45.43,4.9,51.2,261,Unhealthy,STN-584
2020-03-25 18:00:00,Cairo,29.94313848691694,31.210671335911922,Winter,13.6,71.4,8.8,54.95,101.68,29.5,21.5,120,Good,STN-145
2020-03-26 00:00:00,Sydney,-33.88222053315373,151.21419308254806,Winter,4.2,60.6,20.7,50.64,22.47,33.5,62.7,264,Good,STN-942
2020-03-26 06:00:00,Lagos,6.553363925447024,3.5097244586562426,Winter,16.9,35.7,4.0,43.21,23.17,1.8,58.8,50,Unhealthy,STN-709
2020-03-26 12:00:00,Sydney,-33.83412697381852,151.26074809233188,Winter,40.6,66.6,13.4,76.74,67.39,0.2,9.7,333,Unhealthy for Sensitive,STN-539
2020-03-26 18:00:00,London,51.51385367117009,-0.2032036467694272,Winter,8.7,88.3,15.5,,39.96,12.2,26.2,287,Unhealthy for Sensitive,STN-893
2020-03-27 00:00:00,Beijing,39.909935607340884,116.4646559154084,Winter,29.6,85.5,33.8,23.91,30.54,47.1,54.8,346,Good,STN-594
2020-03-27 06:00:00,São Paulo,-23.53605229925666,-46.666201900989236,Winter,16.8,54.1,8.0,21.09,62.72,17.1,27.5,166,Good,STN-322
2020-03-27 12:00:00,New York,40.68849185118224,-73.95839671419968,Winter,14.7,54.6,11.5,16.47,35.01,50.8,44.7,174,Good,STN-863
2020-03-27 18:00:00,London,51.51582035764261,-0.20486085219230188,Winter,5.8,98.1,16.0,32.43,46.47,18.4,20.0,230,Moderate,STN-976
2020-03-28 00:00:00,London,51.403648072781394,-0.10931048710975379,Winter,37.0,15.6,18.5,32.57,31.45,20.0,35.7,260,Hazardous,STN-858
2020-03-28 06:00:00,Paris,48.85026891939541,2.3080624315631013,Winter,44.5,42.6,25.9,13.19,21.73,27.1,31.9,14,Good,STN-932
2020-03-28 12:00:00,New York,40.719317055659474,-74.00981729114474,Winter,22.4,64.3,7.5,15.85,38.99,36.6,40.6,95,Moderate,STN-678
2020-03-28 18:00:00,Paris,48.83467745408806,2.41605241455042,Winter,9.8,51.2,2.3,13.74,20.59,50.1,49.6,23,Unhealthy,STN-467
2020-03-29 00:00:00,Lagos,6.527693877737852,3.397573211836725,Winter,11.2,64.0,24.9,99.45,66.03,39.8,29.6,63,Unhealthy for Sensitive,STN-867
2020-03-29 06:00:00,Cairo,30.066023959416377,31.213349522775385,Winter,36.8,62.2,19.4,24.11,39.44,31.2,56.8,290,Hazardous,STN-899
2020-03-29 12:00:00,Beijing,39.92859776087742,116.37869629737366,Winter,29.3,41.7,9.5,11.29,74.52,0.3,47.6,213,Good,STN-417
2020-03-29 18:00:00,London,51.49943140661681,-0.15480064450306966,Winter,11.0,43.4,4.0,27.5,60.81,35.7,29.0,254,Unhealthy,STN-708
2020-03-30 00:00:00,Cairo,29.999988219739397,31.293298648874124,Winter,19.8,29.7,11.6,93.83,31.34,26.4,26.6,344,Good,STN-250
2020-03-30 06:00:00,Lagos,6.547918572909183,3.419537402754315,Winter,35.1,39.6,16.7,16.22,16.96,42.4,56.7,251,Unhealthy,STN-136
2020-03-30 12:00:00,Lagos,6.576426671386384,3.357855120312816,Winter,28.8,46.9,6.1,20.05,82.48,30.9,58.1,336,Good,STN-404
2020-03-30 18:00:00,Paris,48.87216243684545,2.339503928976755,Winter,14.8,63.1,6.2,26.01,43.51,19.8,41.0,292,Good,STN-983
2020-03-31 00:00:00,Beijing,39.90329288142833,116.33674295753515,Winter,20.3,61.1,24.6,31.48,64.74,4.0,31.0,84,Moderate,STN-252
2020-03-31 06:00:00,Paris,48.93331810265913,2.407142707461469,Winter,25.8,53.6,20.1,49.94,80.49,22.5,13.2,212,Moderate,STN-622
2020-03-31 12:00:00,Delhi,28.650249036562357,77.25941598266867,Winter,16.9,59.6,14.9,23.95,94.52,17.8,42.3,244,Moderate,STN-674
2020-03-31 18:00:00,Cairo,30.061837373335614,31.177820894111726,Winter,27.0,35.1,16.9,10.56,22.06,,58.2,56,Moderate,STN-367
2020-04-01 00:00:00,Paris,48.87879381859936,2.228949910475814,Spring,0.7,63.0,16.2,23.4,77.66,16.7,74.7,109,Moderate,STN-199
2020-04-01 06:00:00,São Paulo,-23.470064356112857,-46.57120661068153,Spring,34.2,89.4,1.7,48.15,25.42,24.2,33.8,265,Unhealthy,STN-995
2020-04-01 12:00:00,Beijing,39.916311241922784,116.32068679623606,Spring,26.5,41.0,8.7,44.74,20.15,13.8,10.4,333,Unhealthy,STN-582
2020-04-01 18:00:00,Delhi,28.608941712334385,77.1910220211727,Spring,21.4,72.6,16.5,103.79,49.42,50.6,21.6,255,Good,STN-828
2020-04-02 00:00:00,Beijing,40.025425837555545,116.3954329975644,Spring,-9.5,57.1,12.5,,40.6,8.9,60.0,167,Moderate,STN-740
2020-04-02 06:00:00,Tokyo,35.71323910247886,139.62122070123252,Spring,38.6,39.6,22.9,,63.21,19.3,66.2,318,Hazardous,STN-269
2020-04-02 12:00:00,London,51.46129193661604,-0.14157324527500292,Spring,6.2,53.6,16.9,33.11,26.28,,22.3,144,Moderate,STN-208
2020-04-02 18:00:00,Beijing,39.82173853901164,116.36229040475985,Spring,29.8,18.1,8.3,67.83,34.44,25.9,48.2,252,Unhealthy for Sensitive,STN-962
2020-04-03 00:00:00,London,51.54289778305261,-0.09730237937700349,Spring,37.7,71.9,12.6,45.5,99.95,32.3,49.0,17,Unhealthy,STN-461
2020-04-03 06:00:00,Paris,48.9644956938825,2.3440479809347776,Spring,40.5,77.0,6.8,29.69,75.39,38.1,118.9,331,Unhealthy,STN-772
2020-04-03 12:00:00,Paris,48.90328112007765,2.4293920202145265,Spring,14.0,29.8,8.5,32.24,48.02,51.0,39.5,105,Unhealthy,STN-607
2020-04-03 18:00:00,Delhi,28.63656006490458,77.24102176874058,Spring,15.7,47.3,14.9,,34.47,41.2,61.8,175,Moderate,STN-529
2020-04-04 00:00:00,Beijing,39.82422230967589,116.45726002975083,Spring,21.4,40.6,19.8,10.99,72.67,25.7,55.5,145,Unhealthy for Sensitive,STN-455
2020-04-04 06:00:00,Beijing,39.90001978856675,116.36926471824256,Spring,6.0,51.1,28.4,13.78,20.85,36.5,16.6,38,Unhealthy for Sensitive,STN-930
2020-04-04 12:00:00,London,51.477030059048424,-0.06225049074013499,Spring,3.1,69.1,14.6,19.33,39.97,25.1,59.7,290,Good,STN-690
2020-04-04 18:00:00,New York,40.70581279397408,-73.96572644723447,Spring,46.5,,9.0,27.5,110.51,1.9,12.4,192,Moderate,STN-800
2020-04-05 00:00:00,Cairo,29.99799492345462,31.239949063522424,Spring,23.0,76.0,17.1,70.4,17.34,6.0,35.3,332,Unhealthy,STN-395
2020-04-05 06:00:00,Tokyo,35.71311780624524,139.6373151528733,Spring,20.6,46.4,7.7,40.87,59.69,38.2,25.0,229,Good,STN-699
2020-04-05 12:00:00,São Paulo,-23.64256715010921,-46.63164051439468,Spring,6.8,96.4,22.6,109.23,14.03,40.0,35.2,153,Unhealthy for Sensitive,STN-303
2020-04-05 18:00:00,New York,40.70186664272953,-73.99332055919076,Spring,29.0,51.8,18.2,,51.27,,40.2,114,Hazardous,STN-397
2020-04-06 00:00:00,Sydney,-33.86121919180857,151.27883030742953,Spring,19.0,56.0,23.7,98.42,59.07,8.1,46.9,280,Unhealthy,STN-968
2020-04-06 06:00:00,Tokyo,35.560684394273174,139.6790321742854,Spring,15.2,53.6,11.5,42.36,119.0,17.3,0.9,16,Good,STN-388
2020-04-06 12:00:00,Lagos,6.554777268053647,3.402650073937367,Spring,18.7,38.3,1.2,18.45,55.95,42.1,47.8,321,Moderate,STN-935
2020-04-06 18:00:00,Tokyo,35.63479155245734,139.6368246965053,Spring,8.7,48.0,13.7,56.72,15.74,32.8,76.8,184,Good,STN-311
2020-04-07 00:00:00,Cairo,30.058175077278584,31.204909996171285,Spring,34.1,18.1,15.4,23.63,10.48,21.8,49.7,86,Unhealthy for Sensitive,STN-655
2020-04-07 06:00:00,New York,40.691772145997,-73.94455770007431,Spring,0.5,55.7,2.8,18.82,39.45,24.2,63.5,18,Unhealthy,STN-712
2020-04-07 12:00:00,Lagos,6.523296786712066,3.33948046066048,Spring,19.4,80.8,12.6,,45.75,19.9,62.7,22,Unhealthy for Sensitive,STN-536
2020-04-07 18:00:00,Sydney,-33.89980079879557,151.12011231447744,Spring,33.7,79.1,11.6,10.95,92.95,23.6,49.2,25,Good,STN-722
2020-04-08 00:00:00,Tokyo,35.60672642431971,139.61649872653118,Spring,33.6,,31.1,11.56,22.32,8.7,40.0,153,Unhealthy for Sensitive,STN-276
2020-04-08 06:00:00,Paris,48.87946011355449,2.3207328821496027,Spring,23.9,29.2,23.8,18.93,21.66,57.4,42.0,21,Good,STN-569
2020-04-08 12:00:00,London,51.49382180629871,-0.07873213390004219,Spring,31.3,75.1,18.1,40.42,24.19,2.8,50.1,222,Good,STN-181
2020-04-08 18:00:00,Cairo,30.03180904232186,31.277449856013614,Spring,0.7,86.6,2.5,34.22,58.34,20.8,49.1,136,Good,STN-898
2020-04-09 00:00:00,São Paulo,-23.599744936764832,-46.65935722196313,Spring,15.5,78.3,15.0,41.34,89.01,12.7,33.2,199,Moderate,STN-165
2020-04-09 06:00:00,Tokyo,35.65394203921551,139.60315759040006,Spring,12.3,56.0,2.1,15.16,43.11,28.4,16.7,142,Good,STN-645
2020-04-09 12:00:00,Lagos,6.607649643879281,3.448474199197137,Spring,25.0,83.4,20.9,17.59,68.22,9.5,35.5,137,Good,STN-667
2020-04-09 18:00:00,Tokyo,35.65115847102149,139.61480352920086,Spring,17.7,85.6,1.7,19.86,33.45,29.2,40.5,247,Good,STN-949
2020-04-10 00:00:00,Delhi,28.635102061245874,77.14340825772324,Spring,24.2,83.9,16.3,12.24,25.69,21.0,13.6,145,Unhealthy for Sensitive,STN-840
2020-04-10 06:00:00,Beijing,39.92379667833067,116.44089866302119,Spring,9.6,36.0,17.5,14.36,98.55,26.7,39.0,109,Moderate,STN-692
2020-04-10 12:00:00,Cairo,30.04233694556264,31.196476335922263,Spring,16.2,66.9,5.1,,103.39,23.5,49.0,17,Hazardous,STN-875
2020-04-10 18:00:00,Tokyo,35.595019030169176,139.67756784239714,Spring,36.7,39.8,21.8,54.33,56.01,20.2,40.1,122,Moderate,STN-804
2020-04-11 00:00:00,Lagos,6.515801447146445,3.4411513060987624,Spring,14.0,100.0,14.9,6.34,135.58,20.4,31.6,299,Unhealthy for Sensitive,STN-241
2020-04-11 06:00:00,Sydney,-33.77987105665126,151.24503879886657,Spring,13.4,80.7,15.6,19.42,144.0,0.3,69.3,190,Hazardous,STN-257
2020-04-11 12:00:00,Paris,48.87873455107466,2.3299219585713886,Spring,28.9,59.3,11.8,18.54,175.99,40.9,56.1,119,Good,STN-544
2020-04-11 18:00:00,New York,40.68712460189825,-73.97624076703613,Spring,-0.1,49.1,10.9,10.12,65.48,27.7,39.5,244,Unhealthy for Sensitive,STN-476
2020-04-12 00:00:00,Beijing,39.863897412669616,116.36982864499976,Spring,26.3,66.0,26.8,14.99,127.24,,42.1,63,Good,STN-611
2020-04-12 06:00:00,Cairo,30.01859593607801,31.224650796751327,Spring,2.9,88.1,17.8,11.33,31.54,13.8,29.7,337,Good,STN-756
2020-04-12 12:00:00,Paris,48.885176641612624,2.370139875674095,Spring,11.0,40.4,19.0,37.9,94.99,16.7,25.7,115,Moderate,STN-372
2020-04-12 18:00:00,Beijing,39.8588502597046,116.40404110820829,Spring,23.6,80.7,13.3,6.53,319.57,18.3,72.6,173,Moderate,STN-233
2020-04-13 00:00:00,Lagos,6.496989418493043,3.4096984472730143,Spring,19.8,61.0,16.3,187.44,437.84,6.7,16.7,10,Good,STN-103
2020-04-13 06:00:00,Sydney,-33.87830812664266,151.21591306340335,Spring,30.7,88.1,15.0,29.68,51.37,13.8,61.9,111,Moderate,STN-640
2020-04-13 12:00:00,Beijing,39.96094252907105,116.40062669827363,Spring,2.7,96.0,12.2,7.02,40.1,19.7,41.4,41,Good,STN-593
2020-04-13 18:00:00,Cairo,29.928857013949624,31.19571180693533,Spring,25.3,35.8,20.5,8.66,187.86,20.5,57.4,122,Unhealthy,STN-819
2020-04-14 00:00:00,Sydney,-33.81431143804051,151.2176820694902,Spring,18.6,42.6,17.8,23.54,39.18,34.7,41.5,99,Moderate,STN-767
2020-04-14 06:00:00,Delhi,28.587768968302647,77.169531388078,Spring,20.1,43.3,11.4,14.07,59.3,3.5,37.8,255,Good,STN-630
2020-04-14 12:00:00,Sydney,-33.839808878786414,151.18406461358904,Spring,26.3,67.0,7.5,24.64,29.86,8.6,35.2,256,Good,STN-609
2020-04-14 18:00:00,São Paulo,-23.664067855399328,-46.62993430219568,Spring,18.3,40.3,21.1,48.58,88.89,6.1,35.9,10,Good,STN-177
2020-04-15 00:00:00,Paris,48.92651648040126,2.354986323047975,Spring,7.7,72.8,14.1,59.19,44.4,5.1,23.0,52,Good,STN-418
2020-04-15 06:00:00,Delhi,28.63289004527483,77.18788175421399,Spring,26.3,30.6,17.5,6.92,42.6,4.5,56.4,320,Unhealthy,STN-781
2020-04-15 12:00:00,São Paulo,-23.491130172663304,-46.67319669504937,Spring,32.4,74.9,2.9,15.06,47.18,29.4,33.6,153,Unhealthy for Sensitive,STN-987
2020-04-15 18:00:00,Tokyo,35.691782033985845,139.6417003495242,Spring,39.5,49.4,11.3,28.43,67.97,32.5,13.3,227,Unhealthy for Sensitive,STN-560
2020-04-16 00:00:00,Sydney,-33.724618965518864,151.10994900993785,Spring,13.5,64.8,13.9,9.79,53.58,50.5,13.2,71,Good,STN-337
2020-04-16 06:00:00,Tokyo,35.674378224087405,139.6551644253727,Spring,22.3,69.8,5.4,39.61,44.78,19.8,45.5,313,Unhealthy,STN-843
2020-04-16 12:00:00,Lagos,6.533278823110481,3.3931909714126296,Spring,-2.9,66.5,4.6,48.1,181.6,30.7,59.8,256,Unhealthy,STN-121
2020-04-16 18:00:00,Sydney,-33.8374334637943,151.26539327451752,Spring,7.3,22.2,17.8,91.61,47.57,20.7,28.2,198,Hazardous,STN-592
2020-04-17 00:00:00,São Paulo,-23.499517796368046,-46.64292446223131,Spring,-1.7,47.3,13.0,31.02,113.1,24.9,21.1,159,Good,STN-410
2020-04-17 06:00:00,Paris,48.878560129519336,2.290720006196019,Spring,20.8,44.5,6.5,,72.19,16.5,55.3,29,Good,STN-467
2020-04-17 12:00:00,Tokyo,35.66604612956923,139.69158087531116,Spring,17.7,,23.5,10.38,52.9,26.5,36.2,183,Good,STN-688
2020-04-17 18:00:00,Beijing,39.92037133209673,116.4469819871277,Spring,33.0,78.5,29.8,38.41,120.77,10.8,20.0,334,Moderate,STN-225
2020-04-18 00:00:00,Tokyo,35.635939011061936,139.68370936232122,Spring,11.3,96.7,14.5,50.78,18.36,23.3,31.6,199,Unhealthy for Sensitive,STN-305
2020-04-18 06:00:00,London,51.5245922280285,-0.15146376858310098,Spring,19.4,42.4,12.3,54.26,35.22,37.9,69.4,125,Good,STN-432
2020-04-18 12:00:00,New York,40.72195413298392,-73.9410348468004,Spring,15.7,45.1,17.0,105.48,64.59,45.0,42.6,98,Moderate,STN-330
2020-04-18 18:00:00,Delhi,28.584903924991043,77.22816406571958,Spring,27.8,65.8,22.5,,49.42,20.8,63.6,110,Unhealthy,STN-831
2020-04-19 00:00:00,Tokyo,35.72820745060952,139.70648674080752,Spring,6.9,88.9,15.4,13.38,169.2,17.1,48.5,213,Moderate,STN-665
2020-04-19 06:00:00,Cairo,30.043062927390256,31.21278483126873,Spring,26.4,68.3,18.3,20.56,42.32,13.4,65.7,39,Good,STN-179
2020-04-19 12:00:00,Beijing,39.95382274440581,116.47152018286091,Spring,35.1,35.6,19.2,7.53,95.76,18.5,58.1,72,Moderate,STN-234
2020-04-19 18:00:00,Beijing,39.885847704458634,116.29771251315594,Spring,18.2,75.0,7.3,6.32,24.7,33.0,39.1,120,Good,STN-652
2020-04-20 00:00:00,Paris,48.819105039550706,2.425118056847874,Spring,3.4,86.6,3.6,52.34,38.88,26.8,46.0,12,Moderate,STN-944
2020-04-20 06:00:00,Cairo,30.10088193502883,31.318914601028954,Spring,4.2,84.6,26.0,18.35,58.48,18.6,25.1,298,Unhealthy,STN-403
2020-04-20 12:00:00,Beijing,39.95247749554011,116.46357211693446,Spring,4.7,80.6,14.3,94.78,87.12,,76.3,113,Good,STN-583
2020-04-20 18:00:00,London,51.456297301038354,-0.13743840901416102,Spring,24.7,,12.2,19.75,48.77,29.9,46.6,103,Moderate,STN-184
2020-04-21 00:00:00,São Paulo,-23.530573703295218,-46.677577569108756,Spring,33.8,63.3,10.8,54.08,55.65,34.7,23.1,308,Unhealthy,STN-360
2020-04-21 06:00:00,Tokyo,35.74819098716923,139.65485767122044,Spring,42.5,91.6,11.4,22.08,58.56,49.4,59.2,255,Unhealthy for Sensitive,STN-542
2020-04-21 12:00:00,Delhi,28.62967325904273,77.24622502365992,Spring,14.0,27.2,9.8,13.08,37.5,22.4,61.1,182,Moderate,STN-135
2020-04-21 18:00:00,London,51.488218782159734,-0.075272037160623,Spring,25.7,58.8,7.3,5.24,60.66,24.9,28.4,137,Moderate,STN-892
2020-04-22 00:00:00,London,51.580140662543855,-0.07314992675553847,Spring,15.0,41.4,11.8,40.29,117.8,28.9,47.6,342,Moderate,STN-746
2020-04-22 06:00:00,Lagos,6.589968839430995,3.4708696209961905,Spring,2.9,69.8,4.4,63.96,23.65,28.8,19.4,23,Moderate,STN-472
2020-04-22 12:00:00,São Paulo,-23.668818356411666,-46.62481185407492,Spring,5.4,40.7,7.0,11.66,118.09,33.7,63.4,266,Moderate,STN-677
2020-04-22 18:00:00,Cairo,30.086575600643624,31.225527637475025,Spring,20.3,51.5,19.0,28.25,61.09,13.1,32.2,187,Unhealthy,STN-651
2020-04-23 00:00:00,London,51.51316043080985,-0.15394887071141578,Spring,-0.8,38.6,1.8,82.71,56.64,,25.6,58,Hazardous,STN-243
2020-04-23 06:00:00,Paris,48.924337662973116,2.3019559781518018,Spring,8.5,65.9,14.2,,10.39,22.3,30.9,255,Unhealthy for Sensitive,STN-129
2020-04-23 12:00:00,Cairo,30.049970225499578,31.278895188892633,Spring,1.7,68.0,16.5,,51.28,3.6,23.8,97,Unhealthy for Sensitive,STN-794
2020-04-23 18:00:00,Cairo,30.127765590485343,31.253939599783962,Spring,0.6,67.5,17.4,19.09,21.96,1.4,2.0,39,Moderate,STN-815
2020-04-24 00:00:00,São Paulo,-23.537921534633806,-46.66444057499538,Spring,8.2,63.6,9.5,105.02,15.32,19.6,41.0,318,Moderate,STN-185
2020-04-24 06:00:00,Delhi,28.598819431361967,77.08531737206442,Spring,2.4,64.0,20.7,15.32,26.13,7.5,41.0,35,Moderate,STN-193
2020-04-24 12:00:00,Beijing,40.043346205477725,116.37858587972607,Spring,24.2,72.4,32.4,10.23,77.98,16.3,76.8,331,Unhealthy for Sensitive,STN-474
2020-04-24 18:00:00,Delhi,28.62070029841698,77.23148461505187,Spring,29.8,54.1,20.8,34.34,49.29,9.1,51.5,160,Moderate,STN-780
2020-04-25 00:00:00,Lagos,6.625991131199912,3.399997595924566,Spring,39.0,77.0,19.8,43.51,64.68,17.8,12.2,283,Unhealthy,STN-361
2020-04-25 06:00:00,Cairo,30.01882248813861,31.27199773143551,Spring,41.4,,4.2,20.56,36.83,27.0,45.2,89,Unhealthy for Sensitive,STN-302
2020-04-25 12:00:00,Paris,48.893875141525434,2.4477511035684074,Spring,44.6,38.1,15.5,52.72,25.24,41.0,46.4,100,Unhealthy,STN-534
2020-04-25 18:00:00,Tokyo,35.67826339135622,139.6381907531907,Spring,27.2,72.4,32.6,48.91,44.68,27.4,48.3,56,Moderate,STN-765
2020-04-26 00:00:00,Delhi,28.59546603849699,77.23327527355778,Spring,-2.3,23.7,9.6,20.16,39.38,9.1,8.8,230,Moderate,STN-811
2020-04-26 06:00:00,Paris,48.87663515939762,2.4242851015510745,Spring,12.6,34.7,20.6,14.88,30.34,1.4,85.0,298,Moderate,STN-636
2020-04-26 12:00:00,Lagos,6.520027985548232,3.3640890712220166,Spring,27.8,64.9,9.7,,30.39,59.3,26.2,204,Unhealthy for Sensitive,STN-536
2020-04-26 18:00:00,Cairo,30.097905509645788,31.25014324022614,Spring,15.6,57.9,34.1,94.12,30.29,28.7,36.3,37,Unhealthy for Sensitive,STN-210
2020-04-27 00:00:00,New York,40.71711034078691,-74.04748340925246,Spring,7.9,89.0,35.0,40.75,127.63,44.1,28.5,193,Unhealthy,STN-434
2020-04-27 06:00:00,New York,40.733377810004676,-74.15199560178769,Spring,14.6,47.9,13.8,22.31,25.69,46.3,52.5,296,Moderate,STN-484
2020-04-27 12:00:00,Tokyo,35.71532970136327,139.76097225950744,Spring,23.4,79.9,0.0,22.32,40.85,46.8,39.2,194,Moderate,STN-669
2020-04-27 18:00:00,Paris,48.82871473572361,2.377094017999185,Spring,20.8,35.1,19.3,22.34,41.23,35.6,70.0,224,Moderate,STN-741
2020-04-28 00:00:00,São Paulo,-23.591519350117103,-46.594517142982,Spring,20.8,90.8,23.0,64.2,50.79,15.0,34.7,157,Good,STN-746
2020-04-28 06:00:00,Sydney,-33.863556152709876,151.18936752936045,Spring,5.9,43.3,1.6,45.7,24.27,35.2,25.0,295,Moderate,STN-183
2020-04-28 12:00:00,Cairo,29.970109876037387,31.21713512475521,Spring,-7.3,55.8,19.6,16.0,35.14,,85.3,327,Moderate,STN-933
2020-04-28 18:00:00,São Paulo,-23.55258000614423,-46.721189404264464,Spring,16.4,44.8,9.5,87.93,114.1,25.5,24.0,119,Unhealthy,STN-910
2020-04-29 00:00:00,São Paulo,-23.558300377803246,-46.59867295851426,Spring,4.5,48.0,15.9,18.57,96.23,27.5,20.6,80,Hazardous,STN-742
2020-04-29 06:00:00,Cairo,30.01983608918983,31.21226979907128,Spring,3.1,52.6,24.5,26.65,47.86,11.0,68.3,12,Unhealthy for Sensitive,STN-683
2020-04-29 12:00:00,Tokyo,35.65301290085894,139.70794978551734,Spring,11.5,37.1,10.3,7.62,65.24,24.5,56.5,250,Unhealthy,STN-237
2020-04-29 18:00:00,São Paulo,-23.573474029183444,-46.67342188115229,Spring,10.0,94.7,21.2,84.09,174.73,32.3,53.5,51,Unhealthy for Sensitive,STN-404
2020-04-30 00:00:00,Lagos,6.607953528788469,3.3460672551129313,Spring,12.5,73.7,20.5,122.63,30.75,21.1,48.7,41,Good,STN-338
2020-04-30 06:00:00,Lagos,6.533006173400484,3.4511024980143263,Spring,6.3,64.7,20.0,13.92,57.48,20.8,33.6,110,Good,STN-115
2020-04-30 12:00:00,Tokyo,35.69267200655229,139.64759653427888,Spring,21.6,47.8,21.6,32.15,222.17,10.6,21.1,201,Unhealthy,STN-530
2020-04-30 18:00:00,London,51.456058609612874,-0.029248088558973415,Spring,24.1,69.8,12.5,31.96,18.91,31.7,56.6,321,Unhealthy for Sensitive,STN-671
2020-05-01 00:00:00,London,51.47918996579237,-0.13194567362914783,Spring,33.8,67.0,4.4,15.71,73.35,40.5,51.2,253,Good,STN-771
2020-05-01 06:00:00,London,51.45491662164074,-0.1728216666128602,Spring,24.7,64.7,6.8,24.24,42.51,18.9,60.9,329,Hazardous,STN-103
2020-05-01 12:00:00,Sydney,-33.8154302018115,151.20546727120234,Spring,6.6,42.9,14.0,13.15,65.07,12.5,39.3,39,Moderate,STN-542
2020-05-01 18:00:00,Delhi,28.636661824871727,77.23515075425375,Spring,11.0,72.3,23.9,27.43,217.21,26.8,82.9,236,Moderate,STN-409
2020-05-02 00:00:00,Paris,48.79493313750585,2.399266859095073,Spring,16.0,79.0,20.4,67.34,179.79,40.5,22.9,81,Unhealthy for Sensitive,STN-494
2020-05-02 06:00:00,Delhi,28.58164510070585,77.15959237228711,Spring,12.6,67.3,1.0,24.58,16.92,28.8,87.1,348,Good,STN-522
2020-05-02 12:00:00,Paris,48.86485694971938,2.291284629353532,Spring,8.6,60.7,10.8,9.35,37.09,19.0,61.2,221,Good,STN-537
2020-05-02 18:00:00,São Paulo,-23.59777970443859,-46.64294131319598,Spring,-20.7,58.7,10.1,33.84,24.07,45.2,34.6,93,Unhealthy for Sensitive,STN-270
2020-05-03 00:00:00,Sydney,-33.866462148140286,151.2019669076688,Spring,18.0,25.0,19.1,43.06,228.96,28.7,42.9,129,Unhealthy,STN-671
2020-05-03 06:00:00,New York,40.738133550793485,-73.95095848147967,Spring,10.6,55.6,9.8,,129.49,,41.2,304,Moderate,STN-977
2020-05-03 12:00:00,Sydney,-33.861816255436295,151.2148001472377,Spring,15.1,78.5,17.4,15.2,47.26,,82.8,307,Moderate,STN-528
2020-05-03 18:00:00,Lagos,6.527822938184464,3.445744078819496,Spring,17.0,44.9,13.6,77.93,70.59,14.1,50.4,303,Moderate,STN-160
2020-05-04 00:00:00,Cairo,30.025506633052927,31.25709483263695,Spring,13.8,86.3,19.5,28.99,61.76,6.3,45.3,132,Good,STN-623
2020-05-04 06:00:00,Beijing,39.97652348116171,116.47945997028236,Spring,14.1,49.2,25.5,32.83,20.87,19.6,74.8,151,Unhealthy for Sensitive,STN-222
2020-05-04 12:00:00,Lagos,6.527101802485723,3.5098607904817625,Spring,28.9,15.9,8.9,8.89,34.2,34.7,58.4,278,Unhealthy,STN-681
2020-05-04 18:00:00,Sydney,-33.8323072372569,151.14578920487278,Spring,24.6,53.9,10.9,24.22,55.61,47.4,26.4,166,Unhealthy for Sensitive,STN-677
2020-05-05 00:00:00,Paris,48.81054134661804,2.3310056126131964,Spring,14.4,58.4,17.4,4.37,14.42,33.8,36.5,77,Moderate,STN-241
2020-05-05 06:00:00,Beijing,39.81364874837589,116.43462041471248,Spring,22.2,48.2,9.2,8.58,52.43,18.8,38.9,211,Good,STN-463
2020-05-05 12:00:00,Paris,48.83452868106085,2.4075963265670905,Spring,12.8,67.3,6.4,20.77,13.43,,8.5,143,Good,STN-216
2020-05-05 18:00:00,Cairo,29.96812375139088,31.186457871947226,Spring,25.7,50.7,17.6,16.38,96.41,4.8,56.3,300,Good,STN-324
2020-05-06 00:00:00,Beijing,39.84019837665541,116.41006161928182,Spring,2.6,66.8,22.2,,11.63,22.2,33.0,274,Moderate,STN-187
2020-05-06 06:00:00,Tokyo,35.75123052192681,139.59724327617357,Spring,31.7,71.4,18.7,131.94,70.55,33.3,46.5,24,Hazardous,STN-516
2020-05-06 12:00:00,Delhi,28.574044900062958,77.17225294678839,Spring,24.6,60.0,16.7,17.11,27.52,8.7,64.2,255,Unhealthy,STN-671
2020-05-06 18:00:00,Beijing,39.93211328578113,116.32105837896846,Spring,24.2,46.5,20.7,6.72,104.96,29.1,44.7,332,Unhealthy,STN-302
2020-05-07 00:00:00,Cairo,30.059993164864093,31.163720785126912,Spring,22.4,37.0,8.7,27.41,25.62,37.7,64.6,197,Unhealthy for Sensitive,STN-769
2020-05-07 06:00:00,Tokyo,35.58746083479649,139.65386053999228,Spring,26.1,57.5,12.3,14.73,28.88,,27.2,193,Unhealthy,STN-573
2020-05-07 12:00:00,Beijing,39.89444499694805,116.48038679522064,Spring,38.7,66.2,13.7,24.18,16.93,26.7,48.6,187,Unhealthy for Sensitive,STN-985
2020-05-07 18:00:00,New York,40.73812319791981,-74.09306772247011,Spring,17.5,62.6,18.3,14.13,30.83,,68.7,11,Unhealthy for Sensitive,STN-260
2020-05-08 00:00:00,Tokyo,35.619940512423405,139.62085997449196,Spring,44.7,72.8,9.4,10.84,54.75,33.0,17.4,200,Unhealthy for Sensitive,STN-188
2020-05-08 06:00:00,Cairo,30.01997640933664,31.20260855188094,Spring,5.2,24.6,8.8,24.93,62.72,49.4,50.9,133,Moderate,STN-747
2020-05-08 12:00:00,Paris,48.902198809909756,2.313300648903672,Spring,27.7,22.4,0.1,33.48,35.95,26.3,64.3,216,Good,STN-355
2020-05-08 18:00:00,Lagos,6.519844843273633,3.474860389145851,Spring,-11.8,46.0,18.5,45.97,206.26,26.8,43.3,141,Good,STN-839
2020-05-09 00:00:00,Cairo,30.05680514517086,31.272760686794438,Spring,29.8,43.6,14.5,65.25,30.28,1.7,26.9,226,Unhealthy for Sensitive,STN-225
2020-05-09 06:00:00,São Paulo,-23.534639452286232,-46.68126231729519,Spring,27.4,48.9,4.9,22.93,45.39,29.1,17.4,23,Good,STN-834
2020-05-09 12:00:00,Tokyo,35.67186373118278,139.76324448321705,Spring,31.5,61.5,25.6,60.65,20.06,34.9,65.0,170,Unhealthy,STN-390
2020-05-09 18:00:00,New York,40.69682599759897,-73.92380435064139,Spring,28.8,38.7,14.2,43.99,29.25,40.3,28.5,38,Unhealthy,STN-893
2020-05-10 00:00:00,São Paulo,-23.511714132691154,-46.65767522024209,Spring,13.1,56.5,7.5,46.88,32.81,,42.4,230,Unhealthy for Sensitive,STN-167
2020-05-10 06:00:00,London,51.48410837148499,-0.1523654337208945,Spring,29.0,34.7,16.6,28.49,97.77,13.5,29.7,244,Good,STN-992
2020-05-10 12:00:00,Sydney,-33.88071921190143,151.22813814501097,Spring,26.4,69.2,22.9,16.91,111.04,14.6,21.3,179,Good,STN-369
2020-05-10 18:00:00,Paris,48.777425973950784,2.4126861117884157,Spring,35.5,90.2,15.2,50.27,101.66,1.4,39.6,326,Good,STN-383
2020-05-11 00:00:00,Delhi,28.543002300145922,77.22380072154952,Spring,16.7,64.5,6.1,40.19,11.15,8.3,27.7,154,Moderate,STN-318
2020-05-11 06:00:00,Delhi,28.555988826171355,77.2240153893801,Spring,35.2,61.2,18.0,83.7,9.06,51.4,40.5,46,Good,STN-183
2020-05-11 12:00:00,Sydney,-33.82796302457266,151.11489510731627,Spring,31.7,95.1,9.6,22.49,44.89,32.8,53.1,88,Unhealthy for Sensitive,STN-125
2020-05-11 18:00:00,Delhi,28.617122268394656,77.39571491244588,Spring,9.3,57.7,21.9,40.02,18.93,18.5,37.4,227,Good,STN-183
2020-05-12 00:00:00,London,51.61052776405289,-0.09776332752057168,Spring,8.2,73.4,6.3,,44.94,20.6,40.6,251,Good,STN-849
2020-05-12 06:00:00,Delhi,28.594914872570914,77.26216369316596,Spring,28.3,58.5,9.0,3.2,33.4,18.0,26.5,99,Moderate,STN-557
2020-05-12 12:00:00,Cairo,30.021921209982544,31.200225194313187,Spring,28.7,63.7,19.4,8.56,35.21,11.8,60.2,249,Moderate,STN-855
2020-05-12 18:00:00,Delhi,28.59274503859959,77.16389759820264,Spring,33.7,90.4,20.5,70.83,80.88,21.1,29.9,209,Good,STN-927
2020-05-13 00:00:00,London,51.563484620506216,-0.1242281940134936,Spring,20.0,17.6,5.5,22.62,81.25,0.8,48.0,334,Unhealthy for Sensitive,STN-969
2020-05-13 06:00:00,Lagos,6.490837053161411,3.3846732798524157,Spring,27.4,10.0,17.8,18.39,46.84,37.6,27.9,250,Moderate,STN-116
2020-05-13 12:00:00,Tokyo,35.776763486288694,139.5738599403031,Spring,49.0,,26.7,3.8,32.29,25.4,58.8,150,Moderate,STN-449
2020-05-13 18:00:00,Sydney,-33.913945126588104,151.1990249950402,Spring,18.0,40.7,15.3,26.09,31.04,11.4,45.8,130,Unhealthy for Sensitive,STN-444
2020-05-14 00:00:00,Tokyo,35.577047667717395,139.65848841820969,Spring,25.1,85.5,29.5,96.48,83.2,43.3,21.9,231,Unhealthy for Sensitive,STN-500
2020-05-14 06:00:00,Lagos,6.468278817413997,3.283293005210782,Spring,12.5,46.9,15.7,8.04,36.77,24.7,47.7,261,Unhealthy,STN-211
2020-05-14 12:00:00,New York,40.73346101264179,-74.05076115454789,Spring,34.9,46.5,19.4,19.71,127.58,10.9,18.9,125,Unhealthy for Sensitive,STN-555
2020-05-14 18:00:00,London,51.4830102081514,-0.14096966691855425,Spring,24.0,61.6,10.1,36.25,42.75,19.0,80.8,215,Unhealthy for Sensitive,STN-274
2020-05-15 00:00:00,Delhi,28.515450214265805,77.23831988989019,Spring,15.0,43.1,16.3,,88.82,16.7,53.8,245,Moderate,STN-581
2020-05-15 06:00:00,Sydney,-33.889932965420954,151.25911173413584,Spring,17.7,74.7,15.1,33.27,242.69,38.0,27.0,313,Unhealthy,STN-214
2020-05-15 12:00:00,Beijing,39.91234333699778,116.37448969797978,Spring,14.7,61.0,19.5,16.42,93.56,35.0,44.1,113,Unhealthy for Sensitive,STN-250
2020-05-15 18:00:00,Paris,48.81371877455457,2.2323936381467604,Spring,14.7,73.9,15.5,10.22,53.4,41.4,72.8,184,Good,STN-132
2020-05-16 00:00:00,New York,40.80719638172483,-74.01267834321865,Spring,13.3,39.8,2.2,52.86,45.02,38.8,27.7,219,Hazardous,STN-799
2020-05-16 06:00:00,Cairo,30.122170633113225,31.343536376096942,Spring,25.1,,19.4,31.06,91.49,20.1,47.3,274,Hazardous,STN-352
2020-05-16 12:00:00,Paris,48.87243906232315,2.342789154271537,Spring,8.4,56.4,28.8,12.6,38.64,56.0,35.3,39,Unhealthy,STN-145
2020-05-16 18:00:00,Paris,48.85519659429505,2.3398168600614757,Spring,31.6,46.9,19.4,4.04,15.1,52.2,4.3,241,Unhealthy for Sensitive,STN-169
2020-05-17 00:00:00,Beijing,39.948300763745294,116.37225211369427,Spring,20.4,26.3,6.4,77.32,67.54,34.9,9.1,53,Moderate,STN-333
2020-05-17 06:00:00,Sydney,-33.94581491590023,151.17575765399968,Spring,19.9,76.7,22.9,10.65,126.37,45.2,60.8,171,Moderate,STN-159
2020-05-17 12:00:00,London,51.48364442492363,-0.1649477021538415,Spring,20.1,89.7,24.4,11.47,92.89,40.2,22.1,283,Unhealthy for Sensitive,STN-856
2020-05-17 18:00:00,Sydney,-33.91480619378997,151.26150640490056,Spring,22.9,52.8,11.3,11.75,17.01,40.4,25.4,164,Moderate,STN-944
2020-05-18 00:00:00,Tokyo,35.66765919640295,139.59385058954427,Spring,3.0,100.0,10.7,7.73,109.94,27.2,21.7,253,Hazardous,STN-453
2020-05-18 06:00:00,São Paulo,-23.53575034123231,-46.59807728743748,Spring,21.4,96.6,15.8,12.82,91.47,55.0,31.7,189,Unhealthy,STN-612
2020-05-18 12:00:00,Tokyo,35.708362539154834,139.66530754052576,Spring,13.4,70.7,21.8,14.73,96.89,21.1,33.9,231,Unhealthy,STN-916
2020-05-18 18:00:00,Cairo,30.098184204925527,31.186822731107473,Spring,47.2,55.6,5.8,16.28,67.9,18.1,17.1,310,Unhealthy for Sensitive,STN-978
2020-05-19 00:00:00,Sydney,-33.87259136819432,151.17407414680363,Spring,28.5,100.0,1.3,24.36,61.92,26.8,2.7,123,Moderate,STN-808
2020-05-19 06:00:00,Cairo,30.064236750898203,31.25732962455739,Spring,21.5,32.5,24.2,23.86,73.17,7.8,39.5,338,Moderate,STN-394
2020-05-19 12:00:00,Paris,48.81777177677397,2.3940389916523332,Spring,19.6,91.3,10.7,25.86,14.19,39.9,26.8,25,Hazardous,STN-150
2020-05-19 18:00:00,Lagos,6.5287350330930485,3.4997501748160995,Spring,47.1,76.3,11.4,57.07,104.95,21.8,35.3,70,Unhealthy for Sensitive,STN-452
2020-05-20 00:00:00,Cairo,29.994406923946933,31.304722769231258,Spring,-6.5,50.6,11.2,9.69,54.51,,41.6,112,Unhealthy,STN-374
2020-05-20 06:00:00,Cairo,29.971739105504877,31.204969212783148,Spring,22.0,70.2,1.6,49.97,21.1,36.1,35.3,138,Good,STN-872
2020-05-20 12:00:00,Lagos,6.548975441571987,3.4333897335163157,Spring,20.0,65.4,14.1,21.21,162.43,28.5,35.9,222,Hazardous,STN-533
2020-05-20 18:00:00,New York,40.73598197341641,-74.00107438886668,Spring,1.3,56.5,3.3,47.29,31.24,6.9,23.8,146,Moderate,STN-518
2020-05-21 00:00:00,New York,40.727935636101876,-74.04242867849582,Spring,31.8,50.0,19.9,,55.22,41.6,27.4,109,Moderate,STN-709
2020-05-21 06:00:00,Cairo,30.008178794514482,31.1474758760904,Spring,20.2,15.1,22.8,7.93,21.05,39.6,11.6,65,Moderate,STN-224
2020-05-21 12:00:00,Beijing,39.944419272720545,116.35407019937065,Spring,58.0,44.9,16.6,9.37,80.37,30.0,53.0,61,Unhealthy for Sensitive,STN-354
2020-05-21 18:00:00,Beijing,39.872771304170264,116.48373505485766,Spring,15.2,47.9,20.3,31.59,10.45,17.2,25.3,46,Moderate,STN-420
2020-05-22 00:00:00,Tokyo,35.704972168370816,139.70147155453745,Spring,37.2,74.0,13.1,25.74,122.36,26.5,23.2,125,Moderate,STN-749
2020-05-22 06:00:00,Cairo,30.0721182115731,31.18129763661716,Spring,9.3,51.3,15.5,25.63,43.09,18.3,5.4,44,Moderate,STN-297
2020-05-22 12:00:00,Beijing,39.813835743595185,116.45751769148659,Spring,30.5,22.5,12.7,9.99,39.46,35.1,3.8,26,Good,STN-712
2020-05-22 18:00:00,London,51.533309423357046,-0.11188337551744804,Spring,39.3,65.2,23.6,23.45,170.61,10.0,26.8,35,Unhealthy,STN-780
2020-05-23 00:00:00,Cairo,30.03682694992055,31.194052135152692,Spring,25.1,55.6,14.7,9.79,70.64,28.9,25.3,159,Moderate,STN-203
2020-05-23 06:00:00,Paris,48.859679599927944,2.2681031286467177,Spring,10.0,43.8,11.8,23.27,15.22,18.2,50.3,342,Unhealthy,STN-316
2020-05-23 12:00:00,London,51.50374356699935,-0.20459414109721033,Spring,32.0,66.0,20.9,67.76,41.13,9.0,74.0,348,Good,STN-960
2020-05-23 18:00:00,Sydney,-33.91174966570752,151.15909207232417,Spring,21.6,56.2,17.9,67.92,65.49,,37.3,288,Unhealthy for Sensitive,STN-615
2020-05-24 00:00:00,Lagos,6.468885332281894,3.4191665102371296,Spring,32.1,68.2,16.2,72.89,60.85,35.5,74.3,199,Unhealthy for Sensitive,STN-169
2020-05-24 06:00:00,Beijing,39.862371663295406,116.29903904515919,Spring,51.0,58.6,7.2,21.16,60.91,35.6,0.0,103,Good,STN-694
2020-05-24 12:00:00,Sydney,-33.86844194271641,151.26691809887583,Spring,5.2,50.0,9.6,14.41,39.49,1.2,45.1,274,Moderate,STN-140
2020-05-24 18:00:00,New York,40.69358727633309,-74.01226132947781,Spring,29.9,75.5,1.1,66.64,20.41,24.4,7.6,171,Moderate,STN-114
2020-05-25 00:00:00,Paris,48.795340145194835,2.3156251546519164,Spring,27.4,59.9,14.8,47.46,79.06,36.0,41.4,15,Unhealthy for Sensitive,STN-775
2020-05-25 06:00:00,Sydney,-33.86733010526249,151.2752723652965,Spring,23.2,87.8,17.5,25.35,14.97,41.6,4.5,282,Unhealthy for Sensitive,STN-585
2020-05-25 12:00:00,Lagos,6.543919073099341,3.30167974902291,Spring,27.7,75.9,21.1,38.08,76.68,22.1,46.0,121,Moderate,STN-138
2020-05-25 18:00:00,Beijing,39.83703802709447,116.447405529238,Spring,-3.5,66.5,18.0,38.37,25.14,34.3,58.4,181,Moderate,STN-802
2020-05-26 00:00:00,Sydney,-33.904754372145376,151.21969133310787,Spring,7.5,83.4,21.3,44.13,17.61,38.4,27.7,61,Moderate,STN-195
2020-05-26 06:00:00,São Paulo,-23.510984885071725,-46.636690758031484,Spring,16.9,29.6,35.0,39.83,174.74,7.4,48.8,162,Unhealthy for Sensitive,STN-215
2020-05-26 12:00:00,New York,40.754336492051124,-74.06367978406455,Spring,40.8,,24.0,1.92,69.87,11.7,28.9,284,Hazardous,STN-534
2020-05-26 18:00:00,Sydney,-33.88833532790267,151.1742335406126,Spring,12.6,28.9,9.8,16.36,179.37,24.6,54.4,322,Moderate,STN-366
2020-05-27 00:00:00,Beijing,39.963397023654366,116.40735206269396,Spring,15.6,54.5,20.8,7.46,35.08,7.8,38.0,85,Moderate,STN-646
2020-05-27 06:00:00,Delhi,28.584109153972577,77.2061510266438,Spring,20.3,84.7,13.6,46.5,11.15,22.0,13.6,32,Unhealthy,STN-616
2020-05-27 12:00:00,Cairo,30.06996534317328,31.19202035411168,Spring,2.8,46.2,12.6,6.32,120.76,25.3,20.8,324,Moderate,STN-913
2020-05-27 18:00:00,Cairo,30.058816187139787,31.15573878415624,Spring,15.6,59.3,9.3,8.23,29.04,31.9,60.9,274,Unhealthy for Sensitive,STN-540
2020-05-28 00:00:00,Cairo,30.00504224824918,31.268791717487968,Spring,10.2,55.6,23.7,20.29,108.9,62.2,61.5,144,Moderate,STN-502
2020-05-28 06:00:00,London,51.553383167877804,-0.12006034240123796,Spring,-6.3,72.4,8.6,,47.95,,41.3,237,Unhealthy for Sensitive,STN-236
2020-05-28 12:00:00,New York,40.79712981858146,-74.03551454923738,Spring,-10.6,46.9,11.8,36.55,49.52,11.6,36.1,215,Unhealthy for Sensitive,STN-278
2020-05-28 18:00:00,Tokyo,35.659167476179086,139.7072192358649,Spring,16.0,39.9,19.8,24.85,53.02,14.2,45.2,251,Unhealthy for Sensitive,STN-850
2020-05-29 00:00:00,Paris,48.88359111215023,2.3865356029373337,Spring,20.8,62.8,14.0,64.46,68.39,3.9,10.2,84,Unhealthy for Sensitive,STN-978
2020-05-29 06:00:00,Lagos,6.491135186716136,3.396756010531323,Spring,15.7,79.7,16.5,7.01,33.94,40.8,12.0,114,Good,STN-910
2020-05-29 12:00:00,London,51.429021432879885,-0.13092868443904235,Spring,6.6,32.6,15.6,6.04,18.86,18.8,65.5,220,Good,STN-277
2020-05-29 18:00:00,Cairo,30.108517498332063,31.204628394088633,Spring,27.3,48.3,9.0,23.22,68.53,12.4,22.0,11,Unhealthy for Sensitive,STN-719
2020-05-30 00:00:00,Sydney,-33.84370790347476,151.13658265801064,Spring,-1.6,45.2,30.1,13.12,25.7,4.8,33.0,213,Good,STN-232
2020-05-30 06:00:00,Cairo,30.038458599145216,31.28754258420864,Spring,18.3,54.6,34.9,3.81,26.91,37.3,59.9,270,Unhealthy,STN-918
2020-05-30 12:00:00,London,51.562780934906776,-0.14805308461226374,Spring,14.0,63.9,8.3,17.62,64.65,21.6,47.5,291,Unhealthy,STN-113
2020-05-30 18:00:00,São Paulo,-23.577517078900442,-46.60727058499027,Spring,11.1,78.8,7.5,14.7,110.58,21.1,33.3,129,Good,STN-424
2020-05-31 00:00:00,New York,40.74264928811932,-74.05959554866847,Spring,27.6,59.2,21.8,31.57,40.04,25.5,8.1,257,Moderate,STN-731
2020-05-31 06:00:00,Beijing,39.97194593539496,116.35499028109302,Spring,40.3,41.7,15.3,38.0,59.39,27.2,48.4,315,Unhealthy for Sensitive,STN-423
2020-05-31 12:00:00,London,51.544738224821735,-0.11530701123782955,Spring,6.4,40.5,21.3,30.42,41.78,38.0,51.5,208,Moderate,STN-233
2020-05-31 18:00:00,São Paulo,-23.501434682458637,-46.578698345276216,Spring,4.0,,11.5,23.47,19.97,14.4,12.3,89,Unhealthy for Sensitive,STN-977
2020-06-01 00:00:00,São Paulo,-23.558364888304357,-46.61164337344893,Spring,16.5,,12.1,25.43,33.68,21.9,64.3,82,Unhealthy for Sensitive,STN-967
2020-06-01 06:00:00,Paris,48.877158755418044,2.3154836716562355,Spring,36.2,31.9,9.5,35.44,79.67,2.6,42.6,178,Unhealthy for Sensitive,STN-290
2020-06-01 12:00:00,New York,40.703884709672366,-74.05608716967966,Spring,13.3,59.0,5.9,125.92,7.67,24.6,46.7,78,Unhealthy,STN-287
2020-06-01 18:00:00,Sydney,-33.851557142785715,151.19267135342335,Spring,36.1,49.2,11.9,11.48,101.06,37.3,42.8,76,Good,STN-511
2020-06-02 00:00:00,Tokyo,35.74487302205506,139.5796151016083,Spring,13.9,72.1,19.5,22.6,98.37,41.2,40.0,333,Moderate,STN-485
2020-06-02 06:00:00,New York,40.73310994722172,-73.91147035670436,Spring,21.3,33.3,22.2,,69.14,6.7,13.7,153,Moderate,STN-603
2020-06-02 12:00:00,Lagos,6.503304938066417,3.405939348848927,Spring,17.7,45.1,22.0,45.95,17.23,11.0,66.8,199,Unhealthy,STN-902
2020-06-02 18:00:00,Paris,48.83630519121045,2.338099508868547,Spring,33.4,70.9,9.8,5.66,58.23,26.3,61.6,152,Unhealthy for Sensitive,STN-426
2020-06-03 00:00:00,Lagos,6.541496209186702,3.381826942869402,Spring,22.5,55.2,12.2,12.17,74.23,31.6,12.8,149,Moderate,STN-471
2020-06-03 06:00:00,Delhi,28.67205064642365,77.28227018572464,Spring,20.0,75.8,13.2,3.73,50.49,40.1,45.4,178,Good,STN-241
2020-06-03 12:00:00,Paris,48.83568698715751,2.414547001707459,Spring,8.4,51.7,10.5,13.86,40.28,6.7,36.6,343,Unhealthy,STN-144
2020-06-03 18:00:00,London,51.612782739896964,-0.15441340370630374,Spring,3.6,78.0,18.9,9.53,38.82,22.1,59.0,200,Unhealthy for Sensitive,STN-307
2020-06-04 00:00:00,Lagos,6.586090851052732,3.3163603627322105,Spring,17.2,27.1,19.8,58.88,14.37,16.2,22.2,306,Moderate,STN-226
2020-06-04 06:00:00,Sydney,-33.825103549966144,151.1450905342706,Spring,34.8,41.3,10.5,101.77,62.2,19.5,45.5,213,Good,STN-609
2020-06-04 12:00:00,Beijing,39.84397754141451,116.45634145356752,Spring,7.3,72.7,23.1,89.35,20.18,5.5,16.5,331,Good,STN-655
2020-06-04 18:00:00,São Paulo,-23.51268589005414,-46.689216561368724,Spring,29.5,81.0,20.1,53.24,146.79,13.2,37.2,177,Moderate,STN-698
2020-06-05 00:00:00,Lagos,6.484178274713463,3.4279720947298054,Spring,17.0,90.5,19.5,22.9,65.83,26.7,51.5,81,Unhealthy,STN-689
2020-06-05 06:00:00,Delhi,28.658454371414365,77.17536799272136,Spring,11.2,66.8,10.5,38.38,13.89,13.8,16.2,256,Unhealthy,STN-323
2020-06-05 12:00:00,Delhi,28.688888313508045,77.27015251983983,Spring,15.9,74.0,26.8,21.36,56.89,35.2,40.4,280,Good,STN-928
2020-06-05 18:00:00,Paris,48.91648906540509,2.2968084403607367,Spring,40.0,52.6,0.7,33.34,47.5,,4.2,160,Good,STN-835
2020-06-06 00:00:00,Delhi,28.65767764595557,77.22357813651112,Spring,36.7,97.8,14.4,,16.68,27.2,43.4,117,Unhealthy,STN-775
2020-06-06 06:00:00,São Paulo,-23.573221564549524,-46.67807425705765,Spring,12.0,27.2,5.3,29.49,47.38,22.7,86.7,345,Good,STN-409
2020-06-06 12:00:00,London,51.49607689906977,-0.11598167178632127,Spring,12.6,32.4,5.9,80.51,17.41,25.0,81.3,69,Unhealthy for Sensitive,STN-647
2020-06-06 18:00:00,São Paulo,-23.62467762703251,-46.699538225946235,Spring,22.2,50.3,1.5,20.58,135.0,42.7,44.3,77,Good,STN-110
2020-06-07 00:00:00,Tokyo,35.67774819669974,139.67228688734764,Spring,33.0,56.8,0.3,20.89,28.25,29.4,36.5,310,Unhealthy,STN-370
2020-06-07 06:00:00,São Paulo,-23.58290641181613,-46.606315970416404,Spring,12.6,10.0,12.2,4.19,16.41,22.6,47.9,55,Moderate,STN-259
2020-06-07 12:00:00,São Paulo,-23.507207212099264,-46.57980572050205,Spring,5.6,88.4,23.1,26.34,36.03,49.6,49.3,347,Moderate,STN-595
2020-06-07 18:00:00,Delhi,28.598487134058352,77.22106318402761,Spring,24.7,63.3,12.7,19.43,34.99,31.6,37.5,125,Unhealthy,STN-774
2020-06-08 00:00:00,London,51.52765098114404,-0.12762061017838586,Spring,3.9,67.4,15.6,69.45,15.43,16.4,35.0,193,Good,STN-181
2020-06-08 06:00:00,Delhi,28.66939267262903,77.219796748974,Spring,31.5,25.0,16.7,,47.45,33.0,84.2,334,Moderate,STN-230
2020-06-08 12:00:00,Sydney,-33.914240262608566,151.20801542503384,Spring,9.1,62.8,7.8,36.5,35.44,21.0,53.4,126,Moderate,STN-166
2020-06-08 18:00:00,Tokyo,35.71883300471317,139.712679758573,Spring,10.2,61.9,26.3,7.39,18.58,8.9,32.7,228,Moderate,STN-443
2020-06-09 00:00:00,London,51.51894217204617,-0.1056813969927117,Spring,-12.5,,9.4,24.28,17.8,24.2,45.7,49,Unhealthy,STN-310
2020-06-09 06:00:00,Tokyo,35.75531837422784,139.65550867039258,Spring,26.2,75.3,14.2,,19.66,50.7,54.8,315,Good,STN-792
2020-06-09 12:00:00,Lagos,6.567000156854361,3.384714985238102,Spring,32.1,51.1,29.4,63.36,150.94,10.4,14.0,220,Moderate,STN-353
2020-06-09 18:00:00,Delhi,28.680933403991425,77.21915899873301,Spring,14.3,66.4,7.5,62.56,31.47,37.0,11.0,276,Unhealthy,STN-144
2020-06-10 00:00:00,Tokyo,35.725923076221505,139.74778305377083,Spring,5.9,68.0,16.8,49.97,41.15,1.6,60.8,332,Hazardous,STN-627
2020-06-10 06:00:00,Beijing,39.94334242776749,116.43325236536373,Spring,17.6,41.5,20.5,39.82,15.41,23.6,71.1,202,Unhealthy for Sensitive,STN-596
2020-06-10 12:00:00,Beijing,39.93089743196628,116.36989808186928,Spring,14.5,96.0,22.5,51.44,31.2,42.2,38.1,225,Hazardous,STN-669
2020-06-10 18:00:00,Sydney,-33.905562504726674,151.1761369312171,Spring,14.3,52.6,17.9,8.83,32.93,41.3,70.1,186,Unhealthy,STN-121
2020-06-11 00:00:00,Delhi,28.64002156556712,77.15993256790235,Spring,14.4,54.5,28.8,12.43,115.69,26.1,68.6,123,Hazardous,STN-270
2020-06-11 06:00:00,Cairo,30.059432601709073,31.132013272094476,Spring,12.1,61.9,13.0,30.7,28.53,30.3,36.4,206,Unhealthy for Sensitive,STN-960
2020-06-11 12:00:00,Paris,48.88406019024244,2.3406109643790343,Spring,-3.7,100.0,5.4,35.51,84.54,12.3,29.7,325,Moderate,STN-738
2020-06-11 18:00:00,London,51.413021046485625,-0.12370707497042521,Spring,12.0,70.2,22.1,15.44,57.12,32.9,26.1,297,Unhealthy for Sensitive,STN-603
2020-06-12 00:00:00,Tokyo,35.64385844336127,139.62544639443271,Spring,43.2,46.5,26.6,35.71,47.2,31.4,79.5,94,Unhealthy,STN-809
2020-06-12 06:00:00,Paris,48.82010137059154,2.358058077985731,Spring,-11.7,53.3,22.5,,80.99,22.1,29.1,119,Hazardous,STN-355
2020-06-12 12:00:00,Delhi,28.57931496985115,77.32004774938814,Spring,11.4,45.7,13.2,29.15,37.71,35.8,38.7,332,Good,STN-632
2020-06-12 18:00:00,Cairo,29.975695091303056,31.288120880577225,Spring,29.3,69.4,14.7,21.44,26.52,24.8,0.4,14,Good,STN-950
2020-06-13 00:00:00,New York,40.71525413914462,-73.96402905154353,Spring,10.5,52.5,8.8,60.42,39.29,,57.1,42,Moderate,STN-608
2020-06-13 06:00:00,Beijing,39.89307256173572,116.36931769125638,Spring,19.2,62.1,21.7,42.87,82.89,,30.6,190,Moderate,STN-636
2020-06-13 12:00:00,Lagos,6.497939328901422,3.381940761519969,Spring,14.0,79.1,11.5,34.56,83.36,6.4,17.9,266,Good,STN-517
2020-06-13 18:00:00,Delhi,28.598348708348265,77.28817712357143,Spring,33.5,74.4,9.7,15.07,54.2,43.1,61.3,284,Unhealthy,STN-730
2020-06-14 00:00:00,Tokyo,35.585199485224486,139.6092788348474,Spring,12.2,38.3,21.3,51.29,54.59,19.1,53.7,106,Unhealthy,STN-925
2020-06-14 06:00:00,Beijing,39.92709332214287,116.41055203704688,Spring,22.8,33.3,19.6,26.18,51.61,29.6,52.0,167,Unhealthy for Sensitive,STN-450
2020-06-14 12:00:00,São Paulo,-23.45902955994704,-46.56476987070991,Spring,13.8,78.0,21.9,74.36,108.63,7.6,48.8,290,Good,STN-941
2020-06-14 18:00:00,Beijing,39.97274484729022,116.48806421066953,Spring,3.2,68.4,16.1,42.99,51.4,,19.4,100,Unhealthy,STN-340
2020-06-15 00:00:00,Cairo,30.091392588899442,31.33475190598544,Spring,2.4,46.7,6.4,107.48,37.18,10.3,14.6,190,Moderate,STN-110
2020-06-15 06:00:00,New York,40.658128436400254,-73.9806438836637,Spring,4.0,78.4,13.6,22.27,70.51,,29.3,194,Unhealthy for Sensitive,STN-203
2020-06-15 12:00:00,New York,40.697154325100946,-73.99509810426638,Spring,30.0,49.8,28.9,3.7,129.74,46.8,33.8,155,Good,STN-573
2020-06-15 18:00:00,London,51.566352682620376,-0.16915924200765928,Spring,13.3,36.4,0.9,22.41,30.63,31.3,34.8,306,Unhealthy,STN-630
2020-06-16 00:00:00,London,51.45167451066673,-0.07089991251940542,Spring,31.5,,23.4,51.46,40.7,24.4,4.2,256,Moderate,STN-353
2020-06-16 06:00:00,São Paulo,-23.532885946735355,-46.64416153900273,Spring,-5.4,70.2,19.0,5.22,157.47,11.3,18.8,339,Moderate,STN-542
2020-06-16 12:00:00,Beijing,39.864745215269785,116.35423365221254,Spring,27.1,74.1,6.9,107.23,33.85,,18.2,258,Moderate,STN-430
2020-06-16 18:00:00,São Paulo,-23.502769843403282,-46.57111155803543,Spring,34.3,52.4,13.8,46.62,22.15,25.6,55.6,310,Moderate,STN-359
2020-06-17 00:00:00,Sydney,-33.900733640789234,151.12648405784435,Spring,10.2,65.1,20.1,37.07,32.42,21.9,23.9,320,Moderate,STN-677
2020-06-17 06:00:00,Beijing,39.94300063796012,116.33021148676359,Spring,26.8,43.9,22.6,21.98,47.07,14.1,11.9,181,Hazardous,STN-155
2020-06-17 12:00:00,London,51.45183082313782,-0.18915488739317354,Spring,33.2,39.0,14.6,26.81,6.53,4.1,24.8,17,Unhealthy,STN-287
2020-06-17 18:00:00,New York,40.68598197570511,-74.03761999843698,Spring,15.7,67.2,11.0,12.46,52.45,21.6,14.9,321,Unhealthy for Sensitive,STN-210
2020-06-18 00:00:00,Sydney,-33.923163234361475,151.13122636798815,Spring,12.1,57.4,11.8,22.6,29.15,30.9,62.2,144,Hazardous,STN-200
2020-06-18 06:00:00,São Paulo,-23.644100984535484,-46.62491440645509,Spring,30.7,55.0,28.9,30.22,39.44,6.2,25.3,149,Unhealthy,STN-829
2020-06-18 12:00:00,Beijing,39.935750568400394,116.41386548042735,Spring,0.1,75.0,10.2,13.83,39.34,39.6,41.1,28,Moderate,STN-352
2020-06-18 18:00:00,Lagos,6.503546695446253,3.3993360232475958,Spring,9.7,40.8,2.9,10.01,12.11,,23.7,203,Unhealthy for Sensitive,STN-567
2020-06-19 00:00:00,Beijing,39.951518178684225,116.34142836229942,Spring,16.8,52.8,26.9,31.62,53.22,51.0,67.6,327,Moderate,STN-897
2020-06-19 06:00:00,Cairo,30.073019173909618,31.1715591775261,Spring,12.8,88.7,1.2,19.13,116.73,36.8,33.3,76,Unhealthy,STN-251
2020-06-19 12:00:00,Beijing,39.845416483045234,116.39645966852446,Spring,-8.5,56.4,5.2,38.79,23.7,13.1,29.7,25,Good,STN-787
2020-06-19 18:00:00,Sydney,-33.86067023270702,151.20595020391116,Spring,33.1,97.0,24.0,12.57,103.5,2.2,20.4,25,Moderate,STN-860
2020-06-20 00:00:00,Cairo,30.09878186656157,31.29492812119426,Spring,4.5,82.9,16.7,18.42,27.69,19.6,38.2,224,Unhealthy for Sensitive,STN-286
2020-06-20 06:00:00,New York,40.75610717833264,-73.98238329979696,Spring,25.3,64.7,10.7,26.83,27.61,45.5,21.0,102,Moderate,STN-957
2020-06-20 12:00:00,Delhi,28.685099048299804,77.11221633868266,Spring,10.3,63.1,14.2,17.14,88.04,,40.6,29,Moderate,STN-359
2020-06-20 18:00:00,Beijing,39.946494735035834,116.34323163643198,Spring,30.1,56.0,19.4,7.39,15.67,49.1,63.3,65,Good,STN-311
2020-06-21 00:00:00,London,51.46680964775227,-0.1636284343196933,Spring,31.2,38.2,16.9,15.82,51.71,21.4,44.5,286,Good,STN-121
2020-06-21 06:00:00,Tokyo,35.64521022009438,139.6297031159799,Spring,-0.5,78.5,17.9,15.92,25.77,21.0,45.9,344,Moderate,STN-171
2020-06-21 12:00:00,Delhi,28.742894601071406,77.15225624015005,Spring,13.3,60.2,22.3,37.14,210.96,45.0,22.0,32,Unhealthy,STN-180
2020-06-21 18:00:00,Lagos,6.612215099304385,3.4438216551221728,Spring,14.7,82.6,29.7,12.28,58.22,24.0,38.3,290,Unhealthy for Sensitive,STN-332
2020-06-22 00:00:00,Delhi,28.640436637394842,77.16588094164034,Spring,3.5,55.2,18.7,21.71,111.01,47.4,2.4,283,Unhealthy,STN-717
2020-06-22 06:00:00,London,51.53310616365459,-0.14433924362385786,Spring,5.3,65.2,15.9,42.8,52.6,20.9,41.0,103,Unhealthy for Sensitive,STN-693
2020-06-22 12:00:00,London,51.46163143336502,-0.1034592985421319,Spring,23.0,97.6,13.6,62.26,66.73,36.9,7.8,147,Moderate,STN-226
2020-06-22 18:00:00,São Paulo,-23.49480122211423,-46.65177362389639,Spring,10.7,57.1,4.9,59.9,5.8,38.4,46.1,242,Moderate,STN-709
2020-06-23 00:00:00,Cairo,30.007148328765325,31.222766178693856,Spring,22.4,94.1,24.0,18.04,65.72,1.8,47.5,98,Unhealthy for Sensitive,STN-957
2020-06-23 06:00:00,Beijing,39.87616720099679,116.4199925153805,Spring,15.9,66.9,15.5,9.65,39.97,32.5,43.5,149,Unhealthy,STN-891
2020-06-23 12:00:00,Paris,48.87276893078716,2.4094168067218984,Spring,1.6,55.1,1.9,62.38,107.24,26.9,38.1,117,Unhealthy,STN-692
2020-06-23 18:00:00,Paris,48.87463876538756,2.337845111728251,Spring,25.9,33.3,13.3,11.57,70.04,15.7,20.2,37,Moderate,STN-361
2020-06-24 00:00:00,Beijing,39.873672258191284,116.38729254692734,Spring,7.3,91.8,1.1,34.29,133.04,9.7,51.1,252,Good,STN-973
2020-06-24 06:00:00,Sydney,-33.805329060556616,151.1561627035761,Spring,3.9,,23.3,31.29,36.69,45.6,6.2,154,Moderate,STN-319
2020-06-24 12:00:00,Paris,48.908616709503185,2.3736626724476007,Spring,5.3,67.2,9.3,24.44,33.97,5.8,14.7,205,Unhealthy for Sensitive,STN-546
2020-06-24 18:00:00,Cairo,30.063518011578108,31.249373983545023,Spring,14.0,72.0,24.2,39.52,55.62,19.3,65.8,19,Good,STN-561
2020-06-25 00:00:00,Delhi,28.60362204322332,77.26492921051408,Spring,25.2,35.4,10.5,14.05,30.69,33.8,61.5,195,Unhealthy for Sensitive,STN-458
2020-06-25 06:00:00,Beijing,39.90059364559192,116.38367279127927,Spring,22.1,54.6,19.6,3.68,75.86,29.6,31.3,332,Unhealthy for Sensitive,STN-843
2020-06-25 12:00:00,Cairo,30.120050126722962,31.29472705957534,Spring,17.2,63.1,23.4,20.61,56.68,15.8,55.6,284,Unhealthy for Sensitive,STN-163
2020-06-25 18:00:00,Delhi,28.57004718419564,77.26086760316527,Spring,21.6,36.1,13.0,23.73,27.06,18.3,29.8,348,Moderate,STN-942
2020-06-26 00:00:00,Sydney,-33.901838290268905,151.20316061311948,Spring,13.5,89.7,26.0,,19.9,,43.5,97,Good,STN-152
2020-06-26 06:00:00,Tokyo,35.671577236520875,139.62310830122146,Spring,17.6,80.8,28.4,14.49,36.27,17.1,76.2,177,Good,STN-714
2020-06-26 12:00:00,Lagos,6.568944730238092,3.372221058755826,Spring,11.3,65.5,25.6,21.04,17.96,2.8,57.2,213,Good,STN-806
2020-06-26 18:00:00,Paris,48.87131123240984,2.28451734795096,Spring,13.5,40.7,14.4,22.53,40.13,51.8,51.4,140,Unhealthy,STN-887
2020-06-27 00:00:00,Beijing,39.84238140422263,116.48680768852915,Spring,3.6,55.9,25.5,,31.1,18.7,41.2,43,Moderate,STN-799
2020-06-27 06:00:00,Tokyo,35.70972104270855,139.61585486826226,Spring,-7.4,44.4,14.9,56.94,98.93,16.9,33.8,98,Moderate,STN-408
2020-06-27 12:00:00,São Paulo,-23.574440728291304,-46.61986459309374,Spring,23.6,100.0,20.0,14.17,122.92,32.7,62.3,304,Unhealthy,STN-372
2020-06-27 18:00:00,New York,40.7521990417281,-73.98456186640347,Spring,25.6,50.4,16.3,29.55,88.67,2.2,41.0,190,Moderate,STN-309
2020-06-28 00:00:00,London,51.49362887782878,-0.0903173377220076,Spring,15.6,79.2,7.3,46.44,92.25,23.9,45.2,12,Good,STN-324
2020-06-28 06:00:00,Beijing,39.88057232231243,116.43923329345834,Spring,32.0,65.7,15.7,3.33,16.84,33.1,31.5,200,Moderate,STN-623
2020-06-28 12:00:00,Delhi,28.644380822499812,77.224926595059,Spring,20.2,73.0,20.7,10.92,59.33,11.8,51.6,252,Unhealthy for Sensitive,STN-509
2020-06-28 18:00:00,Beijing,39.91704364037354,116.40563558731017,Spring,25.9,45.3,20.2,14.65,21.0,56.5,59.2,127,Moderate,STN-490
2020-06-29 00:00:00,Lagos,6.503922573586823,3.3194680938157677,Spring,29.5,,6.0,29.53,53.63,6.3,64.0,340,Good,STN-478
2020-06-29 06:00:00,London,51.439451543823964,-0.1802997559634835,Spring,20.5,60.7,2.0,,33.38,15.4,40.4,232,Unhealthy,STN-717
2020-06-29 12:00:00,Cairo,29.988626898373923,31.17475527689897,Spring,24.2,67.9,16.4,22.96,27.93,53.0,26.8,272,Unhealthy for Sensitive,STN-988
2020-06-29 18:00:00,Delhi,28.613572403129574,77.14407197543181,Spring,21.2,75.5,21.6,41.38,29.99,17.2,48.2,278,Unhealthy for Sensitive,STN-920
2020-06-30 00:00:00,São Paulo,-23.59152060474341,-46.62078327071098,Spring,14.0,60.2,3.4,21.45,34.17,21.9,84.5,151,Moderate,STN-625
2020-06-30 06:00:00,Tokyo,35.714906807684635,139.67075623714823,Spring,3.1,76.4,17.9,66.33,56.94,20.0,18.8,247,Moderate,STN-172
2020-06-30 12:00:00,São Paulo,-23.51727470758472,-46.62294133118994,Spring,12.6,51.2,13.8,13.15,16.38,23.6,51.6,192,Unhealthy for Sensitive,STN-781
2020-06-30 18:00:00,Paris,48.82787115856146,2.3767980166497455,Spring,11.4,50.0,17.9,14.85,16.23,22.5,82.3,35,Moderate,STN-942
2020-07-01 00:00:00,Tokyo,35.67200130045203,139.6305255322912,Summer,-8.8,79.7,30.7,51.66,9.39,34.9,9.5,327,Unhealthy,STN-106
2020-07-01 06:00:00,Lagos,6.555845450240348,3.3361478644823714,Summer,16.0,60.5,30.6,13.46,149.09,53.3,11.6,247,Unhealthy for Sensitive,STN-874
2020-07-01 12:00:00,Delhi,28.742479194392228,77.26736785730711,Summer,7.2,73.5,19.1,19.42,77.18,58.1,13.4,215,Moderate,STN-691
2020-07-01 18:00:00,Cairo,30.004920372698187,31.190289116284017,Summer,22.9,,18.1,55.43,90.3,45.7,39.3,249,Good,STN-143
2020-07-02 00:00:00,São Paulo,-23.58846755626826,-46.620461191900496,Summer,10.9,68.5,26.2,23.21,24.5,5.4,64.3,116,Moderate,STN-641
2020-07-02 06:00:00,Sydney,-33.774696869016566,151.2823941405176,Summer,17.5,52.4,12.2,14.48,106.86,,29.7,331,Moderate,STN-307
2020-07-02 12:00:00,Lagos,6.505352543819611,3.3319022879320377,Summer,34.8,17.0,14.9,,28.11,30.6,15.4,264,Moderate,STN-769
2020-07-02 18:00:00,Tokyo,35.66825798177616,139.5814216247119,Summer,12.2,80.8,17.9,67.83,46.83,29.0,47.1,32,Unhealthy for Sensitive,STN-719
2020-07-03 00:00:00,Delhi,28.68147029154307,77.16809007688337,Summer,10.3,63.2,15.2,19.97,45.72,31.9,75.8,37,Good,STN-275
2020-07-03 06:00:00,Beijing,39.89658720567515,116.4041026646324,Summer,14.2,43.2,14.9,57.91,83.86,6.3,19.5,195,Good,STN-506
2020-07-03 12:00:00,Cairo,30.08075504972343,31.200153817009763,Summer,-7.4,90.1,22.3,20.17,34.25,15.3,63.0,81,Good,STN-330
2020-07-03 18:00:00,Beijing,39.91552501667304,116.31945263583604,Summer,8.2,70.0,8.2,8.71,40.58,31.1,0.0,146,Moderate,STN-311
2020-07-04 00:00:00,Cairo,30.06105872678964,31.180690747176225,Summer,12.4,58.5,9.2,14.39,63.75,19.1,70.6,154,Unhealthy for Sensitive,STN-364
2020-07-04 06:00:00,Beijing,39.937592647292036,116.3289509372811,Summer,9.1,22.8,23.8,28.96,13.72,46.8,34.8,169,Unhealthy,STN-290
2020-07-04 12:00:00,New York,40.797574116454236,-74.01193803728104,Summer,11.9,60.9,13.1,26.16,264.85,,48.9,93,Good,STN-101
2020-07-04 18:00:00,Beijing,39.96412064912988,116.30575845824625,Summer,35.0,81.0,32.2,25.63,71.41,28.0,9.1,269,Moderate,STN-456
2020-07-05 00:00:00,Paris,48.8665660419887,2.3124674829943825,Summer,-1.0,,12.7,,61.82,13.1,64.6,252,Hazardous,STN-420
2020-07-05 06:00:00,Beijing,39.88809533652211,116.47755608526617,Summer,21.9,48.1,20.2,7.85,16.21,13.0,35.5,10,Unhealthy for Sensitive,STN-128
2020-07-05 12:00:00,Lagos,6.499334979638545,3.3321658347891656,Summer,24.4,61.1,19.0,51.63,85.85,28.3,21.2,247,Moderate,STN-927
2020-07-05 18:00:00,Tokyo,35.71254643274651,139.64429500179838,Summer,13.9,66.8,14.7,5.46,30.86,,37.0,125,Unhealthy for Sensitive,STN-738
2020-07-06 00:00:00,London,51.4919895723793,-0.11870841550768808,Summer,29.6,54.5,2.7,29.54,14.82,25.6,79.0,86,Good,STN-141
2020-07-06 06:00:00,Tokyo,35.6663724313109,139.6215296070312,Summer,36.7,77.4,21.0,25.48,58.85,10.2,23.9,302,Good,STN-476
2020-07-06 12:00:00,London,51.50696792279155,-0.10557620342480353,Summer,-0.8,52.4,15.5,7.98,26.35,17.5,25.2,188,Good,STN-189
2020-07-06 18:00:00,Beijing,39.96667889985033,116.47067401326302,Summer,11.9,79.6,15.1,35.51,35.92,11.0,36.4,139,Good,STN-140
2020-07-07 00:00:00,Delhi,28.593117025103393,77.21892667598834,Summer,7.9,100.0,20.5,4.04,25.37,39.3,0.5,322,Unhealthy,STN-707
2020-07-07 06:00:00,Tokyo,35.71381895247253,139.56251153398887,Summer,3.6,36.8,18.5,23.16,109.23,28.2,23.8,209,Moderate,STN-192
2020-07-07 12:00:00,Paris,48.949521919878116,2.3083644743630165,Summer,25.4,79.7,1.5,36.27,14.37,22.4,45.1,255,Moderate,STN-907
2020-07-07 18:00:00,São Paulo,-23.539488208459556,-46.64960412991867,Summer,11.8,82.2,15.8,7.8,39.55,,51.5,148,Unhealthy,STN-940
2020-07-08 00:00:00,Paris,48.96792183487084,2.3033180764419043,Summer,13.8,65.5,4.4,19.93,63.72,19.1,40.7,335,Moderate,STN-786
2020-07-08 06:00:00,Delhi,28.597089540722276,77.19580030395895,Summer,19.0,67.6,21.5,13.37,55.8,19.3,10.9,160,Unhealthy,STN-994
2020-07-08 12:00:00,Cairo,30.068573842692814,31.280204063005986,Summer,29.3,65.6,15.5,56.3,75.71,0.4,46.6,331,Moderate,STN-254
2020-07-08 18:00:00,Tokyo,35.647532484553146,139.63608268602715,Summer,-1.5,50.8,16.2,22.64,53.51,16.1,19.2,81,Good,STN-157
2020-07-09 00:00:00,London,51.4281887085937,-0.10282455318367413,Summer,2.6,76.6,13.5,18.16,29.18,27.4,41.9,228,Unhealthy for Sensitive,STN-998
2020-07-09 06:00:00,Cairo,30.072215901467516,31.295553043364976,Summer,17.8,100.0,8.1,41.58,21.95,36.5,67.9,48,Good,STN-324
2020-07-09 12:00:00,Beijing,39.88144288120434,116.41658180492155,Summer,26.1,,4.8,,36.85,25.7,58.7,239,Good,STN-183
2020-07-09 18:00:00,Delhi,28.67132750794961,77.17707984205994,Summer,26.0,28.1,8.2,24.8,7.98,15.3,11.9,240,Moderate,STN-595
2020-07-10 00:00:00,Cairo,30.083526274310614,31.30145051904675,Summer,27.1,45.4,14.0,17.87,50.35,43.1,21.6,113,Moderate,STN-806
2020-07-10 06:00:00,Cairo,30.01362607962411,31.241630097364602,Summer,8.6,57.7,11.5,21.46,18.19,48.2,50.0,293,Moderate,STN-241
2020-07-10 12:00:00,London,51.41441132622288,-0.07180009540225774,Summer,-3.1,38.9,16.9,5.64,41.58,10.9,56.5,213,Moderate,STN-723
2020-07-10 18:00:00,New York,40.69688359166741,-73.99557738304328,Summer,6.2,59.5,22.4,16.82,51.2,5.1,64.2,68,Unhealthy,STN-421
2020-07-11 00:00:00,Beijing,39.89159091590303,116.50951831053439,Summer,26.2,57.7,4.0,,20.6,28.1,62.7,256,Hazardous,STN-548
2020-07-11 06:00:00,Beijing,39.94526382375725,116.27581501103354,Summer,15.9,32.6,10.0,21.11,115.52,25.1,22.1,336,Hazardous,STN-952
2020-07-11 12:00:00,Sydney,-33.782009688700946,151.14725716215943,Summer,12.6,37.3,7.5,9.64,72.11,5.8,10.9,165,Unhealthy for Sensitive,STN-564
2020-07-11 18:00:00,São Paulo,-23.462523736927338,-46.67055209570256,Summer,30.8,45.0,1.7,9.16,80.77,33.4,70.9,84,Good,STN-742
2020-07-12 00:00:00,São Paulo,-23.566194069206688,-46.57597665770974,Summer,21.2,10.0,29.2,10.77,32.89,5.6,26.6,242,Unhealthy,STN-106
2020-07-12 06:00:00,Lagos,6.60896312837417,3.4622773093722454,Summer,18.1,95.0,25.3,55.2,23.35,38.0,22.9,184,Unhealthy for Sensitive,STN-449
2020-07-12 12:00:00,Beijing,39.93162613496259,116.28481384876326,Summer,35.0,55.9,13.9,37.94,35.6,33.9,62.1,348,Unhealthy,STN-749
2020-07-12 18:00:00,São Paulo,-23.60133583790882,-46.638152352840365,Summer,29.6,31.3,14.2,11.24,14.09,32.1,35.7,11,Moderate,STN-733
2020-07-13 00:00:00,Delhi,28.54976390293017,77.25013468826032,Summer,9.4,46.6,7.9,30.27,35.83,31.1,66.0,22,Unhealthy,STN-116
2020-07-13 06:00:00,Paris,48.90269634096227,2.329034382664117,Summer,13.1,62.7,23.0,35.69,14.28,20.6,59.4,99,Good,STN-808
2020-07-13 12:00:00,Beijing,39.82268800506639,116.36362356326926,Summer,10.1,70.9,21.1,9.18,63.75,27.5,37.2,126,Moderate,STN-153
2020-07-13 18:00:00,São Paulo,-23.55507960919984,-46.668055768725786,Summer,14.9,44.1,6.0,11.44,178.04,18.6,67.7,337,Good,STN-402
2020-07-14 00:00:00,New York,40.84160586301041,-74.04480704364941,Summer,-15.0,47.7,21.5,6.02,75.69,36.3,37.9,203,Moderate,STN-551
2020-07-14 06:00:00,London,51.42069396170809,-0.16181671696492775,Summer,18.5,,2.6,95.31,70.69,34.0,21.4,112,Good,STN-812
2020-07-14 12:00:00,New York,40.65749568110633,-74.0373389978139,Summer,19.5,35.3,10.9,26.62,23.74,13.1,46.8,328,Hazardous,STN-511
2020-07-14 18:00:00,Sydney,-33.82567420084519,151.23055252465397,Summer,17.3,,13.4,21.62,23.06,21.7,49.9,106,Moderate,STN-139
2020-07-15 00:00:00,London,51.513232876181014,-0.058874779359657264,Summer,6.3,62.5,12.5,21.03,44.98,22.3,4.8,71,Unhealthy for Sensitive,STN-348
2020-07-15 06:00:00,Beijing,39.843436072185426,116.37733128595669,Summer,20.5,54.7,18.3,27.45,49.9,39.2,12.3,121,Moderate,STN-536
2020-07-15 12:00:00,Lagos,6.514349964208045,3.3094403662848926,Summer,26.4,69.0,20.1,25.25,45.13,17.5,21.2,146,Unhealthy for Sensitive,STN-804
2020-07-15 18:00:00,Tokyo,35.75459873671505,139.63324995186125,Summer,22.5,45.9,15.9,23.66,143.32,39.2,6.7,337,Good,STN-248
2020-07-16 00:00:00,Tokyo,35.70536517096388,139.7107117476318,Summer,31.3,58.1,1.7,11.92,36.21,37.7,64.5,333,Good,STN-656
2020-07-16 06:00:00,Beijing,39.91006791666646,116.36311328341226,Summer,-3.3,71.2,15.6,14.49,19.17,11.7,18.6,38,Moderate,STN-650
2020-07-16 12:00:00,Sydney,-33.86373667083372,151.1267109939497,Summer,18.3,93.7,19.5,7.72,28.74,53.6,54.8,34,Moderate,STN-595
2020-07-16 18:00:00,Delhi,28.620809624440483,77.18737022716087,Summer,28.1,100.0,12.8,31.63,93.0,40.6,51.4,168,Good,STN-376
2020-07-17 00:00:00,London,51.48132468725662,-0.21646902246226976,Summer,27.2,38.2,15.9,9.96,131.55,25.4,49.0,149,Unhealthy for Sensitive,STN-825
2020-07-17 06:00:00,Cairo,30.122878871087238,31.28452383936287,Summer,32.6,25.6,13.9,42.38,35.71,52.6,14.2,123,Hazardous,STN-197
2020-07-17 12:00:00,New York,40.83731606646904,-73.96987249325906,Summer,10.2,69.4,8.1,21.49,82.02,37.5,14.0,248,Good,STN-871
2020-07-17 18:00:00,London,51.52131051439679,-0.0850514651100269,Summer,28.1,45.6,13.1,77.14,38.03,20.5,57.5,289,Unhealthy,STN-684
2020-07-18 00:00:00,Delhi,28.624120200340563,77.14472259636547,Summer,28.8,93.5,15.7,36.95,41.82,40.4,64.5,328,Moderate,STN-249
2020-07-18 06:00:00,Tokyo,35.614909362354844,139.64579267172536,Summer,14.2,46.3,20.2,36.0,85.77,33.8,80.1,38,Moderate,STN-402
2020-07-18 12:00:00,São Paulo,-23.604157362579336,-46.64488619221542,Summer,1.8,60.0,0.6,38.8,41.89,0.6,53.4,197,Unhealthy,STN-767
2020-07-18 18:00:00,Sydney,-33.81252059437077,151.26302212968878,Summer,11.7,,6.8,60.7,26.2,2.1,40.8,270,Moderate,STN-970
2020-07-19 00:00:00,Cairo,30.141007864543813,31.195041901898794,Summer,30.7,39.1,12.9,23.78,63.36,49.1,33.3,274,Unhealthy,STN-198
2020-07-19 06:00:00,Lagos,6.544137529355602,3.4056554886247374,Summer,14.4,85.7,13.5,6.81,71.95,35.1,1.2,139,Unhealthy,STN-363
2020-07-19 12:00:00,Lagos,6.528163204905689,3.410972162414913,Summer,35.0,56.6,21.7,141.38,130.81,6.7,31.7,308,Good,STN-135
2020-07-19 18:00:00,Lagos,6.4796913111999155,3.415946352787968,Summer,6.8,44.5,23.0,35.42,78.83,35.5,49.0,246,Moderate,STN-241
2020-07-20 00:00:00,Lagos,6.638172231442301,3.3655248591791,Summer,10.1,79.9,27.0,28.67,43.7,24.0,48.6,178,Moderate,STN-408
2020-07-20 06:00:00,São Paulo,-23.46508777215688,-46.58824077344659,Summer,31.4,62.6,25.7,11.35,19.64,40.5,67.7,214,Unhealthy,STN-143
2020-07-20 12:00:00,São Paulo,-23.609853133529697,-46.66937081235267,Summer,-4.4,30.3,8.9,57.41,78.84,30.1,51.1,176,Good,STN-997
2020-07-20 18:00:00,Lagos,6.4632825010811,3.345527513414499,Summer,23.9,84.0,2.1,21.89,48.92,44.4,70.9,209,Moderate,STN-755
2020-07-21 00:00:00,São Paulo,-23.520882073686046,-46.644258112708556,Summer,18.8,89.7,17.0,14.89,26.99,40.8,12.8,123,Moderate,STN-707
2020-07-21 06:00:00,New York,40.5742910192951,-74.01660211356837,Summer,-7.7,91.9,7.8,66.21,56.78,31.0,12.3,86,Unhealthy,STN-336
2020-07-21 12:00:00,Delhi,28.619411716165384,77.21019214213088,Summer,11.7,82.3,14.5,56.37,39.24,45.8,16.9,178,Moderate,STN-482
2020-07-21 18:00:00,Beijing,39.91788110633504,116.41501496379063,Summer,10.8,58.2,11.9,,48.02,34.5,21.2,98,Moderate,STN-818
2020-07-22 00:00:00,Delhi,28.585561370593638,77.22679808734287,Summer,27.2,78.1,14.6,,52.21,26.6,30.4,68,Moderate,STN-321
2020-07-22 06:00:00,Lagos,6.507189697531799,3.3384318794811083,Summer,8.0,66.3,13.3,9.48,43.99,38.7,4.4,193,Good,STN-759
2020-07-22 12:00:00,Beijing,39.85760757124154,116.47182738883365,Summer,15.9,46.8,13.3,87.18,66.69,29.1,55.8,55,Good,STN-452
2020-07-22 18:00:00,São Paulo,-23.54239558178001,-46.61999984698627,Summer,25.4,67.1,10.5,14.78,53.0,13.7,52.0,213,Moderate,STN-752
2020-07-23 00:00:00,Lagos,6.542213853084191,3.4387936531527257,Summer,-14.9,65.5,14.9,23.74,33.99,15.2,42.8,326,Good,STN-302
2020-07-23 06:00:00,Cairo,30.03945790336997,31.1362316783121,Summer,32.3,95.9,18.7,62.22,62.21,27.4,51.8,218,Unhealthy for Sensitive,STN-764
2020-07-23 12:00:00,Paris,48.94077777049792,2.3529223431079838,Summer,1.7,62.9,21.2,17.03,13.7,22.3,42.3,20,Moderate,STN-987
2020-07-23 18:00:00,Paris,48.87103642708894,2.2767174092493923,Summer,21.0,35.2,12.9,122.83,29.08,11.1,41.0,84,Good,STN-229
2020-07-24 00:00:00,Beijing,39.8893644227851,116.48471947830224,Summer,13.3,68.5,16.3,6.3,94.81,,54.4,29,Good,STN-877
2020-07-24 06:00:00,Sydney,-33.8476111717329,151.17440854930098,Summer,16.6,32.6,5.5,26.8,43.23,19.8,55.6,331,Good,STN-823
2020-07-24 12:00:00,New York,40.65160774521527,-74.02490639378453,Summer,29.2,48.7,10.3,33.32,29.02,33.1,47.2,344,Good,STN-218
2020-07-24 18:00:00,New York,40.736830318626964,-73.93475471989876,Summer,4.9,73.5,31.4,36.82,30.53,47.7,42.8,278,Moderate,STN-667
2020-07-25 00:00:00,Tokyo,35.62854450326109,139.4999837040895,Summer,10.1,99.5,13.1,58.92,46.14,16.4,33.1,68,Unhealthy for Sensitive,STN-540
2020-07-25 06:00:00,Delhi,28.58391168335602,77.30656523115987,Summer,19.6,41.0,16.1,17.5,69.97,33.2,14.1,326,Moderate,STN-362
2020-07-25 12:00:00,Delhi,28.660748940116054,77.23017949232967,Summer,11.9,68.1,16.3,10.71,56.23,23.0,52.3,76,Unhealthy,STN-979
2020-07-25 18:00:00,Sydney,-34.01166987563979,151.1966357942249,Summer,26.8,53.7,10.5,18.64,30.99,33.9,60.5,85,Moderate,STN-644
2020-07-26 00:00:00,London,51.52880266949291,-0.07445868827036145,Summer,14.0,100.0,5.0,73.22,41.2,10.0,32.8,237,Good,STN-695
2020-07-26 06:00:00,Beijing,39.791396782538314,116.44788009103708,Summer,10.0,59.0,23.1,30.6,65.69,29.7,31.7,105,Unhealthy for Sensitive,STN-358
2020-07-26 12:00:00,Sydney,-33.89030074690098,151.1857562233602,Summer,20.4,57.7,20.9,137.8,33.16,,33.9,92,Unhealthy,STN-444
2020-07-26 18:00:00,Beijing,39.94092172375547,116.46930007901055,Summer,19.3,68.3,14.4,69.97,24.41,1.6,29.1,150,Unhealthy,STN-830
2020-07-27 00:00:00,New York,40.67003921767627,-74.01064289258682,Summer,5.6,69.3,17.8,26.04,86.75,5.3,37.7,192,Unhealthy,STN-444
2020-07-27 06:00:00,Paris,48.8086802649245,2.320600363315015,Summer,26.4,48.0,26.6,9.79,177.79,18.1,67.7,338,Unhealthy,STN-109
2020-07-27 12:00:00,Delhi,28.65461347216649,77.24470696392977,Summer,54.0,48.2,6.4,32.53,12.78,38.4,61.2,122,Good,STN-472
2020-07-27 18:00:00,New York,40.70303703037627,-73.94912908920422,Summer,23.9,45.4,11.2,56.94,169.4,38.4,18.9,227,Hazardous,STN-902
2020-07-28 00:00:00,Lagos,6.464298805778286,3.3237509747965417,Summer,10.6,63.7,4.7,10.79,108.76,10.4,39.7,27,Unhealthy for Sensitive,STN-545
2020-07-28 06:00:00,Sydney,-33.851118517296776,151.18406448850683,Summer,20.4,51.8,8.6,11.66,69.08,2.3,32.9,285,Unhealthy for Sensitive,STN-385
2020-07-28 12:00:00,Paris,48.89988753271222,2.3061739234379286,Summer,6.6,57.5,4.4,24.95,40.05,43.4,47.4,254,Good,STN-206
2020-07-28 18:00:00,London,51.535475373746586,-0.16709858792841847,Summer,20.3,76.5,12.9,26.49,108.26,3.7,18.8,274,Unhealthy,STN-210
2020-07-29 00:00:00,Delhi,28.639150507237968,77.28258390711794,Summer,12.3,67.9,9.9,13.25,97.8,13.8,61.6,196,Moderate,STN-477
2020-07-29 06:00:00,New York,40.72374083900928,-74.02977810563432,Summer,14.9,87.8,27.0,31.77,57.06,23.6,33.4,144,Unhealthy,STN-539
2020-07-29 12:00:00,New York,40.819461643125585,-74.02457227384153,Summer,17.6,73.2,13.5,,81.65,42.1,49.8,259,Unhealthy,STN-958
2020-07-29 18:00:00,Delhi,28.576704891263894,77.21926819785148,Summer,11.4,84.7,14.6,34.11,33.15,25.5,37.5,93,Moderate,STN-831
2020-07-30 00:00:00,Tokyo,35.66667398767813,139.59024479723792,Summer,12.8,55.2,14.7,,57.01,6.5,4.9,189,Unhealthy for Sensitive,STN-898
2020-07-30 06:00:00,Tokyo,35.69074293765875,139.69356413376306,Summer,-2.5,75.4,11.0,22.86,42.14,19.8,38.8,175,Moderate,STN-163
2020-07-30 12:00:00,Cairo,30.01313179703322,31.294944130815267,Summer,4.4,68.2,30.5,17.3,133.33,21.9,29.4,245,Unhealthy for Sensitive,STN-260
2020-07-30 18:00:00,Tokyo,35.653193328902994,139.6736054435507,Summer,21.3,53.3,11.8,23.65,62.28,57.6,39.1,196,Unhealthy,STN-897
2020-07-31 00:00:00,Cairo,30.00208315354783,31.21550786949135,Summer,26.3,82.1,15.7,3.89,110.21,60.5,43.6,346,Moderate,STN-989
2020-07-31 06:00:00,Delhi,28.561697936698224,77.14283250425238,Summer,8.4,52.1,14.3,26.72,38.55,38.2,37.0,31,Moderate,STN-236
2020-07-31 12:00:00,Sydney,-33.8348626223791,151.16436929821825,Summer,3.7,79.9,12.2,9.44,10.48,29.6,20.6,35,Unhealthy for Sensitive,STN-469
2020-07-31 18:00:00,New York,40.75379902958973,-73.99140331945338,Summer,18.5,68.4,9.8,92.21,44.17,13.0,48.0,328,Moderate,STN-274
2020-08-01 00:00:00,Tokyo,35.68159395954686,139.60667672447977,Summer,22.7,100.0,18.2,18.98,74.2,10.6,84.2,268,Moderate,STN-206
2020-08-01 06:00:00,Paris,48.80429462642206,2.4193524266029125,Summer,24.6,61.7,24.2,,37.98,22.9,61.0,294,Good,STN-128
2020-08-01 12:00:00,São Paulo,-23.603220770240434,-46.65305709860373,Summer,21.5,64.3,5.2,19.45,56.13,13.5,32.6,63,Unhealthy,STN-909
2020-08-01 18:00:00,Beijing,39.92729187872778,116.58255876838902,Summer,26.2,61.1,16.0,86.82,15.55,34.2,91.5,272,Unhealthy for Sensitive,STN-873
2020-08-02 00:00:00,Paris,48.84545181658049,2.359835071261488,Summer,-3.0,91.3,6.8,21.17,24.37,6.7,18.2,192,Good,STN-801
2020-08-02 06:00:00,New York,40.69847626024489,-74.02224215142422,Summer,37.8,91.1,18.2,25.17,76.7,38.3,4.2,192,Good,STN-544
2020-08-02 12:00:00,Lagos,6.424763875077884,3.297671612226752,Summer,30.9,51.0,23.5,26.06,6.86,42.8,62.8,136,Moderate,STN-377
2020-08-02 18:00:00,London,51.538629308299654,-0.07966973747397532,Summer,14.8,52.0,15.3,29.74,7.11,20.7,48.7,262,Good,STN-262
2020-08-03 00:00:00,Lagos,6.505958192749829,3.425997513668985,Summer,32.9,52.3,14.7,64.98,28.83,30.6,37.5,181,Hazardous,STN-970
2020-08-03 06:00:00,New York,40.71414343189964,-74.0502200684665,Summer,6.8,83.1,24.1,33.81,25.97,1.9,33.5,212,Moderate,STN-370
2020-08-03 12:00:00,São Paulo,-23.6002139987869,-46.697078953395675,Summer,19.0,81.1,8.7,101.9,113.11,8.8,23.8,331,Unhealthy for Sensitive,STN-427
2020-08-03 18:00:00,London,51.48702556400722,-0.16709956414215746,Summer,39.3,89.8,39.3,24.69,94.17,,58.8,29,Unhealthy for Sensitive,STN-437
2020-08-04 00:00:00,Delhi,28.576261010939948,77.1888642629933,Summer,33.4,64.3,33.0,18.52,109.16,37.6,21.5,122,Good,STN-158
2020-08-04 06:00:00,São Paulo,-23.600449734225837,-46.58306250957212,Summer,17.7,57.5,20.8,30.19,68.77,44.2,30.8,67,Moderate,STN-246
2020-08-04 12:00:00,Tokyo,35.58064100673751,139.6968273809855,Summer,36.4,61.2,18.3,17.28,24.63,19.0,52.3,253,Good,STN-495
2020-08-04 18:00:00,São Paulo,-23.49031186685387,-46.61377318950601,Summer,9.9,44.2,11.7,41.68,41.11,5.8,56.2,302,Unhealthy,STN-345
2020-08-05 00:00:00,Paris,48.84301712344792,2.2423539737771847,Summer,12.8,56.3,9.0,118.11,74.1,44.2,30.8,30,Unhealthy for Sensitive,STN-900
2020-08-05 06:00:00,São Paulo,-23.56319350337383,-46.601991878762995,Summer,17.1,42.6,7.2,5.44,14.11,9.2,16.5,25,Good,STN-467
2020-08-05 12:00:00,Tokyo,35.709215259761514,139.6061599373386,Summer,14.8,71.0,17.7,131.74,143.83,42.1,39.4,93,Hazardous,STN-890
2020-08-05 18:00:00,Cairo,30.039754469342707,31.170781497634273,Summer,-1.7,58.3,8.9,18.0,17.09,38.0,26.4,252,Unhealthy for Sensitive,STN-410
2020-08-06 00:00:00,Lagos,6.539674116096238,3.420356273741279,Summer,12.1,62.3,16.6,17.64,80.0,22.3,32.8,250,Moderate,STN-416
2020-08-06 06:00:00,São Paulo,-23.476256311331305,-46.543229128301924,Summer,7.8,42.1,19.1,144.77,22.88,30.3,42.5,235,Moderate,STN-929
2020-08-06 12:00:00,Tokyo,35.733479296909955,139.62234234884588,Summer,6.7,61.3,1.9,39.99,40.25,1.5,0.2,276,Moderate,STN-493
2020-08-06 18:00:00,Paris,48.822514329630394,2.3037764076556244,Summer,43.1,57.5,11.2,7.2,37.85,36.6,68.0,10,Good,STN-747
2020-08-07 00:00:00,Tokyo,35.672719406879416,139.65388089150153,Summer,24.1,94.3,17.9,79.12,30.86,42.7,51.8,270,Moderate,STN-539
2020-08-07 06:00:00,Paris,48.809994393869005,2.4265899696251636,Summer,3.1,40.4,18.2,11.84,42.01,,45.5,230,Unhealthy,STN-919
2020-08-07 12:00:00,Sydney,-33.923700811955044,151.19311853384835,Summer,9.6,41.6,33.0,19.08,11.92,37.3,71.3,304,Hazardous,STN-416
2020-08-07 18:00:00,Cairo,30.03041401269904,31.290475638691504,Summer,23.6,58.9,25.3,10.57,186.88,30.3,63.8,269,Hazardous,STN-693
2020-08-08 00:00:00,Paris,48.82187161476086,2.4409361073193465,Summer,21.0,43.0,10.7,13.73,42.17,38.8,72.7,331,Unhealthy for Sensitive,STN-529
2020-08-08 06:00:00,Beijing,39.845782665627446,116.3582405622241,Summer,34.7,53.1,24.8,10.96,110.55,33.4,51.0,187,Hazardous,STN-765
2020-08-08 12:00:00,Sydney,-33.93677997065947,151.25641338598712,Summer,32.6,45.0,13.9,22.12,122.54,10.5,52.8,241,Good,STN-660
2020-08-08 18:00:00,London,51.61467178524313,-0.05078757696919253,Summer,20.2,53.9,14.0,44.92,40.7,50.0,62.9,124,Good,STN-553
2020-08-09 00:00:00,Sydney,-33.81171967713093,151.25616050982603,Summer,23.7,38.7,21.3,28.85,65.38,16.1,22.2,66,Hazardous,STN-742
2020-08-09 06:00:00,Paris,48.82471117142837,2.3129703997880475,Summer,19.0,44.2,24.7,33.18,25.39,1.0,72.6,12,Unhealthy,STN-906
2020-08-09 12:00:00,Sydney,-33.94666264466904,151.22403046373327,Summer,23.3,96.5,27.2,32.27,12.1,37.3,55.6,60,Unhealthy for Sensitive,STN-972
2020-08-09 18:00:00,Delhi,28.599611163887456,77.22534464514777,Summer,21.4,100.0,26.2,50.06,64.77,32.5,30.8,205,Good,STN-304
2020-08-10 00:00:00,Cairo,30.04349456309044,31.30830984971945,Summer,-9.0,78.4,13.2,15.17,41.97,35.3,31.3,343,Moderate,STN-839
2020-08-10 06:00:00,Paris,48.7727040933279,2.395417394387527,Summer,12.7,47.4,2.0,64.72,42.64,30.8,47.0,61,Unhealthy,STN-807
2020-08-10 12:00:00,Paris,48.8635786234872,2.438927412361221,Summer,31.1,50.5,18.0,127.29,47.89,48.3,46.4,240,Hazardous,STN-301
2020-08-10 18:00:00,Paris,48.886069421104935,2.3926306775802137,Summer,19.2,82.7,10.3,15.83,45.46,31.5,59.3,315,Unhealthy,STN-966
2020-08-11 00:00:00,London,51.516595912406274,-0.149880071805094,Summer,19.3,75.6,25.1,72.97,46.26,20.7,57.8,83,Hazardous,STN-178
2020-08-11 06:00:00,Lagos,6.499900838020906,3.3231049359096887,Summer,16.8,25.8,13.3,21.23,28.47,49.4,56.6,64,Hazardous,STN-758
2020-08-11 12:00:00,Cairo,30.082772361951225,31.244314650881712,Summer,23.4,56.5,16.8,14.35,44.78,22.9,63.3,151,Moderate,STN-930
2020-08-11 18:00:00,Tokyo,35.70242131163516,139.62358533254212,Summer,26.6,58.5,9.0,11.45,106.17,26.9,20.4,95,Good,STN-336
2020-08-12 00:00:00,Tokyo,35.62088039283025,139.7320567065599,Summer,43.1,58.6,22.2,15.17,44.16,19.9,70.2,49,Unhealthy,STN-797
2020-08-12 06:00:00,Lagos,6.51179321865578,3.390646918838867,Summer,41.9,37.0,29.0,100.74,79.6,0.1,24.8,12,Unhealthy,STN-846
2020-08-12 12:00:00,Beijing,39.91707327671864,116.36950488547572,Summer,21.5,47.3,23.2,13.96,36.06,29.1,13.3,198,Unhealthy for Sensitive,STN-819
2020-08-12 18:00:00,Tokyo,35.661769302149324,139.6919240267948,Summer,36.8,,9.0,33.15,84.48,,19.7,291,Good,STN-107
2020-08-13 00:00:00,London,51.478697318864334,-0.13458168415676838,Summer,27.6,36.6,13.6,50.3,101.44,25.5,39.7,238,Unhealthy for Sensitive,STN-268
2020-08-13 06:00:00,Tokyo,35.61446172776539,139.63994719150617,Summer,14.6,56.0,27.5,7.83,23.98,17.1,26.6,84,Good,STN-930
2020-08-13 12:00:00,Lagos,6.482807420459108,3.377588016910579,Summer,18.3,47.0,14.1,50.51,138.32,6.5,45.1,151,Moderate,STN-934
2020-08-13 18:00:00,Paris,48.85657910410752,2.3634049886651427,Summer,12.8,67.2,16.0,36.21,32.91,51.2,27.9,332,Unhealthy,STN-636
2020-08-14 00:00:00,Cairo,30.09079186723343,31.24944042249921,Summer,-7.0,100.0,11.4,56.03,60.21,23.2,27.9,57,Moderate,STN-943
2020-08-14 06:00:00,Lagos,6.5543921157477,3.2824763423893857,Summer,16.2,40.3,17.2,26.54,47.87,56.5,32.6,271,Moderate,STN-358
2020-08-14 12:00:00,New York,40.74588768673538,-73.96150561370493,Summer,11.3,47.1,11.8,17.9,15.45,5.6,56.9,102,Unhealthy for Sensitive,STN-650
2020-08-14 18:00:00,New York,40.731756580441406,-74.02982887536186,Summer,4.4,70.4,14.5,23.81,14.39,,42.9,192,Good,STN-639
2020-08-15 00:00:00,Paris,48.84248784951202,2.4084296948129733,Summer,2.0,37.6,20.3,23.72,14.57,29.5,76.7,153,Moderate,STN-906
2020-08-15 06:00:00,Beijing,39.84466979341648,116.43477268372189,Summer,29.9,38.5,15.0,20.28,49.65,23.8,52.5,97,Unhealthy for Sensitive,STN-416
2020-08-15 12:00:00,London,51.57061415889391,-0.05897445984229176,Summer,53.5,28.0,15.3,39.36,19.28,34.5,76.0,164,Good,STN-723
2020-08-15 18:00:00,Lagos,6.519206108406859,3.3842208230585453,Summer,7.1,38.5,14.1,14.96,47.67,49.7,42.1,21,Moderate,STN-848
2020-08-16 00:00:00,Lagos,6.534090797966861,3.4148072648111705,Summer,7.3,60.0,23.2,89.57,11.62,,57.0,328,Unhealthy,STN-418
2020-08-16 06:00:00,London,51.54308519959683,-0.11969369438743044,Summer,-5.7,62.2,12.5,58.77,25.4,27.9,70.0,10,Unhealthy for Sensitive,STN-193
2020-08-16 12:00:00,Sydney,-33.86446687773833,151.1663501030489,Summer,2.7,89.5,19.5,9.39,14.88,37.5,18.2,307,Unhealthy for Sensitive,STN-391
2020-08-16 18:00:00,Tokyo,35.62822698523201,139.63305022061652,Summer,24.1,,12.5,101.14,15.8,4.2,47.6,148,Good,STN-765
2020-08-17 00:00:00,Lagos,6.550785057145,3.3699061229022353,Summer,54.2,52.6,17.5,45.68,61.77,58.7,53.6,24,Good,STN-339
2020-08-17 06:00:00,Beijing,39.884836231927416,116.36907095781616,Summer,3.2,100.0,28.4,10.58,114.29,29.1,15.3,135,Moderate,STN-786
2020-08-17 12:00:00,Cairo,30.030899036750412,31.36963358243616,Summer,11.5,78.5,21.5,,52.68,17.5,54.8,230,Moderate,STN-858
2020-08-17 18:00:00,New York,40.65778956614903,-74.09585739228854,Summer,27.6,65.3,2.8,15.35,86.27,28.9,30.0,141,Unhealthy,STN-943
2020-08-18 00:00:00,Cairo,30.016668466053876,31.186189328212077,Summer,25.3,68.8,13.3,19.51,34.19,12.7,35.0,323,Good,STN-512
2020-08-18 06:00:00,Lagos,6.527312369268741,3.3947065409433423,Summer,29.8,53.2,9.1,6.43,87.2,47.5,50.3,202,Unhealthy,STN-909
2020-08-18 12:00:00,Sydney,-33.86525870042647,151.2703943280847,Summer,24.0,30.6,21.7,43.38,15.4,20.9,31.2,56,Unhealthy for Sensitive,STN-464
2020-08-18 18:00:00,Sydney,-33.79656556664908,151.24338056620283,Summer,28.1,33.5,11.4,7.92,18.26,45.9,28.0,141,Good,STN-523
2020-08-19 00:00:00,Beijing,39.94961454045144,116.4156189434134,Summer,20.7,28.9,28.6,9.45,59.84,16.1,15.7,306,Unhealthy,STN-965
2020-08-19 06:00:00,Tokyo,35.67080554240688,139.63867295447412,Summer,-0.1,61.9,5.5,35.96,59.76,5.1,39.2,246,Unhealthy,STN-382
2020-08-19 12:00:00,Paris,48.903138418543435,2.420081383063893,Summer,16.0,45.4,23.3,28.9,38.53,34.4,26.3,254,Moderate,STN-575
2020-08-19 18:00:00,Delhi,28.57595745918238,77.0977484157788,Summer,34.2,82.0,16.1,49.37,112.83,27.3,26.6,241,Moderate,STN-838
2020-08-20 00:00:00,Lagos,6.5064428828919745,3.4621902127590256,Summer,27.1,74.8,9.9,101.87,103.62,73.0,51.0,105,Good,STN-984
2020-08-20 06:00:00,New York,40.66309078213016,-74.06785510558105,Summer,38.2,59.8,15.8,13.34,46.06,14.1,12.6,31,Hazardous,STN-148
2020-08-20 12:00:00,São Paulo,-23.561704460669855,-46.733003939789114,Summer,-0.6,56.4,18.3,17.95,26.3,20.8,57.0,330,Unhealthy for Sensitive,STN-769
2020-08-20 18:00:00,Sydney,-33.972948772928326,151.22258472574595,Summer,0.9,56.1,19.1,49.43,15.97,15.5,20.4,347,Unhealthy for Sensitive,STN-445
2020-08-21 00:00:00,Paris,48.831176956429154,2.3179695424036146,Summer,30.9,64.3,15.8,27.43,14.68,17.0,63.2,71,Unhealthy,STN-794
2020-08-21 06:00:00,Cairo,30.013793246696014,31.216036318454538,Summer,11.7,92.5,18.4,29.48,61.22,45.3,28.1,34,Hazardous,STN-395
2020-08-21 12:00:00,New York,40.73098321918706,-73.90290935469932,Summer,12.1,84.8,24.2,44.6,34.79,26.2,11.7,269,Unhealthy for Sensitive,STN-722
2020-08-21 18:00:00,São Paulo,-23.627552431461098,-46.6296057565168,Summer,30.6,51.8,27.3,26.31,23.62,23.0,70.7,39,Good,STN-153
2020-08-22 00:00:00,Tokyo,35.732195985052094,139.62982609607633,Summer,43.2,30.1,21.8,18.88,22.22,17.4,53.5,285,Unhealthy,STN-868
2020-08-22 06:00:00,Tokyo,35.67277453411487,139.57505349734134,Summer,22.3,69.9,2.1,21.08,73.33,21.8,52.6,275,Good,STN-251
2020-08-22 12:00:00,Sydney,-33.92013669721072,151.21236327631482,Summer,9.8,75.3,4.6,149.25,8.96,18.2,28.5,255,Moderate,STN-927
2020-08-22 18:00:00,São Paulo,-23.499581020474903,-46.64955887410178,Summer,-5.5,91.4,18.3,28.93,25.59,21.0,53.0,285,Unhealthy for Sensitive,STN-703
2020-08-23 00:00:00,London,51.532062742246026,-0.19452618670418836,Summer,-1.6,59.1,29.3,13.82,150.54,15.0,12.9,59,Unhealthy,STN-746
2020-08-23 06:00:00,Cairo,30.081377972774234,31.222012257876074,Summer,26.1,58.6,17.3,35.51,49.16,15.6,15.7,160,Unhealthy,STN-835
2020-08-23 12:00:00,Cairo,30.04616272864202,31.26860604593627,Summer,8.1,50.0,13.5,26.53,18.63,24.0,8.3,99,Good,STN-418
2020-08-23 18:00:00,Tokyo,35.68330463575096,139.6091368622519,Summer,15.8,70.4,25.9,9.82,36.1,61.3,30.5,347,Unhealthy,STN-101
2020-08-24 00:00:00,New York,40.77809339689353,-74.00892530155058,Summer,22.5,72.7,31.0,,21.37,4.6,9.7,90,Unhealthy,STN-780
2020-08-24 06:00:00,London,51.58199710593442,-0.08033533263779982,Summer,26.6,60.5,15.5,47.08,35.86,28.2,36.9,70,Moderate,STN-325
2020-08-24 12:00:00,Beijing,39.8355829122396,116.41913024878853,Summer,2.0,77.9,17.1,,73.93,41.0,32.9,269,Moderate,STN-103
2020-08-24 18:00:00,Paris,48.832190170110465,2.336833933518875,Summer,15.2,57.4,20.7,17.06,18.48,15.7,30.3,11,Hazardous,STN-643
2020-08-25 00:00:00,São Paulo,-23.547252379028066,-46.6073707799997,Summer,45.0,63.2,21.8,25.65,56.84,,17.2,52,Good,STN-406
2020-08-25 06:00:00,New York,40.627165890682576,-74.08067549737557,Summer,25.8,54.0,14.4,10.32,39.09,17.1,40.3,294,Hazardous,STN-894
2020-08-25 12:00:00,Beijing,39.939354349380764,116.42914145960198,Summer,9.0,50.0,14.6,,95.18,23.2,46.5,341,Moderate,STN-163
2020-08-25 18:00:00,Delhi,28.52989474822878,77.2121770734908,Summer,42.3,49.0,5.5,,33.84,30.4,19.5,73,Unhealthy,STN-581
2020-08-26 00:00:00,Beijing,39.91887728428004,116.42482735309564,Summer,13.0,55.7,8.4,29.04,42.57,17.1,24.1,201,Good,STN-377
2020-08-26 06:00:00,New York,40.84220042499068,-73.98800097089945,Summer,14.4,57.7,13.1,16.81,67.59,19.7,45.4,322,Moderate,STN-231
2020-08-26 12:00:00,London,51.53025521784944,-0.07970063305045463,Summer,11.6,76.4,5.6,39.26,14.22,13.4,58.9,334,Unhealthy for Sensitive,STN-212
2020-08-26 18:00:00,Beijing,39.96092407151739,116.41835196861629,Summer,24.7,51.7,13.0,18.48,31.66,21.2,28.2,290,Hazardous,STN-325
2020-08-27 00:00:00,Sydney,-33.86290398160727,151.2090443063206,Summer,15.3,69.0,39.4,25.96,137.33,10.9,69.3,268,Moderate,STN-877
2020-08-27 06:00:00,Lagos,6.555407017489547,3.356324615408254,Summer,42.4,80.2,15.2,6.27,34.54,26.2,65.4,257,Good,STN-923
2020-08-27 12:00:00,New York,40.73130445012035,-73.90085870779815,Summer,15.4,48.5,18.1,51.31,28.05,4.3,52.7,279,Unhealthy for Sensitive,STN-922
2020-08-27 18:00:00,São Paulo,-23.413249566401586,-46.67111699926854,Summer,27.3,40.3,24.3,4.67,34.94,22.2,55.1,50,Unhealthy for Sensitive,STN-406
2020-08-28 00:00:00,London,51.473505812031604,-0.12091911971079775,Summer,28.5,28.2,12.5,14.48,27.4,9.0,61.5,180,Unhealthy for Sensitive,STN-985
2020-08-28 06:00:00,Paris,48.86378245087396,2.3946734281525424,Summer,29.5,67.4,21.4,37.67,75.29,30.1,63.6,298,Unhealthy,STN-455
2020-08-28 12:00:00,São Paulo,-23.592222928673415,-46.65521892981384,Summer,20.6,43.2,5.7,39.48,32.73,64.4,22.1,182,Unhealthy for Sensitive,STN-911
2020-08-28 18:00:00,Sydney,-33.880473800380074,151.26190225869996,Summer,20.9,69.4,10.6,16.07,21.08,40.7,39.5,57,Unhealthy for Sensitive,STN-942
2020-08-29 00:00:00,Delhi,28.69745237371473,77.15524869766452,Summer,26.0,86.7,1.4,34.9,55.17,42.5,31.0,216,Unhealthy for Sensitive,STN-726
2020-08-29 06:00:00,Cairo,29.985969713885925,31.186566715713017,Summer,13.3,61.8,11.4,112.65,22.8,19.4,78.1,258,Moderate,STN-172
2020-08-29 12:00:00,Tokyo,35.6257638596127,139.70806803254973,Summer,-0.1,47.5,16.8,34.15,160.0,1.0,86.9,165,Good,STN-899
2020-08-29 18:00:00,Tokyo,35.748302642543045,139.66518646069528,Summer,14.2,74.7,7.9,13.45,48.78,14.5,58.7,242,Unhealthy,STN-807
2020-08-30 00:00:00,New York,40.707153308681065,-74.0539793877238,Summer,19.1,78.8,10.7,20.08,31.11,32.7,64.2,205,Good,STN-352
2020-08-30 06:00:00,São Paulo,-23.550106210850473,-46.570346166919755,Summer,16.9,57.4,15.2,23.69,41.82,32.5,48.5,77,Moderate,STN-918
2020-08-30 12:00:00,São Paulo,-23.44808371860702,-46.64406587159182,Summer,17.7,41.0,4.1,19.49,71.77,53.1,56.1,342,Good,STN-529
2020-08-30 18:00:00,São Paulo,-23.629769419204877,-46.56444242041514,Summer,16.4,88.6,7.7,17.04,24.23,33.2,38.5,134,Moderate,STN-383
2020-08-31 00:00:00,Lagos,6.507048107797193,3.417206137725273,Summer,0.3,58.4,11.2,5.93,57.84,44.8,50.0,66,Unhealthy for Sensitive,STN-687
2020-08-31 06:00:00,Lagos,6.539184563475963,3.33792681974029,Summer,3.2,59.5,21.2,11.39,29.37,39.4,26.2,255,Hazardous,STN-539
2020-08-31 12:00:00,Tokyo,35.65885997334253,139.5529117457206,Summer,29.3,,21.7,42.04,26.73,24.4,50.9,79,Hazardous,STN-168
2020-08-31 18:00:00,Paris,48.812939843160066,2.409673068501195,Summer,13.8,54.7,19.3,8.15,102.41,,39.2,16,Unhealthy for Sensitive,STN-955
2020-09-01 00:00:00,Cairo,30.060848205260964,31.300357659216882,Summer,7.7,32.9,21.9,15.89,41.13,3.0,66.0,254,Good,STN-338
2020-09-01 06:00:00,Paris,48.89413799472618,2.3507370227756392,Summer,9.6,45.0,11.8,26.21,60.97,29.5,26.8,79,Unhealthy for Sensitive,STN-735
2020-09-01 12:00:00,Lagos,6.429944995179259,3.382044982218671,Summer,29.6,74.0,14.2,38.53,169.68,9.5,57.8,320,Hazardous,STN-616
2020-09-01 18:00:00,Beijing,39.86354327369664,116.35780334440416,Summer,16.2,32.9,28.0,28.4,11.37,28.8,37.2,336,Moderate,STN-866
2020-09-02 00:00:00,Beijing,39.87299017144089,116.45156434727978,Summer,18.0,81.1,11.9,50.09,28.47,24.4,29.6,233,Moderate,STN-433
2020-09-02 06:00:00,São Paulo,-23.541312079348312,-46.59385322652781,Summer,19.7,54.7,25.9,49.24,59.81,16.0,45.2,225,Hazardous,STN-457
2020-09-02 12:00:00,New York,40.78407935201145,-74.06989588508864,Summer,34.3,57.7,13.1,141.34,80.73,35.4,21.1,265,Moderate,STN-362
2020-09-02 18:00:00,Sydney,-33.866476786120316,151.13510679825217,Summer,11.3,29.3,10.3,73.18,64.09,,34.5,214,Good,STN-560
2020-09-03 00:00:00,Sydney,-33.810596326664864,151.189595660624,Summer,43.2,12.9,20.0,6.54,55.07,51.4,38.3,226,Good,STN-895
2020-09-03 06:00:00,Cairo,29.999315814832784,31.238056163532704,Summer,20.6,41.8,1.5,42.76,81.82,14.2,21.1,67,Moderate,STN-305
2020-09-03 12:00:00,Delhi,28.664001458105012,77.18508318079499,Summer,24.2,57.4,6.2,,78.88,16.0,47.5,91,Moderate,STN-103
2020-09-03 18:00:00,Lagos,6.500440624519829,3.3835311458876407,Summer,5.1,64.5,12.6,15.63,94.46,29.1,68.1,252,Moderate,STN-953
2020-09-04 00:00:00,Lagos,6.412066595874799,3.420286226350082,Summer,7.0,42.2,29.5,27.99,14.19,44.2,14.6,107,Moderate,STN-714
2020-09-04 06:00:00,Beijing,39.952907452506665,116.35712855104708,Summer,7.3,70.7,14.3,66.46,114.53,22.1,45.5,123,Unhealthy,STN-772
2020-09-04 12:00:00,Cairo,30.064227002198894,31.285043906089026,Summer,17.9,72.2,11.8,25.2,81.65,46.4,39.8,87,Good,STN-174
2020-09-04 18:00:00,Beijing,39.89608909601383,116.33132531015414,Summer,27.4,46.4,13.7,12.66,102.32,0.4,49.9,225,Good,STN-928
2020-09-05 00:00:00,Tokyo,35.68854457696046,139.7036525618082,Summer,21.9,34.0,12.4,49.13,65.42,15.8,67.9,22,Good,STN-885
2020-09-05 06:00:00,Delhi,28.657835034068068,77.23366192550795,Summer,15.0,42.0,24.7,12.76,42.56,4.7,47.2,224,Moderate,STN-637
2020-09-05 12:00:00,São Paulo,-23.54026618118341,-46.60967514684528,Summer,14.0,63.8,26.6,19.14,53.65,26.6,46.5,166,Unhealthy for Sensitive,STN-281
2020-09-05 18:00:00,Lagos,6.571996348044937,3.4655642874279797,Summer,17.9,51.7,4.1,25.1,26.23,44.4,42.7,46,Moderate,STN-581
2020-09-06 00:00:00,Lagos,6.494288031011229,3.312778027619006,Summer,33.3,72.1,17.5,28.05,28.5,28.2,46.8,228,Unhealthy for Sensitive,STN-660
2020-09-06 06:00:00,Delhi,28.678209802176127,77.20876193361286,Summer,14.3,83.8,22.7,25.94,56.73,29.5,20.9,319,Moderate,STN-810
2020-09-06 12:00:00,Sydney,-33.83691282631464,151.1897246498429,Summer,14.0,100.0,13.4,12.87,29.74,54.7,55.2,158,Moderate,STN-439
2020-09-06 18:00:00,São Paulo,-23.44420609476418,-46.566299896251465,Summer,4.2,41.2,11.3,22.92,41.17,27.2,38.7,275,Moderate,STN-525
2020-09-07 00:00:00,Delhi,28.677395172387204,77.28880290772427,Summer,17.0,48.1,26.9,180.53,37.77,24.4,23.5,135,Unhealthy for Sensitive,STN-446
2020-09-07 06:00:00,Delhi,28.569098939510678,77.20625250784524,Summer,41.1,45.5,8.0,10.87,10.73,22.5,35.9,291,Good,STN-545
2020-09-07 12:00:00,São Paulo,-23.536245475326854,-46.62989966375592,Summer,8.0,76.8,22.5,10.15,35.58,45.2,46.7,198,Unhealthy,STN-568
2020-09-07 18:00:00,Tokyo,35.65368204062366,139.70165873841825,Summer,26.5,39.3,12.4,23.72,14.72,,55.5,135,Unhealthy for Sensitive,STN-130
2020-09-08 00:00:00,New York,40.74238834867404,-74.04201625640815,Summer,13.5,78.3,4.3,38.32,45.13,38.9,54.6,200,Unhealthy,STN-409
2020-09-08 06:00:00,Tokyo,35.69604618993058,139.62307330525942,Summer,30.1,50.0,2.1,19.78,27.57,24.9,33.2,17,Good,STN-748
2020-09-08 12:00:00,São Paulo,-23.516239145794287,-46.60885722907749,Summer,7.4,77.2,27.7,15.64,83.26,30.6,54.5,329,Unhealthy,STN-158
2020-09-08 18:00:00,New York,40.65050205938134,-74.03653501774001,Summer,-1.8,57.4,22.6,32.86,71.48,41.3,46.2,106,Unhealthy for Sensitive,STN-540
2020-09-09 00:00:00,Tokyo,35.67777212302501,139.66624659133018,Summer,27.6,76.8,17.6,74.5,39.41,6.0,62.7,283,Unhealthy for Sensitive,STN-801
2020-09-09 06:00:00,Delhi,28.512694247896658,77.1276069796218,Summer,16.3,71.5,5.4,10.95,33.75,6.6,9.0,194,Unhealthy for Sensitive,STN-297
2020-09-09 12:00:00,Beijing,39.86928778102162,116.41118320786698,Summer,10.6,43.1,8.4,26.06,30.78,34.7,42.5,288,Good,STN-968
2020-09-09 18:00:00,Tokyo,35.7129747487369,139.70483536578035,Summer,11.1,30.7,2.0,72.29,10.18,16.6,38.0,155,Unhealthy,STN-972
2020-09-10 00:00:00,Tokyo,35.67535343961821,139.7201431625449,Summer,23.1,57.1,7.7,6.65,25.95,28.7,50.0,347,Hazardous,STN-465
2020-09-10 06:00:00,Beijing,39.93923063107215,116.4433776139531,Summer,19.5,66.7,14.7,18.05,32.74,20.2,53.2,175,Unhealthy for Sensitive,STN-837
2020-09-10 12:00:00,Tokyo,35.71339435465565,139.66413822558835,Summer,22.1,87.4,7.3,32.61,27.43,31.4,81.0,255,Moderate,STN-930
2020-09-10 18:00:00,São Paulo,-23.527177831678546,-46.588842903593836,Summer,25.2,78.9,3.3,47.89,102.26,52.2,29.1,78,Unhealthy for Sensitive,STN-124
2020-09-11 00:00:00,Beijing,39.794691239030485,116.41265029677352,Summer,27.2,38.2,8.4,17.52,68.32,29.3,22.5,243,Moderate,STN-724
2020-09-11 06:00:00,Lagos,6.550476935447222,3.4139578201649363,Summer,8.8,64.9,13.4,25.89,16.02,36.8,66.6,110,Unhealthy,STN-394
2020-09-11 12:00:00,Delhi,28.56876050895935,77.25999724232015,Summer,18.2,23.1,16.4,21.75,39.33,23.0,73.9,11,Unhealthy,STN-904
2020-09-11 18:00:00,Delhi,28.665064505076813,77.1133349746451,Summer,13.3,47.5,17.0,7.08,52.87,37.0,67.5,237,Moderate,STN-715
2020-09-12 00:00:00,London,51.472440616944965,-0.07803633024639595,Summer,15.4,46.4,4.4,3.93,70.96,30.2,35.8,227,Moderate,STN-523
2020-09-12 06:00:00,Delhi,28.598074350217615,77.29999994040892,Summer,28.2,49.0,11.6,28.38,23.2,35.3,63.9,49,Unhealthy for Sensitive,STN-377
2020-09-12 12:00:00,New York,40.67232588196055,-73.92580689779865,Summer,42.4,62.4,9.8,,20.69,44.1,20.7,169,Good,STN-789
2020-09-12 18:00:00,Beijing,39.93727133747019,116.31987075137218,Summer,11.4,54.8,16.4,19.56,47.78,31.2,47.9,67,Moderate,STN-285
2020-09-13 00:00:00,New York,40.78288601128155,-74.04396257657629,Summer,21.7,23.4,6.6,24.1,119.1,16.9,55.9,206,Unhealthy for Sensitive,STN-504
2020-09-13 06:00:00,Sydney,-33.886750244692884,151.17332966269535,Summer,21.7,56.0,16.6,36.9,42.89,44.8,11.7,178,Moderate,STN-509
2020-09-13 12:00:00,Paris,48.90560668420402,2.3783702726521656,Summer,18.9,51.4,10.0,46.46,52.65,28.2,58.0,301,Moderate,STN-899
2020-09-13 18:00:00,New York,40.67318740261286,-74.05530289035495,Summer,25.9,54.6,11.7,11.94,71.75,39.9,25.8,157,Moderate,STN-576
2020-09-14 00:00:00,Lagos,6.460902364443751,3.3102983260703205,Summer,25.1,57.8,13.8,,46.7,22.3,69.2,338,Unhealthy for Sensitive,STN-101
2020-09-14 06:00:00,Delhi,28.676651303326672,77.19583903740755,Summer,17.4,65.0,9.9,37.32,79.9,37.1,35.2,33,Unhealthy for Sensitive,STN-499
2020-09-14 12:00:00,Sydney,-33.869697448591154,151.26328687253093,Summer,20.0,56.6,3.4,50.72,14.34,5.0,9.1,67,Moderate,STN-449
2020-09-14 18:00:00,Delhi,28.69487173713403,77.2523272994846,Summer,33.2,45.0,13.6,39.23,39.89,28.3,50.7,39,Good,STN-645
2020-09-15 00:00:00,São Paulo,-23.46186869688432,-46.603094822263316,Summer,16.9,92.2,23.1,63.99,25.63,26.0,29.9,164,Unhealthy,STN-236
2020-09-15 06:00:00,São Paulo,-23.609197567920017,-46.65432925478061,Summer,32.3,55.0,20.8,14.75,24.1,32.6,22.9,52,Moderate,STN-370
2020-09-15 12:00:00,Delhi,28.700720795639565,77.17320613459292,Summer,29.7,96.7,17.7,59.09,15.19,11.0,34.6,70,Unhealthy for Sensitive,STN-588
2020-09-15 18:00:00,London,51.472410083304666,-0.1684187745354288,Summer,24.4,69.8,11.1,8.51,37.82,21.3,74.3,205,Good,STN-142
2020-09-16 00:00:00,São Paulo,-23.567499163998935,-46.63358732490328,Summer,2.4,69.3,3.0,,48.22,39.6,0.7,84,Moderate,STN-668
2020-09-16 06:00:00,Tokyo,35.65914693490861,139.58883642042608,Summer,-4.6,54.5,21.4,5.98,91.06,36.5,35.9,118,Unhealthy,STN-123
2020-09-16 12:00:00,Beijing,39.89030586559596,116.4172692635149,Summer,12.5,78.7,11.5,17.21,39.05,20.8,26.9,309,Good,STN-853
2020-09-16 18:00:00,Beijing,39.85286003634661,116.40060147102021,Summer,29.4,67.7,12.1,23.86,20.11,32.1,40.6,53,Moderate,STN-378
2020-09-17 00:00:00,Lagos,6.512104981267277,3.3594971434277894,Summer,21.7,36.0,20.4,92.59,58.54,13.7,60.3,105,Moderate,STN-639
2020-09-17 06:00:00,Tokyo,35.620809970720984,139.64839491072104,Summer,14.4,66.9,15.5,29.81,22.52,31.8,68.9,255,Good,STN-162
2020-09-17 12:00:00,Beijing,39.9100005185626,116.42814458779985,Summer,29.7,35.6,33.0,21.14,17.84,20.0,32.0,34,Unhealthy for Sensitive,STN-952
2020-09-17 18:00:00,Beijing,39.85785112915139,116.40945760307424,Summer,6.4,92.9,17.3,,65.26,41.1,53.9,178,Good,STN-550
2020-09-18 00:00:00,Delhi,28.696231946698283,77.08850301278122,Summer,19.2,70.6,11.7,13.21,45.81,42.4,4.8,196,Moderate,STN-318
2020-09-18 06:00:00,Sydney,-33.80004950096258,151.24119553217494,Summer,13.3,42.4,13.3,15.79,35.56,44.3,60.1,278,Unhealthy for Sensitive,STN-212
2020-09-18 12:00:00,Delhi,28.643138947394807,77.24065133442322,Summer,9.7,81.6,6.8,15.68,39.71,15.7,75.5,147,Moderate,STN-146
2020-09-18 18:00:00,Cairo,29.995973345980648,31.2753851231455,Summer,-10.8,38.8,27.1,,68.98,36.7,52.2,90,Good,STN-100
2020-09-19 00:00:00,Paris,48.85072398793734,2.4403619636547766,Summer,27.3,34.9,11.9,23.28,26.32,24.5,53.8,47,Good,STN-583
2020-09-19 06:00:00,Sydney,-33.89887909931078,151.15742740829262,Summer,-4.9,29.1,8.8,80.48,11.02,28.4,14.3,313,Moderate,STN-927
2020-09-19 12:00:00,Sydney,-33.81105815264641,151.2306481092804,Summer,38.0,63.4,26.5,18.56,74.78,26.7,3.9,239,Unhealthy,STN-368
2020-09-19 18:00:00,Delhi,28.71135700801718,77.17940971774885,Summer,32.0,79.8,11.2,,77.09,47.2,48.3,179,Good,STN-645
2020-09-20 00:00:00,Paris,48.83136994917258,2.4187418010221355,Summer,14.9,94.1,12.5,13.06,38.81,37.4,39.1,147,Good,STN-816
2020-09-20 06:00:00,Delhi,28.59269965283399,77.13758505053873,Summer,22.7,95.6,17.8,21.7,152.11,13.8,36.7,48,Hazardous,STN-917
2020-09-20 12:00:00,Sydney,-33.874475432431154,151.19306963531736,Summer,0.4,72.6,20.2,15.35,9.57,21.7,57.0,328,Moderate,STN-276
2020-09-20 18:00:00,Lagos,6.525103956858273,3.4087631451747176,Summer,21.8,76.6,17.8,56.86,27.92,45.6,59.1,153,Moderate,STN-551
2020-09-21 00:00:00,Beijing,39.92693023618632,116.39770193789812,Summer,5.7,46.2,5.6,14.08,15.06,22.7,33.1,272,Moderate,STN-614
2020-09-21 06:00:00,Cairo,30.03413989186669,31.22453081914602,Summer,20.4,81.3,10.5,60.32,35.06,17.1,26.1,199,Good,STN-879
2020-09-21 12:00:00,Beijing,39.98709571036001,116.39593936850612,Summer,37.6,98.9,9.1,12.76,59.96,37.6,35.4,13,Good,STN-533
2020-09-21 18:00:00,Beijing,39.94305556585944,116.33696279450275,Summer,21.2,74.6,8.9,31.34,23.57,29.0,57.8,306,Good,STN-773
2020-09-22 00:00:00,Lagos,6.580752032765799,3.323761943698238,Summer,16.4,52.3,25.6,15.81,68.54,19.7,44.0,30,Unhealthy for Sensitive,STN-910
2020-09-22 06:00:00,Tokyo,35.65511151409498,139.4970286959747,Summer,19.0,61.0,2.8,23.82,33.59,35.9,19.9,125,Moderate,STN-638
2020-09-22 12:00:00,New York,40.7581967661381,-74.07927024247962,Summer,-7.2,80.2,11.9,18.66,45.53,18.1,27.5,22,Unhealthy,STN-490
2020-09-22 18:00:00,Paris,48.97474733689628,2.3773085553174496,Summer,16.9,56.7,11.6,39.21,64.09,16.3,34.8,58,Good,STN-529
2020-09-23 00:00:00,Paris,48.89789280159977,2.3771584658611387,Summer,16.3,53.4,24.6,12.25,128.58,8.1,61.2,294,Good,STN-224
2020-09-23 06:00:00,Tokyo,35.75592773452229,139.73753678148586,Summer,9.7,38.5,2.6,24.82,38.5,9.7,33.4,136,Moderate,STN-153
2020-09-23 12:00:00,Sydney,-33.890866875218315,151.19752951905656,Summer,24.2,73.4,7.1,46.5,72.62,47.2,33.4,317,Moderate,STN-681
2020-09-23 18:00:00,Paris,48.8328792522905,2.24924864067016,Summer,1.9,90.6,22.3,21.99,36.11,39.1,34.3,152,Hazardous,STN-540
2020-09-24 00:00:00,Tokyo,35.663916408751504,139.64828196677325,Summer,-4.9,87.1,8.2,15.93,11.18,26.6,24.1,316,Moderate,STN-132
2020-09-24 06:00:00,Cairo,30.084901767390065,31.260794977666535,Summer,19.9,100.0,13.0,31.22,13.67,13.1,68.4,32,Moderate,STN-308
2020-09-24 12:00:00,Tokyo,35.694491313972996,139.70458384465044,Summer,35.6,,15.4,25.17,53.42,2.1,26.9,151,Unhealthy for Sensitive,STN-335
2020-09-24 18:00:00,Sydney,-33.91421204930675,151.34334235896958,Summer,23.5,15.5,19.7,45.75,52.09,16.3,21.4,332,Moderate,STN-981
2020-09-25 00:00:00,Paris,48.87090305380936,2.318583022433258,Summer,8.3,86.1,24.4,31.11,47.07,6.7,62.6,97,Good,STN-122
2020-09-25 06:00:00,Delhi,28.63889785611913,77.2478338353148,Summer,55.6,12.9,8.4,23.5,335.03,56.7,31.0,100,Unhealthy,STN-268
2020-09-25 12:00:00,Lagos,6.549238742259544,3.3596553666038598,Summer,5.9,54.7,3.4,44.35,25.99,25.3,15.6,63,Good,STN-555
2020-09-25 18:00:00,Beijing,40.00150809553367,116.32188174291632,Summer,17.3,69.4,15.6,10.4,40.11,13.2,18.8,69,Hazardous,STN-487
2020-09-26 00:00:00,Sydney,-33.87114122753234,151.17987103949568,Summer,26.2,11.6,16.2,7.85,73.51,6.9,26.2,47,Unhealthy for Sensitive,STN-915
2020-09-26 06:00:00,Delhi,28.726436544279252,77.15600715317863,Summer,5.4,39.7,22.4,39.33,59.94,31.9,63.9,47,Moderate,STN-203
2020-09-26 12:00:00,Cairo,30.044588589230425,31.22087662045326,Summer,13.6,64.8,15.5,54.7,90.73,43.5,36.6,118,Unhealthy,STN-125
2020-09-26 18:00:00,Delhi,28.61771727508525,77.17198432545845,Summer,13.3,67.4,13.7,29.25,17.29,8.3,18.0,336,Hazardous,STN-531
2020-09-27 00:00:00,São Paulo,-23.518390380279406,-46.53217090410841,Summer,30.4,70.8,13.2,29.44,30.95,18.4,11.3,119,Unhealthy,STN-105
2020-09-27 06:00:00,Paris,48.85878715440112,2.3655082941080585,Summer,13.0,65.8,11.9,47.83,23.47,37.8,39.2,196,Hazardous,STN-808
2020-09-27 12:00:00,New York,40.64482327813518,-74.03211877823297,Summer,12.9,,13.3,32.06,17.86,41.2,30.7,269,Good,STN-382
2020-09-27 18:00:00,Beijing,39.972450411915126,116.4500029244863,Summer,36.4,99.2,14.2,36.51,35.51,,48.8,59,Good,STN-756
2020-09-28 00:00:00,Tokyo,35.604445751036685,139.66269233340395,Summer,22.7,81.6,11.4,10.2,17.63,21.7,54.5,331,Unhealthy for Sensitive,STN-858
2020-09-28 06:00:00,Lagos,6.446916457750735,3.3443596364469377,Summer,33.0,79.6,11.5,21.1,28.75,16.1,21.0,246,Unhealthy for Sensitive,STN-236
2020-09-28 12:00:00,Beijing,39.96159949756975,116.33682313203396,Summer,23.9,66.8,0.5,33.04,109.39,45.1,3.4,114,Moderate,STN-849
2020-09-28 18:00:00,Sydney,-33.82365409232209,151.20014668147755,Summer,3.8,61.4,22.5,57.71,109.22,24.4,63.5,60,Moderate,STN-685
2020-09-29 00:00:00,Cairo,30.012402173660966,31.182180374482474,Summer,11.5,59.6,25.5,92.02,117.4,22.6,48.5,43,Hazardous,STN-119
2020-09-29 06:00:00,Beijing,39.851539282154974,116.3222489289592,Summer,3.7,46.4,10.2,57.11,34.33,20.8,48.5,196,Good,STN-520
2020-09-29 12:00:00,Sydney,-33.81385505125166,151.2394874145588,Summer,16.0,30.1,19.2,66.16,54.93,10.2,48.3,10,Unhealthy for Sensitive,STN-345
2020-09-29 18:00:00,Cairo,30.13626557007399,31.275027607508314,Summer,27.1,38.0,26.1,,40.65,4.3,32.6,50,Good,STN-459
2020-09-30 00:00:00,Beijing,39.90414886995036,116.49448164274845,Summer,9.4,46.4,18.8,37.76,85.59,25.6,58.7,209,Unhealthy for Sensitive,STN-606
2020-09-30 06:00:00,Beijing,39.889149846484635,116.42026263084571,Summer,19.0,84.0,21.6,28.45,11.5,40.2,33.5,119,Good,STN-300
2020-09-30 12:00:00,London,51.50368911424839,-0.10850276277388282,Summer,24.6,70.2,18.3,13.32,58.97,30.6,30.9,280,Good,STN-780
2020-09-30 18:00:00,São Paulo,-23.512741986725725,-46.69049917988568,Summer,23.7,36.2,21.0,40.57,5.84,50.5,22.1,305,Moderate,STN-930
2020-10-01 00:00:00,São Paulo,-23.535020170300715,-46.59316224320334,Autumn,8.7,61.8,14.1,18.78,45.79,5.4,43.3,284,Unhealthy for Sensitive,STN-505
2020-10-01 06:00:00,London,51.542570778123775,-0.16714331693928725,Autumn,10.5,55.9,24.4,22.15,35.32,25.2,37.8,21,Unhealthy for Sensitive,STN-886
2020-10-01 12:00:00,Delhi,28.64122744335397,77.26666495247936,Autumn,43.1,67.2,14.7,9.29,41.95,14.8,2.3,208,Good,STN-266
2020-10-01 18:00:00,Paris,48.87988401996222,2.3546710788821565,Autumn,25.6,78.9,23.1,8.89,5.37,43.0,42.8,138,Moderate,STN-811
2020-10-02 00:00:00,London,51.459353656666984,-0.168942462513045,Autumn,13.3,68.6,5.2,26.12,42.21,32.3,11.3,235,Good,STN-465
2020-10-02 06:00:00,Lagos,6.625095205373969,3.3246999857010344,Autumn,34.6,54.4,5.5,86.93,59.74,44.1,40.1,22,Moderate,STN-337
2020-10-02 12:00:00,Sydney,-33.83829323101737,151.25464668263612,Autumn,15.7,97.9,9.1,19.21,32.09,34.4,30.4,170,Unhealthy,STN-197
2020-10-02 18:00:00,London,51.52644642225776,-0.1216689226390011,Autumn,23.6,79.9,19.3,20.42,21.72,48.4,54.2,99,Moderate,STN-107
2020-10-03 00:00:00,Delhi,28.53486568041589,77.14650648465356,Autumn,33.3,47.5,17.5,72.02,13.63,5.8,54.9,226,Unhealthy for Sensitive,STN-361
2020-10-03 06:00:00,Lagos,6.529446119048508,3.3570406030811433,Autumn,8.0,66.6,4.5,2.98,89.18,13.5,10.7,324,Good,STN-799
2020-10-03 12:00:00,London,51.460926257393986,-0.18268376238571044,Autumn,16.1,55.6,15.5,19.39,50.25,46.4,43.3,290,Moderate,STN-613
2020-10-03 18:00:00,Lagos,6.590701305863704,3.464546811279715,Autumn,2.2,51.5,9.2,15.67,79.3,45.5,21.4,303,Unhealthy,STN-481
2020-10-04 00:00:00,Lagos,6.535177000805711,3.428531355322917,Autumn,25.8,31.5,15.5,20.85,52.28,10.1,47.0,274,Unhealthy,STN-122
2020-10-04 06:00:00,Delhi,28.649662533128918,77.14110811692045,Autumn,-10.7,64.5,10.3,6.71,65.33,26.7,30.0,320,Unhealthy for Sensitive,STN-714
2020-10-04 12:00:00,Tokyo,35.69052620343036,139.79914924375817,Autumn,3.8,82.0,14.7,382.03,22.54,37.5,44.0,203,Good,STN-794
2020-10-04 18:00:00,Paris,48.84595917638675,2.3915657240771226,Autumn,26.1,82.6,13.9,16.45,31.01,23.7,92.5,131,Unhealthy,STN-799
2020-10-05 00:00:00,São Paulo,-23.43549542781021,-46.59573539518285,Autumn,-8.6,67.4,4.4,28.3,70.62,59.0,53.8,101,Moderate,STN-882
2020-10-05 06:00:00,Cairo,29.95211577081615,31.273734824146967,Autumn,10.8,51.7,11.3,81.1,253.09,43.4,19.0,40,Unhealthy for Sensitive,STN-737
2020-10-05 12:00:00,Cairo,30.005949037697768,31.217257631965122,Autumn,-1.0,52.8,1.7,5.57,27.44,18.6,16.7,342,Good,STN-263
2020-10-05 18:00:00,New York,40.718438629066334,-73.99047787614565,Autumn,21.4,55.2,9.6,10.85,37.5,7.4,40.0,172,Unhealthy,STN-866
2020-10-06 00:00:00,London,51.5002886326781,-0.11129584110242503,Autumn,27.0,56.1,4.1,12.11,14.71,44.1,49.4,55,Hazardous,STN-915
2020-10-06 06:00:00,São Paulo,-23.53793242113197,-46.62664190283815,Autumn,28.8,58.8,22.9,45.87,97.39,,88.9,225,Good,STN-338
2020-10-06 12:00:00,Sydney,-33.88538684079958,151.18383609459542,Autumn,10.0,41.8,12.2,28.15,98.31,25.6,41.7,226,Unhealthy for Sensitive,STN-435
2020-10-06 18:00:00,Sydney,-33.90514536590074,151.17043981210384,Autumn,14.5,43.9,22.1,27.21,289.36,24.6,13.4,55,Moderate,STN-896
2020-10-07 00:00:00,Sydney,-33.80472282186514,151.25057244572344,Autumn,15.3,45.4,15.5,63.85,124.08,1.9,45.1,35,Moderate,STN-305
2020-10-07 06:00:00,Lagos,6.4229914418155625,3.366998473350956,Autumn,15.5,38.0,25.9,35.69,71.7,32.4,23.8,340,Unhealthy for Sensitive,STN-849
2020-10-07 12:00:00,London,51.507887789755486,-0.07996178459942344,Autumn,25.9,35.2,18.7,10.13,99.29,20.5,19.5,18,Moderate,STN-675
2020-10-07 18:00:00,Sydney,-33.929437858414346,151.151906148437,Autumn,11.6,50.9,8.0,68.89,12.49,0.0,69.7,154,Moderate,STN-333
2020-10-08 00:00:00,Lagos,6.46987846610162,3.292215672465562,Autumn,12.6,26.3,1.9,60.28,33.86,17.2,53.5,137,Unhealthy,STN-257
2020-10-08 06:00:00,New York,40.70642549671755,-73.95192394108611,Autumn,19.1,36.8,8.9,39.51,147.65,8.4,47.9,262,Moderate,STN-852
2020-10-08 12:00:00,Tokyo,35.611625313466504,139.65955511179465,Autumn,20.7,43.6,25.4,24.04,52.28,37.4,20.1,65,Good,STN-733
2020-10-08 18:00:00,Tokyo,35.734704726945075,139.569118335708,Autumn,24.3,85.3,22.0,9.79,58.2,56.7,58.7,274,Unhealthy,STN-614
2020-10-09 00:00:00,São Paulo,-23.54080224943779,-46.64719859676239,Autumn,22.6,71.4,14.7,12.72,24.53,29.9,25.6,327,Unhealthy for Sensitive,STN-149
2020-10-09 06:00:00,New York,40.76733774826158,-73.9945382726474,Autumn,30.2,27.2,12.0,33.94,166.49,15.5,34.0,118,Good,STN-575
2020-10-09 12:00:00,São Paulo,-23.643496941339777,-46.63996465008141,Autumn,20.9,25.3,31.4,15.78,47.97,,57.7,114,Good,STN-709
2020-10-09 18:00:00,Lagos,6.486992895209492,3.370757107633829,Autumn,9.4,50.1,26.6,23.85,46.48,33.3,40.7,49,Moderate,STN-501
2020-10-10 00:00:00,Tokyo,35.71536952731895,139.61214013856357,Autumn,1.8,58.8,13.7,11.8,23.26,34.4,59.7,67,Unhealthy,STN-992
2020-10-10 06:00:00,Cairo,30.055692251336215,31.335125960758628,Autumn,-9.2,73.7,4.0,9.74,170.87,28.6,5.0,156,Moderate,STN-240
2020-10-10 12:00:00,Tokyo,35.661556064685435,139.63423620013884,Autumn,32.9,75.3,21.5,63.19,57.64,13.0,47.3,121,Moderate,STN-295
2020-10-10 18:00:00,Sydney,-33.848299836517654,151.17293395380648,Autumn,4.9,72.8,13.2,34.14,45.9,52.7,45.4,281,Unhealthy,STN-100
2020-10-11 00:00:00,Cairo,29.97248109812119,31.279906396304682,Autumn,-5.7,33.3,10.7,6.01,162.94,40.7,26.8,187,Good,STN-149
2020-10-11 06:00:00,Beijing,39.927167226065485,116.35205491325539,Autumn,26.5,79.2,20.2,30.78,45.3,22.1,6.7,48,Hazardous,STN-746
2020-10-11 12:00:00,Paris,48.871967253612496,2.3634429992838313,Autumn,18.5,66.8,5.0,6.95,39.32,33.8,3.0,112,Moderate,STN-476
2020-10-11 18:00:00,Beijing,39.895061346031575,116.39594362901443,Autumn,16.1,63.4,22.9,13.31,46.21,46.2,3.9,195,Moderate,STN-134
2020-10-12 00:00:00,London,51.51130029010532,-0.1664746589870998,Autumn,-0.0,56.9,16.0,25.62,92.43,21.7,55.8,98,Unhealthy for Sensitive,STN-798
2020-10-12 06:00:00,Sydney,-33.91047773785201,151.23334013593907,Autumn,19.7,100.0,17.5,23.05,54.85,32.3,46.5,200,Unhealthy for Sensitive,STN-285
2020-10-12 12:00:00,Cairo,30.09380679598836,31.316706314688002,Autumn,25.2,42.3,11.0,90.09,106.8,,66.8,73,Unhealthy for Sensitive,STN-924
2020-10-12 18:00:00,Tokyo,35.73321085530247,139.63501647751934,Autumn,31.8,29.6,24.4,22.57,125.58,27.6,40.2,237,Good,STN-533
2020-10-13 00:00:00,Lagos,6.505384235662785,3.3024799715057163,Autumn,28.1,51.0,13.4,10.94,21.67,17.1,94.4,58,Unhealthy,STN-962
2020-10-13 06:00:00,Paris,48.83749775354572,2.218874551753751,Autumn,10.6,62.0,24.5,12.91,22.16,10.2,62.0,269,Unhealthy,STN-325
2020-10-13 12:00:00,Paris,48.925887946936435,2.325553093638115,Autumn,31.9,34.5,19.6,27.61,55.18,20.8,51.1,336,Moderate,STN-753
2020-10-13 18:00:00,Beijing,39.90170936239903,116.4699418833361,Autumn,26.5,45.4,17.8,59.63,14.25,5.7,13.3,120,Unhealthy for Sensitive,STN-418
2020-10-14 00:00:00,London,51.43926875490474,-0.1807002229511672,Autumn,14.6,36.8,28.2,8.83,64.36,47.3,29.4,323,Unhealthy for Sensitive,STN-247
2020-10-14 06:00:00,Delhi,28.567671290110333,77.19749194780576,Autumn,37.1,100.0,13.3,42.27,31.68,24.2,72.1,142,Unhealthy for Sensitive,STN-983
2020-10-14 12:00:00,Lagos,6.497735027298279,3.43530635457839,Autumn,32.0,68.7,6.6,25.38,49.82,25.2,48.3,221,Unhealthy for Sensitive,STN-198
2020-10-14 18:00:00,Sydney,-33.79163452214172,151.2265889520574,Autumn,16.0,67.9,14.1,22.59,15.44,33.8,16.8,29,Unhealthy,STN-514
2020-10-15 00:00:00,São Paulo,-23.51959935566939,-46.581871298471576,Autumn,20.8,18.3,16.7,16.75,22.86,25.5,32.6,203,Good,STN-331
2020-10-15 06:00:00,Beijing,39.863012711942304,116.40489427706562,Autumn,13.6,22.9,17.1,420.86,33.76,12.6,59.3,338,Unhealthy,STN-183
2020-10-15 12:00:00,Paris,48.902877272917856,2.3746814493620527,Autumn,33.9,78.4,13.4,15.28,49.7,16.9,54.0,331,Hazardous,STN-827
2020-10-15 18:00:00,Paris,48.800269901365596,2.2768493760635806,Autumn,23.3,65.1,31.2,4.03,57.19,18.1,28.5,13,Good,STN-795
2020-10-16 00:00:00,Beijing,39.970272518371104,116.46717786977253,Autumn,8.7,49.9,17.8,35.28,47.48,57.6,44.1,242,Unhealthy for Sensitive,STN-769
2020-10-16 06:00:00,Beijing,39.93752231422562,116.36438208125459,Autumn,39.9,23.0,19.9,45.64,90.87,28.2,66.2,48,Hazardous,STN-405
2020-10-16 12:00:00,Delhi,28.581164904641042,77.23927464682534,Autumn,23.0,62.2,11.1,27.3,12.83,21.0,8.9,333,Unhealthy for Sensitive,STN-450
2020-10-16 18:00:00,London,51.49973484412113,-0.06556229935023956,Autumn,17.0,58.0,24.4,35.18,50.59,13.8,37.7,195,Unhealthy for Sensitive,STN-609
2020-10-17 00:00:00,Paris,48.871405806174685,2.3810521274285885,Autumn,9.3,64.6,6.8,41.34,27.72,21.2,58.9,146,Unhealthy for Sensitive,STN-978
2020-10-17 06:00:00,Cairo,30.000055819685247,31.220039266437556,Autumn,5.2,71.4,16.0,24.75,28.04,22.4,52.7,160,Good,STN-314
2020-10-17 12:00:00,Cairo,30.093058737870088,31.21956989828373,Autumn,25.1,37.6,24.7,39.46,43.97,,28.8,88,Good,STN-101
2020-10-17 18:00:00,Lagos,6.482775283273118,3.402785096686871,Autumn,16.3,77.7,14.5,36.95,42.84,3.7,52.2,295,Moderate,STN-862
2020-10-18 00:00:00,Cairo,30.043474054314228,31.21378277585861,Autumn,25.9,,0.9,,32.61,11.0,36.1,232,Good,STN-435
2020-10-18 06:00:00,Delhi,28.687189871128094,77.11689509264797,Autumn,-7.2,,21.8,71.29,63.0,23.6,48.4,175,Moderate,STN-465
2020-10-18 12:00:00,Lagos,6.53556229677028,3.3942985125349274,Autumn,17.7,53.2,12.0,38.42,38.35,47.6,70.6,338,Moderate,STN-168
2020-10-18 18:00:00,Sydney,-33.905147304298076,151.24955980628246,Autumn,9.8,44.5,13.6,13.79,37.17,24.7,52.2,300,Moderate,STN-271
2020-10-19 00:00:00,Tokyo,35.629204110834664,139.7376292301085,Autumn,32.7,37.4,27.7,28.01,59.16,40.2,32.1,218,Moderate,STN-897
2020-10-19 06:00:00,Lagos,6.5031887683520075,3.4037428697041876,Autumn,26.2,74.1,10.7,7.65,21.32,13.4,60.5,250,Unhealthy,STN-272
2020-10-19 12:00:00,New York,40.69952811487463,-74.03431698060928,Autumn,4.0,59.2,14.6,28.55,47.8,19.1,52.4,196,Moderate,STN-114
2020-10-19 18:00:00,São Paulo,-23.580354512315512,-46.579239754065796,Autumn,19.0,85.3,9.6,81.06,157.69,38.5,28.9,100,Unhealthy,STN-756
2020-10-20 00:00:00,Cairo,30.02218928182834,31.19310592156883,Autumn,20.2,43.2,19.0,,44.31,18.3,54.2,79,Unhealthy,STN-517
2020-10-20 06:00:00,London,51.57682130224769,-0.22915611286057766,Autumn,17.4,77.7,7.3,17.24,23.47,25.6,58.7,133,Hazardous,STN-532
2020-10-20 12:00:00,Tokyo,35.80920810351373,139.5898867701151,Autumn,19.1,82.8,7.6,18.87,27.01,12.0,37.1,169,Moderate,STN-442
2020-10-20 18:00:00,Beijing,39.8663119479289,116.36101000625625,Autumn,18.0,46.0,19.1,16.8,68.08,42.2,68.3,166,Unhealthy,STN-547
2020-10-21 00:00:00,Delhi,28.551220810340425,77.22850105058352,Autumn,21.3,59.0,8.5,17.71,122.63,1.4,69.1,65,Unhealthy,STN-782
2020-10-21 06:00:00,Sydney,-33.894938721939255,151.1907560803523,Autumn,5.7,46.9,14.4,27.06,16.6,47.6,15.5,243,Good,STN-827
2020-10-21 12:00:00,Tokyo,35.76045992733167,139.56951310522686,Autumn,15.4,58.0,16.1,16.08,132.56,31.6,22.0,308,Unhealthy for Sensitive,STN-681
2020-10-21 18:00:00,Paris,48.77170298673864,2.3297950637697284,Autumn,22.4,44.2,16.7,12.72,29.33,44.3,52.1,31,Moderate,STN-728
2020-10-22 00:00:00,Sydney,-33.92726137431494,151.21699418829166,Autumn,16.9,51.0,13.4,11.0,28.27,12.4,33.8,214,Moderate,STN-959
2020-10-22 06:00:00,Delhi,28.592525877714245,77.30868598993655,Autumn,25.7,55.8,24.3,43.51,17.41,16.1,42.2,168,Unhealthy for Sensitive,STN-822
2020-10-22 12:00:00,Cairo,30.036702242581455,31.24628111821875,Autumn,11.2,73.3,7.2,,100.48,31.0,16.2,324,Hazardous,STN-122
2020-10-22 18:00:00,Sydney,-33.79980810701479,151.14554920269933,Autumn,27.4,76.6,4.3,16.28,17.58,27.9,49.6,46,Unhealthy,STN-157
2020-10-23 00:00:00,New York,40.736667570257744,-74.06643775567704,Autumn,19.5,,9.2,9.07,85.69,36.1,37.8,313,Unhealthy for Sensitive,STN-885
2020-10-23 06:00:00,Lagos,6.465473377585838,3.308293581004843,Autumn,20.2,51.8,11.3,16.92,25.08,47.3,14.8,323,Unhealthy,STN-234
2020-10-23 12:00:00,London,51.499170040092864,-0.0875158196729629,Autumn,16.4,38.5,13.9,18.31,46.7,19.2,40.6,229,Moderate,STN-213
2020-10-23 18:00:00,Sydney,-33.88502092697976,151.23652239711797,Autumn,2.7,56.4,10.7,8.39,18.36,21.1,61.9,285,Hazardous,STN-607
2020-10-24 00:00:00,Tokyo,35.65417057849419,139.6173695265583,Autumn,0.2,42.3,2.0,91.81,59.31,,35.1,191,Moderate,STN-768
2020-10-24 06:00:00,Tokyo,35.62866281509712,139.66169859908774,Autumn,22.1,58.3,33.6,27.09,13.89,30.1,43.8,145,Unhealthy for Sensitive,STN-695
2020-10-24 12:00:00,Delhi,28.638946435716502,77.23237866390396,Autumn,6.9,69.5,11.6,64.77,94.95,34.1,21.0,112,Good,STN-784
2020-10-24 18:00:00,Paris,48.8420419302292,2.342099978402384,Autumn,18.8,51.9,14.3,,59.25,56.7,20.0,147,Unhealthy for Sensitive,STN-924
2020-10-25 00:00:00,New York,40.6582645570641,-74.02341754820974,Autumn,10.6,65.3,8.1,24.52,86.53,,27.4,146,Moderate,STN-201
2020-10-25 06:00:00,Lagos,6.507879122901874,3.3148625842277757,Autumn,30.7,50.2,12.7,36.02,72.42,29.0,2.1,338,Moderate,STN-635
2020-10-25 12:00:00,Paris,48.8406241219576,2.360496953755333,Autumn,19.8,69.4,6.2,15.83,61.79,21.1,41.3,229,Unhealthy for Sensitive,STN-331
2020-10-25 18:00:00,Tokyo,35.65129083752874,139.64395533541295,Autumn,12.8,77.9,23.9,76.5,21.14,8.1,42.2,162,Hazardous,STN-154
2020-10-26 00:00:00,Cairo,30.014719830473197,31.171863015165428,Autumn,13.6,61.4,2.6,18.82,70.49,17.6,51.7,149,Unhealthy,STN-735
2020-10-26 06:00:00,Beijing,39.905549290984005,116.41244789394237,Autumn,31.2,61.0,15.7,31.67,72.6,22.0,41.7,66,Hazardous,STN-172
2020-10-26 12:00:00,Paris,48.86595869391507,2.3837682059406897,Autumn,16.8,57.5,3.9,34.05,97.06,45.1,50.5,207,Moderate,STN-864
2020-10-26 18:00:00,Cairo,29.986012588294784,31.264802753793386,Autumn,21.2,10.0,15.8,74.17,86.11,52.0,32.2,26,Unhealthy,STN-554
2020-10-27 00:00:00,Tokyo,35.764785236015776,139.56854683668865,Autumn,6.5,,13.9,43.76,20.02,53.2,11.5,263,Good,STN-229
2020-10-27 06:00:00,Tokyo,35.69514890591503,139.647362740403,Autumn,14.4,75.0,13.2,,59.51,10.8,39.2,99,Unhealthy,STN-806
2020-10-27 12:00:00,Sydney,-34.00142613702367,151.19576740987878,Autumn,30.1,42.5,8.5,18.91,81.66,23.6,57.3,79,Good,STN-225
2020-10-27 18:00:00,Beijing,39.96005942884495,116.37834503133259,Autumn,20.7,62.6,8.7,44.27,82.52,36.0,23.3,111,Moderate,STN-557
2020-10-28 00:00:00,Lagos,6.559170633737025,3.469569050365336,Autumn,31.9,54.2,20.2,14.65,26.08,10.5,58.8,207,Unhealthy,STN-789
2020-10-28 06:00:00,New York,40.741507780667376,-73.96748354833368,Autumn,6.7,34.0,13.0,23.93,21.9,25.3,33.6,277,Unhealthy for Sensitive,STN-858
2020-10-28 12:00:00,London,51.49935879912263,-0.048768897835710506,Autumn,-0.3,69.7,9.6,84.89,25.72,33.9,43.4,62,Good,STN-970
2020-10-28 18:00:00,Paris,48.84898484266766,2.3074182708813047,Autumn,19.7,77.1,14.3,,40.29,29.0,50.5,47,Moderate,STN-261
2020-10-29 00:00:00,Delhi,28.585103409447896,77.10974522779702,Autumn,30.5,42.5,25.0,63.26,85.19,,36.9,37,Good,STN-137
2020-10-29 06:00:00,Paris,48.85101194317157,2.3625799699383494,Autumn,22.5,58.2,15.2,17.07,36.94,48.8,30.9,273,Good,STN-822
2020-10-29 12:00:00,Tokyo,35.62929713435485,139.6056115077302,Autumn,15.9,67.7,16.3,37.57,54.6,28.6,64.8,216,Unhealthy for Sensitive,STN-708
2020-10-29 18:00:00,São Paulo,-23.66626005455167,-46.6177401496791,Autumn,12.7,54.4,18.9,9.7,86.41,,30.0,165,Good,STN-926
2020-10-30 00:00:00,Lagos,6.559514130888348,3.351613452094064,Autumn,16.5,54.9,16.2,33.55,77.78,8.4,6.2,139,Hazardous,STN-661
2020-10-30 06:00:00,Tokyo,35.662305969073486,139.64176869066668,Autumn,17.1,67.5,5.9,,39.56,43.4,50.8,49,Good,STN-501
2020-10-30 12:00:00,Beijing,39.86086502975064,116.45283104134724,Autumn,12.5,63.2,17.0,45.56,19.62,54.1,36.5,91,Unhealthy,STN-579
2020-10-30 18:00:00,Beijing,39.949200535324394,116.35176588663693,Autumn,2.1,56.9,1.3,60.12,100.88,24.8,23.2,29,Good,STN-890
2020-10-31 00:00:00,London,51.4627434574164,-0.016853497840598503,Autumn,33.0,55.0,5.0,23.99,28.58,25.5,67.1,158,Moderate,STN-266
2020-10-31 06:00:00,Beijing,39.80371038298765,116.45084629059147,Autumn,-4.0,62.0,17.8,14.78,69.83,27.5,54.0,138,Good,STN-760
2020-10-31 12:00:00,New York,40.68538962866368,-73.9804063234917,Autumn,17.5,74.5,13.5,8.69,25.67,28.8,19.5,73,Good,STN-428
2020-10-31 18:00:00,London,51.526619669653,-0.12760806120820417,Autumn,9.9,91.0,10.7,8.87,42.81,29.0,61.9,29,Good,STN-815
2020-11-01 00:00:00,Paris,48.82126156170174,2.4000779158910026,Autumn,16.4,52.0,20.9,12.84,137.63,25.6,39.2,128,Moderate,STN-564
2020-11-01 06:00:00,Sydney,-33.84522100307458,151.21988583329002,Autumn,3.7,,23.9,23.99,95.15,42.8,67.9,85,Moderate,STN-749
2020-11-01 12:00:00,São Paulo,-23.500140124641277,-46.578345845858934,Autumn,12.3,73.7,27.5,10.21,76.73,29.6,37.3,84,Unhealthy for Sensitive,STN-746
2020-11-01 18:00:00,New York,40.69063959242959,-73.97850207821513,Autumn,9.9,58.7,6.8,31.94,43.13,,52.9,318,Unhealthy,STN-855
2020-11-02 00:00:00,Tokyo,35.74567168887294,139.67849407135355,Autumn,1.6,,8.5,30.99,14.18,25.9,26.7,87,Hazardous,STN-496
2020-11-02 06:00:00,Lagos,6.427109510901076,3.3396162743333035,Autumn,-2.2,100.0,15.5,65.46,30.77,29.4,61.6,189,Moderate,STN-933
2020-11-02 12:00:00,Delhi,28.66941371945952,77.26025361222453,Autumn,19.5,64.1,9.8,85.59,30.93,34.6,72.6,299,Good,STN-164
2020-11-02 18:00:00,São Paulo,-23.5997079554905,-46.704760066219286,Autumn,26.3,48.0,33.8,24.27,26.95,45.6,3.8,148,Unhealthy for Sensitive,STN-517
2020-11-03 00:00:00,Paris,48.87814256825672,2.317811401887725,Autumn,12.3,79.6,19.6,16.36,165.77,16.2,7.3,160,Unhealthy for Sensitive,STN-333
2020-11-03 06:00:00,New York,40.64557689490476,-74.06947292959073,Autumn,39.0,53.9,16.3,27.34,51.13,39.7,57.1,216,Moderate,STN-512
2020-11-03 12:00:00,Lagos,6.5254851438130945,3.3018358240483674,Autumn,28.1,47.7,17.3,24.5,25.66,20.4,19.4,52,Unhealthy,STN-125
2020-11-03 18:00:00,Beijing,39.92366924794611,116.42120983416902,Autumn,7.5,32.2,22.4,13.81,19.58,5.9,50.9,314,Moderate,STN-439
2020-11-04 00:00:00,Paris,48.87110977953519,2.327685872377247,Autumn,36.5,76.4,4.0,28.34,37.43,36.8,24.3,217,Moderate,STN-986
2020-11-04 06:00:00,São Paulo,-23.542471754536763,-46.63930154400499,Autumn,34.3,38.4,22.6,44.69,87.76,40.3,33.1,285,Good,STN-966
2020-11-04 12:00:00,Delhi,28.6236097182725,77.1507216140589,Autumn,16.0,68.9,22.7,20.57,30.34,45.8,36.9,310,Good,STN-338
2020-11-04 18:00:00,Cairo,30.03664441634866,31.264580149821473,Autumn,32.4,51.2,20.6,8.07,68.47,24.8,54.6,132,Unhealthy for Sensitive,STN-230
2020-11-05 00:00:00,São Paulo,-23.55438380921479,-46.71625223559661,Autumn,18.2,54.9,9.6,,40.44,6.4,58.6,98,Unhealthy for Sensitive,STN-489
2020-11-05 06:00:00,London,51.48311777856681,-0.14081941564767345,Autumn,13.8,100.0,14.1,,39.18,28.7,48.1,273,Moderate,STN-866
2020-11-05 12:00:00,Paris,48.811884869324146,2.2157998106427237,Autumn,11.2,73.3,22.8,16.72,74.22,10.2,70.1,267,Moderate,STN-592
2020-11-05 18:00:00,New York,40.78507585435609,-74.00942772719888,Autumn,20.5,59.8,14.6,28.86,55.24,11.9,72.0,320,Moderate,STN-665
2020-11-06 00:00:00,Paris,48.79414870811687,2.386921807341933,Autumn,22.4,35.9,19.2,31.43,7.52,44.6,37.6,78,Moderate,STN-413
2020-11-06 06:00:00,Sydney,-33.886409008188075,151.19087476913325,Autumn,25.3,11.8,21.0,36.18,56.91,10.5,35.0,327,Moderate,STN-121
2020-11-06 12:00:00,São Paulo,-23.570590979633117,-46.5669517569432,Autumn,7.1,70.9,18.5,14.18,44.44,29.3,41.7,307,Good,STN-907
2020-11-06 18:00:00,Lagos,6.539110831500611,3.407731888489264,Autumn,18.1,36.8,8.7,5.25,38.73,30.7,40.9,31,Good,STN-871
2020-11-07 00:00:00,São Paulo,-23.573394796328127,-46.67679642995602,Autumn,-18.3,52.3,15.0,27.85,74.31,14.2,37.2,19,Unhealthy for Sensitive,STN-847
2020-11-07 06:00:00,Delhi,28.6124035465891,77.2732053299348,Autumn,32.8,46.9,0.7,73.47,112.15,25.1,22.6,106,Moderate,STN-842
2020-11-07 12:00:00,New York,40.74772001236572,-73.99890827189309,Autumn,18.1,48.4,10.0,15.29,36.0,16.6,47.5,171,Unhealthy,STN-719
2020-11-07 18:00:00,São Paulo,-23.53379521089155,-46.7235541631314,Autumn,23.2,72.6,14.2,19.74,40.57,14.8,40.1,140,Good,STN-488
2020-11-08 00:00:00,Beijing,39.88560963572405,116.39215426385815,Autumn,14.7,60.1,5.6,25.09,45.3,19.5,10.7,270,Good,STN-806
2020-11-08 06:00:00,Delhi,28.575234162405025,77.18712869843517,Autumn,9.2,75.8,27.6,23.14,61.65,9.2,40.0,275,Hazardous,STN-839
2020-11-08 12:00:00,London,51.506550178986195,-0.11424509630938028,Autumn,10.7,78.8,12.7,6.1,26.2,34.0,45.3,231,Good,STN-659
2020-11-08 18:00:00,New York,40.69006195802457,-73.98538935347273,Autumn,31.6,40.2,15.6,22.44,53.21,16.5,41.1,30,Unhealthy for Sensitive,STN-361
2020-11-09 00:00:00,Beijing,39.921083091623935,116.39540809088018,Autumn,38.9,42.3,17.2,5.23,43.98,0.8,99.8,11,Hazardous,STN-509
2020-11-09 06:00:00,Lagos,6.475813398834862,3.3587714280259946,Autumn,15.3,79.5,11.4,4.6,34.98,19.0,60.6,214,Unhealthy for Sensitive,STN-990
2020-11-09 12:00:00,Sydney,-33.880404180308716,151.16465784372144,Autumn,4.8,73.6,13.8,16.89,43.82,9.4,34.7,47,Moderate,STN-314
2020-11-09 18:00:00,New York,40.71945805514606,-74.00535736269454,Autumn,25.7,57.5,7.1,20.69,69.76,39.3,34.7,171,Moderate,STN-851
2020-11-10 00:00:00,Delhi,28.654495085233286,77.23159439436228,Autumn,-3.6,52.3,25.9,17.2,22.93,22.2,41.2,16,Moderate,STN-895
2020-11-10 06:00:00,Beijing,39.91571205714392,116.39527247017674,Autumn,10.9,73.3,13.1,7.58,115.34,8.7,37.9,157,Unhealthy,STN-242
2020-11-10 12:00:00,São Paulo,-23.569674763877387,-46.58281098216582,Autumn,-3.3,68.4,13.9,91.82,119.14,3.6,22.4,106,Unhealthy for Sensitive,STN-735
2020-11-10 18:00:00,Lagos,6.487005949903972,3.286249500908004,Autumn,20.3,,6.9,50.91,14.94,16.7,62.6,324,Unhealthy for Sensitive,STN-534
2020-11-11 00:00:00,Lagos,6.535683881599401,3.356849691621958,Autumn,29.4,66.3,26.1,26.54,30.7,17.5,60.3,130,Unhealthy,STN-205
2020-11-11 06:00:00,London,51.633446208604816,-0.19561698006486727,Autumn,11.0,90.1,21.2,18.52,23.86,10.5,76.2,148,Good,STN-448
2020-11-11 12:00:00,Cairo,30.069146461394677,31.207139399145067,Autumn,33.4,,11.4,34.66,7.02,58.4,52.5,348,Good,STN-424
2020-11-11 18:00:00,London,51.498366819119546,-0.15865457632528454,Autumn,2.6,25.7,19.7,6.65,90.34,26.8,86.4,145,Moderate,STN-366
2020-11-12 00:00:00,Paris,48.84029707533541,2.337839356878459,Autumn,37.6,10.0,15.2,,23.73,32.0,42.7,96,Moderate,STN-649
2020-11-12 06:00:00,Cairo,29.963585040148377,31.222482671359856,Autumn,25.9,10.0,11.1,16.89,68.98,17.2,39.0,161,Hazardous,STN-554
2020-11-12 12:00:00,Paris,48.83516199056258,2.293049121341494,Autumn,18.4,63.5,14.2,8.99,156.39,45.9,17.3,27,Moderate,STN-993
2020-11-12 18:00:00,New York,40.76069421190795,-73.98859812950002,Autumn,18.9,33.7,25.8,37.1,138.78,33.2,48.0,19,Unhealthy for Sensitive,STN-150
2020-11-13 00:00:00,Beijing,39.86452345695333,116.39094917273731,Autumn,24.4,65.4,17.3,30.0,64.0,5.3,34.4,83,Good,STN-480
2020-11-13 06:00:00,Delhi,28.700200533886083,77.18425641749862,Autumn,11.0,74.6,24.6,21.85,20.56,1.1,72.2,131,Moderate,STN-710
2020-11-13 12:00:00,Beijing,39.920706188260134,116.48748439109873,Autumn,2.7,61.2,19.2,55.38,25.76,18.2,7.8,299,Hazardous,STN-103
2020-11-13 18:00:00,Delhi,28.679553289692564,77.21579313390379,Autumn,26.5,83.5,9.5,84.35,67.83,20.1,43.2,40,Good,STN-183
2020-11-14 00:00:00,Tokyo,35.73580360718237,139.51838308733284,Autumn,1.3,63.1,13.1,175.11,74.33,21.6,30.8,86,Good,STN-256
2020-11-14 06:00:00,Delhi,28.590212501774882,77.09525541763179,Autumn,27.4,34.2,6.3,16.66,80.2,13.9,26.6,201,Moderate,STN-968
2020-11-14 12:00:00,Sydney,-33.919267162686786,151.19297347797024,Autumn,12.7,88.6,13.9,64.21,75.2,27.4,46.7,122,Unhealthy for Sensitive,STN-666
2020-11-14 18:00:00,São Paulo,-23.543833888516804,-46.58924530337045,Autumn,30.4,75.7,4.9,10.68,46.3,34.2,13.8,207,Hazardous,STN-160
2020-11-15 00:00:00,Paris,48.89059135363346,2.4005297929352736,Autumn,34.7,34.7,6.7,25.28,148.6,22.5,0.7,303,Good,STN-899
2020-11-15 06:00:00,Lagos,6.581966371151252,3.308919311419297,Autumn,29.8,88.8,14.3,15.7,21.06,51.4,4.2,268,Hazardous,STN-278
2020-11-15 12:00:00,New York,40.71697337357457,-74.04100866947081,Autumn,61.6,100.0,25.7,59.21,66.89,40.1,7.1,220,Unhealthy for Sensitive,STN-427
2020-11-15 18:00:00,New York,40.802477509013606,-73.96684890563789,Autumn,33.1,52.8,6.1,21.66,7.35,43.5,61.6,143,Unhealthy for Sensitive,STN-970
2020-11-16 00:00:00,São Paulo,-23.552817005045423,-46.67566009454745,Autumn,28.6,74.4,18.3,16.31,17.11,17.8,64.7,143,Hazardous,STN-614
2020-11-16 06:00:00,Cairo,30.00932582724727,31.217324636632302,Autumn,26.7,65.3,15.0,81.78,103.04,32.7,53.4,58,Moderate,STN-775
2020-11-16 12:00:00,Cairo,30.008342080398357,31.263126573408268,Autumn,9.7,82.2,20.8,23.04,114.18,,57.0,161,Unhealthy for Sensitive,STN-495
2020-11-16 18:00:00,Delhi,28.685836802354817,77.31572061403293,Autumn,24.9,86.9,22.9,23.24,29.56,35.5,30.3,92,Good,STN-414
2020-11-17 00:00:00,Cairo,29.99162395430936,31.22580020736021,Autumn,22.9,41.2,17.8,29.18,49.44,31.7,44.8,136,Moderate,STN-657
2020-11-17 06:00:00,Cairo,30.08512758937545,31.093245842990182,Autumn,32.0,,17.7,143.04,36.81,25.0,43.3,280,Moderate,STN-338
2020-11-17 12:00:00,Lagos,6.581748240412887,3.4667191686296124,Autumn,6.5,88.6,19.3,8.19,29.03,27.5,69.9,230,Good,STN-230
2020-11-17 18:00:00,London,51.458691589932464,-0.1908021126063491,Autumn,-0.5,68.1,1.1,42.06,13.02,10.6,14.3,217,Unhealthy,STN-625
2020-11-18 00:00:00,Lagos,6.573833104211737,3.466568173660933,Autumn,-0.5,36.4,1.2,122.95,76.78,46.0,17.6,180,Good,STN-944
2020-11-18 06:00:00,Paris,48.81682664932844,2.2750566427634804,Autumn,23.5,66.2,19.0,10.94,41.92,12.3,23.9,87,Unhealthy for Sensitive,STN-223
2020-11-18 12:00:00,New York,40.706112210562516,-74.00705988029085,Autumn,7.9,10.0,24.1,121.04,90.62,46.2,90.4,16,Unhealthy for Sensitive,STN-836
2020-11-18 18:00:00,Paris,48.90038798155399,2.368534291050391,Autumn,2.4,46.5,0.2,,29.0,34.4,57.0,122,Good,STN-470
2020-11-19 00:00:00,Lagos,6.465298873131482,3.4974588715583486,Autumn,9.0,71.5,7.1,36.81,30.13,5.1,76.0,120,Moderate,STN-699
2020-11-19 06:00:00,Cairo,30.101833949871498,31.23020388366086,Autumn,28.7,37.7,13.2,15.63,15.04,12.0,57.0,217,Moderate,STN-412
2020-11-19 12:00:00,Tokyo,35.56252286082594,139.66547935829297,Autumn,30.5,49.1,27.3,6.98,112.6,32.6,45.3,160,Good,STN-542
2020-11-19 18:00:00,Beijing,39.892405841451236,116.32968778390332,Autumn,3.4,61.9,15.3,3.51,73.26,,36.9,13,Hazardous,STN-108
2020-11-20 00:00:00,Sydney,-33.85189953783926,151.25918665405493,Autumn,32.2,52.0,6.6,69.38,38.77,20.5,33.1,301,Hazardous,STN-654
2020-11-20 06:00:00,Cairo,30.04549098953726,31.224839216660694,Autumn,14.2,86.9,12.6,7.28,27.17,11.4,43.2,187,Hazardous,STN-830
2020-11-20 12:00:00,Tokyo,35.67322961962525,139.62431107254383,Autumn,25.8,70.4,18.6,9.03,62.58,22.9,38.3,13,Unhealthy,STN-552
2020-11-20 18:00:00,Cairo,30.062952249161274,31.279775214082512,Autumn,15.9,26.2,32.5,15.1,19.05,1.1,54.0,177,Good,STN-121
2020-11-21 00:00:00,Lagos,6.570358448785566,3.351902722955305,Autumn,16.6,54.6,16.7,33.74,64.2,50.6,40.9,82,Good,STN-549
2020-11-21 06:00:00,Beijing,39.93190532773973,116.3832952882484,Autumn,20.7,51.0,14.3,5.64,49.3,19.5,23.2,177,Good,STN-787
2020-11-21 12:00:00,Delhi,28.655979114183538,77.19942066064382,Autumn,21.8,70.5,18.1,44.23,51.51,31.4,23.0,12,Moderate,STN-831
2020-11-21 18:00:00,Sydney,-33.872231498332326,151.22097992745523,Autumn,-8.1,52.9,11.5,14.7,91.54,37.9,28.4,90,Unhealthy for Sensitive,STN-677
2020-11-22 00:00:00,London,51.44786830567513,-0.07027203742264665,Autumn,-1.3,78.3,28.6,49.38,80.85,27.4,23.9,313,Hazardous,STN-524
2020-11-22 06:00:00,Cairo,30.002924270812155,31.226146696761965,Autumn,6.2,81.6,26.3,78.02,22.36,52.7,68.6,21,Unhealthy for Sensitive,STN-433
2020-11-22 12:00:00,Tokyo,35.76123386877857,139.6040075426599,Autumn,18.5,73.5,12.1,15.04,28.98,37.0,34.9,346,Good,STN-232
2020-11-22 18:00:00,Sydney,-33.88899334219986,151.21909726588146,Autumn,28.6,65.6,0.0,11.46,45.19,22.3,82.3,67,Good,STN-487
2020-11-23 00:00:00,São Paulo,-23.552867897714826,-46.6583745565174,Autumn,20.9,45.0,11.0,21.13,21.72,61.2,50.0,196,Unhealthy for Sensitive,STN-968
2020-11-23 06:00:00,Lagos,6.56730012353927,3.3941225282190253,Autumn,10.6,57.2,13.5,31.8,44.05,17.3,60.2,81,Good,STN-862
2020-11-23 12:00:00,Tokyo,35.5794209637322,139.64295721673852,Autumn,10.7,93.8,2.4,16.78,52.07,17.5,18.4,71,Good,STN-166
2020-11-23 18:00:00,Delhi,28.669520393110293,77.25174086520728,Autumn,5.9,58.9,14.0,4.32,139.65,30.9,56.7,258,Unhealthy,STN-718
2020-11-24 00:00:00,New York,40.68201209536143,-74.03972216608182,Autumn,9.7,43.5,2.8,13.25,18.59,35.3,19.5,165,Moderate,STN-730
2020-11-24 06:00:00,Sydney,-33.84714172884495,151.24874804418204,Autumn,9.8,37.8,7.4,21.88,43.44,0.6,50.5,297,Moderate,STN-975
2020-11-24 12:00:00,Paris,48.94831567201565,2.312715467343533,Autumn,41.3,67.1,20.6,16.52,68.73,37.4,48.2,272,Good,STN-480
2020-11-24 18:00:00,London,51.604497236140524,-0.07611812830261275,Autumn,19.7,52.0,18.2,2.46,38.5,40.0,36.6,50,Good,STN-339
2020-11-25 00:00:00,Beijing,39.960512164190085,116.47110531558944,Autumn,12.1,98.1,17.2,51.61,45.99,13.1,53.6,131,Unhealthy for Sensitive,STN-449
2020-11-25 06:00:00,London,51.57341763329936,-0.17396992449726364,Autumn,14.3,44.3,15.2,38.95,22.83,43.5,59.4,228,Good,STN-123
2020-11-25 12:00:00,São Paulo,-23.50862422817812,-46.63157326096457,Autumn,32.2,72.7,4.9,6.93,39.09,21.7,53.4,181,Unhealthy for Sensitive,STN-922
2020-11-25 18:00:00,Paris,48.85066748589856,2.353552342059104,Autumn,6.9,81.6,8.4,56.03,37.58,26.7,52.0,313,Good,STN-376
2020-11-26 00:00:00,Beijing,39.953344243013966,116.40865164503403,Autumn,10.9,58.3,8.8,,22.61,16.2,9.3,152,Unhealthy for Sensitive,STN-946
2020-11-26 06:00:00,São Paulo,-23.57652832508369,-46.52691757335206,Autumn,8.1,58.4,24.2,65.91,60.68,33.2,92.6,198,Unhealthy for Sensitive,STN-760
2020-11-26 12:00:00,London,51.59548652505649,-0.15842822318415356,Autumn,28.9,45.2,11.8,11.12,28.3,43.5,25.5,22,Hazardous,STN-672
2020-11-26 18:00:00,Cairo,30.100449216855814,31.278405080468467,Autumn,29.0,51.6,13.9,16.05,62.14,,22.0,118,Moderate,STN-582
2020-11-27 00:00:00,São Paulo,-23.487744756352484,-46.60434114399052,Autumn,15.9,38.0,25.8,22.95,49.19,52.2,43.4,139,Unhealthy,STN-529
2020-11-27 06:00:00,Beijing,39.97855613997102,116.3338334802497,Autumn,14.8,48.9,17.0,15.7,66.22,12.3,41.9,311,Moderate,STN-640
2020-11-27 12:00:00,Delhi,28.638012843907568,77.22936433143933,Autumn,17.8,31.1,30.6,70.55,77.91,14.6,42.6,185,Good,STN-946
2020-11-27 18:00:00,London,51.45976878608226,-0.09644264384000178,Autumn,29.7,67.7,0.3,14.49,42.86,20.6,52.4,155,Good,STN-883
2020-11-28 00:00:00,Sydney,-33.78763641286432,151.21784515514707,Autumn,29.2,44.3,21.9,45.17,83.92,49.0,59.8,341,Good,STN-823
2020-11-28 06:00:00,Sydney,-33.85303466101894,151.3335418035295,Autumn,29.6,59.0,26.1,29.11,71.2,14.6,13.5,74,Good,STN-787
2020-11-28 12:00:00,Tokyo,35.683471253724925,139.5987098100134,Autumn,-4.7,79.5,21.1,75.68,83.08,31.9,5.9,176,Unhealthy for Sensitive,STN-554
2020-11-28 18:00:00,New York,40.67501490884389,-74.04606563895315,Autumn,19.0,89.7,4.1,36.48,41.16,17.1,37.0,61,Good,STN-591
2020-11-29 00:00:00,Delhi,28.675978790857087,77.1117572203031,Autumn,35.3,71.6,21.4,10.57,26.62,33.4,23.2,231,Moderate,STN-375
2020-11-29 06:00:00,Lagos,6.562523021566671,3.3556530028141474,Autumn,20.3,48.1,18.3,75.89,67.09,29.1,68.4,34,Moderate,STN-492
2020-11-29 12:00:00,Paris,48.91116075952025,2.4289310887809807,Autumn,34.4,47.4,9.1,20.3,37.04,14.3,34.6,78,Moderate,STN-893
2020-11-29 18:00:00,Delhi,28.641794813462905,77.21988309915196,Autumn,35.3,44.3,20.4,4.83,11.72,10.6,34.4,321,Good,STN-313
2020-11-30 00:00:00,London,51.407961025270666,-0.0825198911524865,Autumn,-8.4,67.6,28.0,13.7,65.57,38.8,37.1,76,Unhealthy for Sensitive,STN-243
2020-11-30 06:00:00,Paris,48.88119813970186,2.265853195897849,Autumn,2.0,95.5,19.6,9.84,60.79,16.2,51.3,73,Moderate,STN-896
2020-11-30 12:00:00,Delhi,28.57743944893391,77.25444721455868,Autumn,0.7,84.3,10.5,44.68,27.09,44.5,45.5,304,Unhealthy for Sensitive,STN-372
2020-11-30 18:00:00,Tokyo,35.652042605474115,139.6200862813319,Autumn,16.1,58.7,25.2,22.79,66.71,34.2,62.2,129,Unhealthy,STN-638
2020-12-01 00:00:00,Delhi,28.614474903107546,77.1983080794652,Autumn,4.2,56.0,16.0,19.85,33.15,36.3,29.8,334,Moderate,STN-219
2020-12-01 06:00:00,Beijing,39.93883603412819,116.41891249522864,Autumn,35.1,68.7,11.5,54.56,27.21,61.6,5.3,322,Unhealthy,STN-871
2020-12-01 12:00:00,New York,40.65031569181189,-73.99007111946912,Autumn,-8.9,77.8,19.9,23.48,59.54,22.4,37.2,67,Moderate,STN-858
2020-12-01 18:00:00,Delhi,28.5780120966738,77.31275482624437,Autumn,40.3,89.0,22.3,22.89,38.36,27.0,37.1,77,Moderate,STN-209
2020-12-02 00:00:00,Paris,48.9213679135531,2.275461375058225,Autumn,25.3,71.9,20.7,49.64,54.14,17.0,15.3,291,Moderate,STN-212
2020-12-02 06:00:00,Beijing,39.92694036509489,116.38738560981113,Autumn,-24.0,76.2,18.8,38.9,128.19,26.8,44.6,269,Hazardous,STN-961
2020-12-02 12:00:00,Lagos,6.523308435734929,3.4254284847851344,Autumn,30.2,42.2,13.9,57.9,132.73,10.9,53.0,291,Moderate,STN-166
2020-12-02 18:00:00,São Paulo,-23.649534450973295,-46.512213011953165,Autumn,22.9,32.5,25.5,9.05,71.5,,57.0,224,Unhealthy,STN-364
2020-12-03 00:00:00,Paris,48.9264864411647,2.396098841926036,Autumn,31.2,38.2,6.9,15.3,56.3,18.4,28.0,55,Moderate,STN-729
2020-12-03 06:00:00,Paris,48.99355552079144,2.3396465480705673,Autumn,32.7,42.1,1.3,,29.65,45.4,44.9,310,Moderate,STN-470
2020-12-03 12:00:00,Sydney,-33.88836981365073,151.27502078522406,Autumn,31.8,91.2,28.2,9.33,62.45,25.1,17.4,242,Hazardous,STN-424
2020-12-03 18:00:00,Sydney,-33.83270185987239,151.14085126460373,Autumn,24.7,71.4,11.9,28.86,137.88,13.8,5.5,149,Moderate,STN-604
2020-12-04 00:00:00,Sydney,-33.96508831713421,151.21348981865995,Autumn,25.3,44.9,20.6,18.12,41.82,24.0,72.5,253,Good,STN-618
2020-12-04 06:00:00,São Paulo,-23.631169307159027,-46.643433137067426,Autumn,15.7,57.5,23.0,15.36,73.3,34.0,30.8,211,Unhealthy for Sensitive,STN-466
2020-12-04 12:00:00,Tokyo,35.69567864296172,139.73735318314678,Autumn,37.6,52.2,9.2,31.4,40.81,30.0,18.7,114,Good,STN-754
2020-12-04 18:00:00,Sydney,-33.82725945259993,151.26095356768087,Autumn,1.0,32.4,18.7,12.34,102.17,43.2,65.0,163,Good,STN-128
2020-12-05 00:00:00,Sydney,-33.948192303279036,151.2356241775098,Autumn,14.5,64.2,14.7,76.39,16.07,8.4,28.9,207,Moderate,STN-127
2020-12-05 06:00:00,Beijing,39.79685634679087,116.34930059413182,Autumn,19.6,45.7,7.3,15.58,46.22,23.1,77.2,209,Unhealthy,STN-820
2020-12-05 12:00:00,Delhi,28.6136937832498,77.26638732440179,Autumn,-3.0,61.3,17.3,86.95,40.18,14.7,52.3,85,Good,STN-467
2020-12-05 18:00:00,Delhi,28.624580956088636,77.19688035941645,Autumn,-0.0,75.2,4.7,8.33,86.65,8.4,29.7,263,Good,STN-488
2020-12-06 00:00:00,Sydney,-33.9181475513929,151.21387492452666,Autumn,11.1,15.5,15.1,11.82,18.62,41.2,41.5,14,Unhealthy for Sensitive,STN-880
2020-12-06 06:00:00,Lagos,6.526422222209257,3.3549894037591423,Autumn,7.1,97.9,7.2,28.12,38.75,21.0,57.7,94,Good,STN-603
2020-12-06 12:00:00,São Paulo,-23.517523059255144,-46.733023702476316,Autumn,34.6,25.3,3.6,61.0,22.78,13.0,21.5,228,Unhealthy,STN-680
2020-12-06 18:00:00,London,51.6432962025371,-0.14120531467360092,Autumn,10.8,63.0,16.0,18.42,193.7,13.9,7.7,200,Good,STN-409
2020-12-07 00:00:00,New York,40.70196466868856,-73.90581395344455,Autumn,35.2,78.7,15.1,35.28,130.6,35.3,37.8,275,Unhealthy,STN-663
2020-12-07 06:00:00,São Paulo,-23.542970821091945,-46.58836637870875,Autumn,23.7,43.0,21.6,84.93,26.45,7.2,43.3,284,Good,STN-760
2020-12-07 12:00:00,Lagos,6.481747902613593,3.398950886133277,Autumn,25.4,43.8,33.7,6.83,7.04,7.2,32.9,123,Unhealthy,STN-625
2020-12-07 18:00:00,Beijing,39.85565505605978,116.45180066368029,Autumn,37.5,46.6,16.7,11.42,54.01,27.7,28.8,291,Unhealthy for Sensitive,STN-261
2020-12-08 00:00:00,Sydney,-33.8267806182191,151.21345463003803,Autumn,-14.2,94.5,2.6,,92.04,20.4,94.4,119,Good,STN-743
2020-12-08 06:00:00,Paris,48.89955051497959,2.339864899687349,Autumn,15.0,100.0,29.9,32.27,66.05,3.8,22.1,255,Unhealthy for Sensitive,STN-793
2020-12-08 12:00:00,Beijing,39.88101942183015,116.31314023298604,Autumn,14.5,67.3,22.5,13.11,60.54,38.7,25.4,203,Good,STN-243
2020-12-08 18:00:00,London,51.574237319035866,-0.12036244947494977,Autumn,23.0,49.2,16.9,12.25,95.18,50.4,60.0,173,Moderate,STN-989
2020-12-09 00:00:00,London,51.556885918716986,-0.10735615112114094,Autumn,6.3,27.0,11.7,31.91,46.51,21.2,63.2,84,Good,STN-524
2020-12-09 06:00:00,Lagos,6.517424545582683,3.3954083777033066,Autumn,34.2,57.4,3.7,31.77,34.35,18.1,33.4,147,Good,STN-636
2020-12-09 12:00:00,São Paulo,-23.6595206565075,-46.71554845029134,Autumn,17.1,64.4,12.4,25.56,56.71,29.7,45.9,200,Hazardous,STN-177
2020-12-09 18:00:00,New York,40.67312959837897,-74.04779861653283,Autumn,-5.6,17.3,20.1,30.73,39.12,17.5,40.4,191,Unhealthy,STN-142
2020-12-10 00:00:00,São Paulo,-23.590492999938373,-46.60224916247751,Autumn,16.7,94.5,9.6,34.03,45.18,19.9,49.8,62,Unhealthy for Sensitive,STN-197
2020-12-10 06:00:00,Tokyo,35.73287046839745,139.59378392441266,Autumn,18.4,34.9,10.3,3.56,10.74,12.5,47.6,261,Unhealthy,STN-206
2020-12-10 12:00:00,Beijing,39.90478821559846,116.34538176659146,Autumn,20.2,58.9,11.6,,18.9,2.2,2.9,216,Good,STN-939
2020-12-10 18:00:00,Beijing,39.85785932380763,116.36116849545866,Autumn,9.9,51.6,17.9,5.7,23.54,38.5,79.8,119,Moderate,STN-930
2020-12-11 00:00:00,São Paulo,-23.594173841054907,-46.67528021256415,Autumn,26.6,84.0,10.4,17.44,32.64,7.3,39.0,254,Moderate,STN-238
2020-12-11 06:00:00,São Paulo,-23.580447533925224,-46.730289744277684,Autumn,43.7,43.0,21.5,27.8,39.17,37.9,43.4,71,Good,STN-666
2020-12-11 12:00:00,Beijing,39.900413663733865,116.37443179306376,Autumn,19.6,43.5,20.8,8.03,19.54,26.3,14.9,139,Moderate,STN-175
2020-12-11 18:00:00,Sydney,-33.92529730587123,151.16208854676432,Autumn,23.0,65.5,17.6,140.77,73.06,35.9,13.3,208,Unhealthy for Sensitive,STN-456
2020-12-12 00:00:00,Tokyo,35.71183117487227,139.7221784024355,Autumn,21.6,63.4,20.2,11.61,148.15,3.6,26.4,53,Unhealthy for Sensitive,STN-289
2020-12-12 06:00:00,New York,40.67460901220363,-74.03685648552272,Autumn,28.7,43.6,21.2,28.13,90.32,28.7,4.7,136,Good,STN-476
2020-12-12 12:00:00,Sydney,-33.894329269987196,151.27615715685832,Autumn,28.2,63.9,13.3,61.42,37.13,36.4,56.1,186,Hazardous,STN-791
2020-12-12 18:00:00,London,51.48391080166976,-0.14949321030028306,Autumn,12.9,69.4,10.6,6.4,48.22,4.4,23.8,322,Good,STN-597
2020-12-13 00:00:00,São Paulo,-23.55193994419856,-46.63682775126633,Autumn,3.5,56.1,14.4,17.85,16.85,25.9,44.2,199,Moderate,STN-385
2020-12-13 06:00:00,New York,40.71356593192187,-74.01602424854316,Autumn,22.4,100.0,17.2,26.03,79.97,34.9,15.7,222,Good,STN-185
2020-12-13 12:00:00,Paris,48.88642989637976,2.3520232906767387,Autumn,7.5,52.7,17.4,25.94,67.83,19.5,70.9,200,Good,STN-695
2020-12-13 18:00:00,Sydney,-33.8547491568362,151.13331364514363,Autumn,14.4,54.7,12.1,6.89,10.5,20.9,4.9,144,Moderate,STN-177
2020-12-14 00:00:00,Beijing,39.823722462088355,116.33466350215701,Autumn,10.6,80.3,9.9,21.09,19.13,44.3,25.6,97,Moderate,STN-282
2020-12-14 06:00:00,Sydney,-33.8991015500501,151.1717003742167,Autumn,0.8,41.9,6.3,12.71,336.91,28.0,45.2,255,Good,STN-286
2020-12-14 12:00:00,Cairo,29.94648457933249,31.30675356109884,Autumn,32.1,42.8,26.3,137.28,6.34,16.0,83.9,278,Moderate,STN-655
2020-12-14 18:00:00,Sydney,-33.87428848208048,151.29190860794174,Autumn,43.8,,9.4,30.33,31.3,41.0,52.7,163,Unhealthy for Sensitive,STN-490
2020-12-15 00:00:00,Tokyo,35.611500676461056,139.6273259794701,Autumn,31.3,63.0,17.1,10.37,32.83,29.5,27.2,171,Good,STN-601
2020-12-15 06:00:00,Cairo,30.10489667772347,31.24580933220226,Autumn,16.3,75.5,9.5,71.9,65.02,42.1,33.2,142,Unhealthy,STN-813
2020-12-15 12:00:00,Sydney,-33.85546189677855,151.23693213940277,Autumn,28.0,95.5,11.4,30.29,67.96,3.7,58.8,126,Unhealthy,STN-442
2020-12-15 18:00:00,New York,40.74229024439578,-74.0417064829948,Autumn,20.4,44.3,20.7,19.53,36.36,1.0,23.7,184,Moderate,STN-679
2020-12-16 00:00:00,New York,40.697822526531084,-74.08567376823176,Autumn,-8.7,48.0,18.5,15.12,109.02,24.8,37.7,243,Unhealthy for Sensitive,STN-639
2020-12-16 06:00:00,São Paulo,-23.45490698824522,-46.607218095195705,Autumn,5.7,75.7,19.2,21.5,47.03,52.1,36.1,347,Unhealthy,STN-345
2020-12-16 12:00:00,Tokyo,35.709362317723816,139.55764553339057,Autumn,4.8,51.0,7.7,18.96,46.07,63.7,49.0,26,Unhealthy for Sensitive,STN-341
2020-12-16 18:00:00,São Paulo,-23.572968836872324,-46.71947733889755,Autumn,8.0,69.5,8.6,18.27,36.47,24.9,41.8,227,Unhealthy for Sensitive,STN-808
2020-12-17 00:00:00,Paris,48.85265907705357,2.3822601819200044,Autumn,19.6,,12.1,20.41,88.52,29.8,52.4,50,Unhealthy,STN-553
2020-12-17 06:00:00,Cairo,30.000939330276584,31.213890774836603,Autumn,30.3,53.0,7.8,14.93,64.65,41.0,32.2,124,Hazardous,STN-417
2020-12-17 12:00:00,London,51.4767120260142,-0.09900307327035361,Autumn,40.4,70.2,27.7,14.17,35.15,29.7,50.5,15,Good,STN-335
2020-12-17 18:00:00,Cairo,29.986716302952022,31.265232761549914,Autumn,6.7,28.2,14.2,12.9,44.74,24.3,67.5,284,Good,STN-700
2020-12-18 00:00:00,Lagos,6.486624289937622,3.360487765150321,Autumn,5.5,43.9,19.9,19.42,42.19,28.5,25.4,260,Good,STN-276
2020-12-18 06:00:00,Beijing,39.926107067318405,116.42559403035521,Autumn,9.2,73.8,24.5,22.88,41.65,30.0,37.3,30,Hazardous,STN-310
2020-12-18 12:00:00,London,51.48456528244409,-0.14204509773384377,Autumn,26.2,63.0,17.3,,55.32,35.7,59.5,190,Moderate,STN-524
2020-12-18 18:00:00,Lagos,6.471126997081208,3.428331589862719,Autumn,26.4,60.1,15.4,31.63,32.36,33.6,46.4,149,Moderate,STN-122
2020-12-19 00:00:00,London,51.49673648472327,-0.1646545738568619,Autumn,8.8,65.3,11.3,7.71,29.71,16.4,25.0,127,Good,STN-653
2020-12-19 06:00:00,London,51.4983760736694,-0.15609898290219504,Autumn,10.1,71.9,14.5,44.55,41.09,2.5,53.2,108,Moderate,STN-794
2020-12-19 12:00:00,Beijing,39.88844395025341,116.42329036271177,Autumn,15.4,43.3,24.0,53.18,38.52,31.1,50.2,70,Good,STN-411
2020-12-19 18:00:00,Cairo,30.075890243691475,31.14695998291221,Autumn,21.0,92.5,10.6,14.78,40.94,5.0,16.8,337,Unhealthy,STN-552
2020-12-20 00:00:00,Cairo,30.089850828967087,31.303618081242192,Autumn,20.5,48.8,2.7,6.12,18.43,33.4,43.9,149,Unhealthy for Sensitive,STN-739
2020-12-20 06:00:00,New York,40.740768637980004,-74.0607949084703,Autumn,26.2,51.8,21.4,34.06,13.29,6.4,54.8,242,Unhealthy,STN-527
2020-12-20 12:00:00,Sydney,-33.83433582409499,151.20849934452,Autumn,-3.9,80.1,13.8,31.92,104.43,15.9,35.0,41,Unhealthy for Sensitive,STN-906
2020-12-20 18:00:00,Delhi,28.68008556433331,77.19897189541976,Autumn,30.2,30.7,14.2,76.67,36.08,36.0,15.7,103,Good,STN-643
2020-12-21 00:00:00,London,51.52097514616554,-0.1903673312049507,Autumn,22.1,21.4,10.2,5.53,95.21,1.4,50.7,166,Unhealthy,STN-770
2020-12-21 06:00:00,Delhi,28.695106104645333,77.19077882302031,Autumn,-17.0,49.7,12.4,49.03,303.1,60.4,13.9,219,Unhealthy for Sensitive,STN-719
2020-12-21 12:00:00,Delhi,28.565942075633874,77.18515751407926,Autumn,9.4,71.8,10.5,30.19,52.88,,15.6,59,Unhealthy for Sensitive,STN-746
2020-12-21 18:00:00,Paris,48.812885865533985,2.3875368736584477,Autumn,16.8,44.6,21.8,54.52,38.5,16.3,37.7,239,Moderate,STN-921
2020-12-22 00:00:00,São Paulo,-23.571290148681438,-46.631614992753576,Autumn,15.6,63.6,11.6,39.96,64.21,32.4,59.4,180,Good,STN-993
2020-12-22 06:00:00,São Paulo,-23.535047281159176,-46.7493653438562,Autumn,17.5,41.2,16.0,33.42,58.75,27.5,25.6,173,Moderate,STN-916
2020-12-22 12:00:00,Sydney,-33.881202472553205,151.23451293075442,Autumn,17.6,12.5,9.7,25.66,68.17,13.9,37.0,285,Unhealthy for Sensitive,STN-257
2020-12-22 18:00:00,New York,40.75818834924185,-74.06662579613821,Autumn,16.4,40.1,12.9,4.44,29.2,13.6,81.0,315,Hazardous,STN-558
2020-12-23 00:00:00,New York,40.72432674559012,-74.02307096265483,Autumn,25.3,69.8,8.3,,35.83,19.5,50.8,199,Moderate,STN-221
2020-12-23 06:00:00,Beijing,39.92432778555308,116.37951822801303,Autumn,9.8,35.6,2.1,60.11,55.67,18.6,36.8,98,Good,STN-947
2020-12-23 12:00:00,London,51.54197264799222,-0.16683033649618065,Autumn,36.1,58.2,9.1,27.55,70.22,30.9,40.3,29,Unhealthy for Sensitive,STN-652
2020-12-23 18:00:00,Cairo,30.158342983346408,31.232293341266633,Autumn,13.3,68.7,13.2,,46.05,38.8,50.8,216,Good,STN-601
2020-12-24 00:00:00,London,51.51114541912367,-0.07268306935906149,Autumn,22.4,71.7,7.0,,46.13,39.5,53.2,199,Moderate,STN-493
2020-12-24 06:00:00,New York,40.68448722566282,-73.92210131103641,Autumn,22.9,73.8,0.9,28.65,17.89,34.3,36.5,276,Unhealthy for Sensitive,STN-285
2020-12-24 12:00:00,Paris,48.83369503128118,2.3514849997292706,Autumn,10.7,77.7,21.6,42.05,31.49,16.6,14.5,215,Good,STN-483
2020-12-24 18:00:00,Cairo,30.057822937870725,31.179719415482488,Autumn,17.2,26.8,2.1,33.11,46.29,,21.7,143,Good,STN-599
2020-12-25 00:00:00,São Paulo,-23.555925531965375,-46.603590058129036,Autumn,6.2,80.1,33.1,10.51,62.31,5.0,3.5,327,Moderate,STN-297
2020-12-25 06:00:00,Lagos,6.427349424562469,3.31281968038036,Autumn,44.1,59.5,14.3,85.4,74.06,16.7,47.0,266,Unhealthy,STN-805
2020-12-25 12:00:00,Beijing,39.892878886446965,116.400401437823,Autumn,31.1,56.0,23.9,12.99,24.82,19.8,53.5,74,Good,STN-893
2020-12-25 18:00:00,São Paulo,-23.55976893768229,-46.57605225324434,Autumn,23.2,44.8,11.9,27.7,59.78,26.9,55.9,107,Hazardous,STN-738
2020-12-26 00:00:00,London,51.49480577148856,-0.13411750588952429,Autumn,11.1,,11.2,31.31,24.57,51.6,49.2,56,Unhealthy for Sensitive,STN-273
2020-12-26 06:00:00,Delhi,28.566609729007347,77.18268794161938,Autumn,30.9,81.8,14.3,11.79,260.46,15.0,50.4,344,Moderate,STN-528
2020-12-26 12:00:00,Delhi,28.62625083045891,77.27998086937055,Autumn,9.9,86.4,16.1,18.85,165.96,36.7,59.7,258,Good,STN-956
2020-12-26 18:00:00,São Paulo,-23.525620224108327,-46.70338700761916,Autumn,22.2,100.0,3.4,20.84,75.66,22.0,9.3,87,Hazardous,STN-583
2020-12-27 00:00:00,London,51.51176618450609,-0.19173852036560213,Autumn,33.8,75.0,23.8,29.34,60.06,30.9,14.3,277,Hazardous,STN-157
2020-12-27 06:00:00,Cairo,29.99544883881087,31.226496054881782,Autumn,12.4,35.4,26.6,92.35,34.06,5.6,40.9,223,Unhealthy for Sensitive,STN-520
2020-12-27 12:00:00,London,51.52374177866299,-0.09268638687093934,Autumn,17.4,,23.2,45.37,167.46,32.1,27.3,98,Good,STN-263
2020-12-27 18:00:00,Beijing,39.842000578820794,116.42445671908207,Autumn,12.7,35.2,13.9,66.59,18.46,26.9,67.7,55,Unhealthy,STN-400
2020-12-28 00:00:00,Tokyo,35.687037170110244,139.706606442162,Autumn,31.1,82.6,10.8,6.81,13.43,36.5,54.3,281,Unhealthy,STN-929
2020-12-28 06:00:00,London,51.51735231072376,-0.17969413585254473,Autumn,-5.3,48.8,3.1,157.21,68.56,27.3,59.2,228,Moderate,STN-728
2020-12-28 12:00:00,Beijing,39.908367024758505,116.47108125283611,Autumn,34.7,40.2,21.0,22.94,66.12,16.6,40.6,204,Moderate,STN-781
2020-12-28 18:00:00,Tokyo,35.70474374923431,139.65726428148943,Autumn,12.6,100.0,9.1,12.12,50.47,21.4,42.8,172,Good,STN-966
2020-12-29 00:00:00,Beijing,39.9316567321415,116.39813175650472,Autumn,33.7,71.9,7.9,19.05,24.1,53.9,60.3,126,Unhealthy,STN-613
2020-12-29 06:00:00,Lagos,6.517531127239038,3.425981585706672,Autumn,14.8,54.3,29.7,53.9,37.15,29.1,55.4,278,Unhealthy for Sensitive,STN-624
2020-12-29 12:00:00,London,51.41986925023798,-0.20720924963520312,Autumn,13.9,84.6,22.4,32.72,44.65,31.2,28.0,119,Unhealthy for Sensitive,STN-224
2020-12-29 18:00:00,Beijing,39.90613761361196,116.55255468659028,Autumn,18.3,100.0,6.7,54.58,59.52,38.7,64.5,90,Unhealthy,STN-997
2020-12-30 00:00:00,Beijing,39.91911094803553,116.31174487390031,Autumn,28.9,63.3,9.5,41.55,35.91,,21.2,331,Good,STN-111
2020-12-30 06:00:00,Tokyo,35.65595043275919,139.68406278762745,Autumn,26.2,73.3,11.8,11.24,39.99,,58.7,257,Moderate,STN-512
2020-12-30 12:00:00,São Paulo,-23.481235788664826,-46.56739697123052,Autumn,-5.5,45.5,9.5,33.85,137.77,38.1,89.6,192,Unhealthy for Sensitive,STN-730
2020-12-30 18:00:00,Beijing,39.86984319380312,116.36834397180574,Autumn,28.2,78.4,12.5,61.95,36.69,18.2,57.6,72,Unhealthy for Sensitive,STN-436
2020-12-31 00:00:00,New York,40.72633285691049,-73.98561345837854,Autumn,-1.5,42.0,16.7,51.61,31.98,37.5,22.3,215,Unhealthy,STN-687
2020-12-31 06:00:00,Sydney,-33.81739402278365,151.25157002069602,Autumn,7.8,45.0,18.7,30.13,30.03,21.2,21.4,164,Unhealthy for Sensitive,STN-491
2020-12-31 12:00:00,Cairo,29.966587150321107,31.288915918434764,Autumn,4.5,65.5,29.7,101.98,67.35,21.5,4.0,343,Hazardous,STN-824
2020-12-31 18:00:00,Tokyo,35.58098004890223,139.70885781777199,Autumn,2.2,94.7,21.1,46.1,47.4,3.7,28.6,100,Moderate,STN-471
2021-01-01 00:00:00,Tokyo,35.55732859642983,139.60076393151138,Winter,20.7,48.0,8.5,76.9,39.79,15.7,30.6,336,Unhealthy for Sensitive,STN-319
2021-01-01 06:00:00,São Paulo,-23.418096161462643,-46.62803149084948,Winter,29.4,66.9,18.2,,94.12,25.2,72.2,146,Moderate,STN-604
2021-01-01 12:00:00,New York,40.675630418080694,-74.07459418492135,Winter,2.7,,11.6,8.73,38.67,27.3,55.5,110,Moderate,STN-803
2021-01-01 18:00:00,Tokyo,35.657139622353064,139.52327613640261,Winter,21.0,55.2,1.6,17.46,38.43,25.5,40.7,133,Unhealthy for Sensitive,STN-645
2021-01-02 00:00:00,Delhi,28.58596065030752,77.25002060083293,Winter,20.4,100.0,24.3,14.67,120.77,31.6,54.4,304,Unhealthy for Sensitive,STN-799
2021-01-02 06:00:00,New York,40.726807475189354,-73.99304363880624,Winter,15.5,66.0,23.6,41.88,74.04,10.3,52.6,78,Good,STN-402
2021-01-02 12:00:00,São Paulo,-23.543518821043744,-46.67089288289264,Winter,23.3,46.2,19.3,9.71,8.53,14.9,10.3,16,Moderate,STN-787
2021-01-02 18:00:00,Tokyo,35.66498072232975,139.6320347377692,Winter,16.8,83.1,12.0,45.78,40.33,24.5,7.0,105,Unhealthy for Sensitive,STN-858
2021-01-03 00:00:00,Tokyo,35.66172298650266,139.74474057281145,Winter,16.7,77.8,2.9,12.71,25.16,62.9,37.8,345,Good,STN-960
2021-01-03 06:00:00,Tokyo,35.6647370118397,139.67193396612888,Winter,6.7,57.7,6.2,14.86,37.29,12.3,50.8,218,Hazardous,STN-317
2021-01-03 12:00:00,Tokyo,35.721691296681044,139.58876235440087,Winter,9.9,53.6,9.1,43.12,58.37,30.2,13.8,94,Good,STN-230
2021-01-03 18:00:00,Beijing,39.79787625060829,116.42305350905312,Winter,32.5,,5.7,12.8,88.81,30.0,60.3,167,Moderate,STN-220
2021-01-04 00:00:00,Tokyo,35.70347269867346,139.69026155878456,Winter,33.7,38.6,3.2,65.3,18.82,19.4,26.8,236,Unhealthy for Sensitive,STN-688
2021-01-04 06:00:00,Beijing,40.00085569508357,116.40659091842609,Winter,42.2,67.1,16.0,10.52,73.81,12.2,34.5,304,Hazardous,STN-566
2021-01-04 12:00:00,Tokyo,35.567247106928335,139.57118586802733,Winter,27.2,62.1,6.2,28.38,134.86,57.3,41.2,258,Good,STN-934
2021-01-04 18:00:00,Sydney,-33.782960269873755,151.2015626621804,Winter,14.3,49.3,30.8,5.72,15.51,31.6,11.8,346,Hazardous,STN-137
2021-01-05 00:00:00,Tokyo,35.65787168617012,139.5967666688452,Winter,22.9,63.5,17.8,16.24,14.69,29.6,58.2,248,Moderate,STN-905
2021-01-05 06:00:00,New York,40.770277414434425,-74.02588377984027,Winter,15.8,,23.0,19.79,79.43,15.9,35.9,244,Good,STN-679
2021-01-05 12:00:00,Delhi,28.614112761905623,77.25569033883441,Winter,16.4,,17.1,80.05,17.11,10.1,59.2,150,Good,STN-236
2021-01-05 18:00:00,Paris,48.81916734902376,2.3150869540068766,Winter,35.9,64.8,10.2,39.61,55.62,22.7,29.9,196,Unhealthy for Sensitive,STN-776
2021-01-06 00:00:00,Sydney,-33.88992771397101,151.14644938411195,Winter,16.5,92.6,3.0,32.44,29.52,4.2,83.9,160,Unhealthy for Sensitive,STN-713
2021-01-06 06:00:00,São Paulo,-23.593477841770206,-46.63061817433382,Winter,23.1,76.2,19.5,72.8,26.31,22.0,36.5,87,Unhealthy,STN-186
2021-01-06 12:00:00,Paris,48.86052086212503,2.3852423704036227,Winter,26.1,68.3,21.6,17.9,77.51,39.2,44.4,282,Unhealthy for Sensitive,STN-540
2021-01-06 18:00:00,London,51.53900483593232,-0.08623879893192785,Winter,28.6,67.2,27.6,33.83,29.73,42.3,54.3,192,Moderate,STN-856
2021-01-07 00:00:00,Lagos,6.544364226197804,3.344806773573584,Winter,23.3,37.4,16.3,10.2,39.82,12.3,40.1,196,Moderate,STN-888
2021-01-07 06:00:00,São Paulo,-23.52927800114527,-46.652723369306436,Winter,3.7,76.8,12.9,52.01,82.0,32.4,50.4,13,Moderate,STN-589
2021-01-07 12:00:00,São Paulo,-23.5832315538686,-46.6317548966984,Winter,23.7,64.3,7.6,7.22,35.46,7.1,35.7,137,Moderate,STN-873
2021-01-07 18:00:00,Beijing,39.78227942270548,116.33649862246563,Winter,10.1,,20.8,30.75,32.47,29.0,60.5,293,Unhealthy,STN-498
2021-01-08 00:00:00,São Paulo,-23.585030616111997,-46.6755555964154,Winter,9.1,,14.6,34.16,45.58,39.0,58.8,282,Hazardous,STN-795
2021-01-08 06:00:00,New York,40.73146451014546,-74.00804327717606,Winter,23.4,83.3,3.6,16.34,21.07,,34.4,295,Unhealthy for Sensitive,STN-936
2021-01-08 12:00:00,Delhi,28.68311645830943,77.21686456113902,Winter,33.3,85.6,23.6,23.95,26.94,22.0,56.4,240,Unhealthy for Sensitive,STN-632
2021-01-08 18:00:00,Delhi,28.51683011104532,77.21024737843919,Winter,19.6,60.7,4.0,,8.51,11.7,21.0,58,Moderate,STN-391
2021-01-09 00:00:00,Sydney,-33.90519273718149,151.19337894795999,Winter,-0.4,90.4,13.2,37.1,58.77,0.2,47.8,173,Unhealthy for Sensitive,STN-664
2021-01-09 06:00:00,Delhi,28.586891897689302,77.11630215007787,Winter,10.7,27.7,11.6,13.0,11.89,,16.9,163,Moderate,STN-742
2021-01-09 12:00:00,Beijing,39.88524571753401,116.34775318257276,Winter,24.8,78.3,17.2,16.87,37.67,13.7,11.8,139,Unhealthy,STN-824
2021-01-09 18:00:00,Lagos,6.588591485977836,3.401359508322699,Winter,22.9,40.7,15.3,13.5,44.59,45.1,81.7,252,Unhealthy,STN-309
2021-01-10 00:00:00,New York,40.67696403468133,-73.93497460418305,Winter,0.2,33.8,18.0,34.2,37.14,26.6,49.6,13,Good,STN-650
2021-01-10 06:00:00,Delhi,28.599997844210346,77.27195971328294,Winter,18.2,58.4,10.9,19.61,69.14,18.8,89.6,28,Moderate,STN-208
2021-01-10 12:00:00,Tokyo,35.67435414181606,139.60489321568446,Winter,13.5,63.5,17.2,57.98,8.24,16.4,2.8,77,Moderate,STN-401
2021-01-10 18:00:00,London,51.42410571855332,-0.12730097913349486,Winter,29.5,73.3,12.2,12.89,27.28,12.8,65.4,255,Good,STN-461
2021-01-11 00:00:00,São Paulo,-23.50667271182669,-46.61143605486758,Winter,27.9,44.9,16.1,29.92,34.08,21.1,56.1,41,Unhealthy for Sensitive,STN-719
2021-01-11 06:00:00,Lagos,6.458414760927298,3.363702562550077,Winter,19.1,10.0,9.2,19.57,61.68,18.0,53.8,165,Good,STN-630
2021-01-11 12:00:00,Sydney,-33.89468131505196,151.2253585808356,Winter,11.2,78.5,4.0,11.47,18.85,20.3,5.0,183,Unhealthy for Sensitive,STN-473
2021-01-11 18:00:00,London,51.57974590163978,-0.20313373326823828,Winter,11.3,83.0,10.4,12.58,57.82,20.9,41.4,45,Good,STN-483
2021-01-12 00:00:00,London,51.40772503933323,-0.0886758094515,Winter,8.0,67.1,11.6,2.44,59.1,11.5,41.6,250,Moderate,STN-411
2021-01-12 06:00:00,New York,40.70035889339656,-73.99908077547143,Winter,12.0,46.6,25.8,20.07,45.91,56.3,27.8,210,Good,STN-396
2021-01-12 12:00:00,Paris,48.845507509692794,2.3387227346898585,Winter,26.8,83.6,23.3,,42.41,27.6,48.0,131,Moderate,STN-724
2021-01-12 18:00:00,Lagos,6.632697364852388,3.399102110945261,Winter,35.1,60.1,0.5,13.73,42.77,8.8,2.7,283,Unhealthy,STN-555
2021-01-13 00:00:00,Cairo,30.060868084079402,31.13185686651054,Winter,28.9,19.3,12.5,36.02,22.55,16.2,15.9,342,Unhealthy for Sensitive,STN-854
2021-01-13 06:00:00,Beijing,39.84157182578857,116.40955458018487,Winter,35.9,53.5,18.1,30.69,21.5,30.7,45.0,231,Unhealthy,STN-972
2021-01-13 12:00:00,Sydney,-33.86066757973956,151.1786997940452,Winter,12.9,16.5,15.3,36.55,119.47,38.4,20.4,239,Moderate,STN-773
2021-01-13 18:00:00,Tokyo,35.747852735765676,139.56494321810672,Winter,15.4,84.3,30.5,37.24,31.32,9.5,43.2,92,Moderate,STN-278
2021-01-14 00:00:00,London,51.52144115300239,-0.10337909890364289,Winter,20.6,60.5,23.2,44.11,27.16,32.7,51.6,170,Moderate,STN-620
2021-01-14 06:00:00,Sydney,-33.80357974763425,151.16250556287528,Winter,37.0,72.9,14.2,,34.61,45.2,49.7,48,Moderate,STN-402
2021-01-14 12:00:00,Lagos,6.5093349514454975,3.4290803400492957,Winter,35.4,67.2,1.8,21.26,40.58,22.1,26.2,309,Unhealthy,STN-119
2021-01-14 18:00:00,Lagos,6.493099869295355,3.314319101649015,Winter,9.5,53.8,16.4,,231.72,32.2,95.8,326,Hazardous,STN-388
2021-01-15 00:00:00,Paris,48.858938031865904,2.3351958758671216,Winter,34.3,70.7,15.2,8.84,20.59,31.9,53.5,180,Unhealthy for Sensitive,STN-618
2021-01-15 06:00:00,New York,40.78526737321376,-73.98930736465962,Winter,41.9,,14.6,18.27,18.79,36.0,12.7,55,Hazardous,STN-357
2021-01-15 12:00:00,New York,40.631786345165544,-74.00680623899441,Winter,24.9,51.6,19.3,21.51,106.84,19.1,38.0,25,Unhealthy,STN-151
2021-01-15 18:00:00,Sydney,-33.827919427201664,151.2296200018249,Winter,22.7,86.0,2.0,14.48,84.49,37.7,79.5,240,Moderate,STN-904
2021-01-16 00:00:00,Delhi,28.606229098932005,77.25128262963331,Winter,13.6,55.5,4.2,30.93,25.36,9.6,33.9,194,Moderate,STN-651
2021-01-16 06:00:00,Delhi,28.61610198378041,77.21378868127626,Winter,13.2,31.9,8.8,16.46,158.91,23.1,25.8,236,Unhealthy for Sensitive,STN-735
2021-01-16 12:00:00,Paris,48.83372847102104,2.350399604089234,Winter,11.1,80.0,12.8,27.09,56.05,35.5,45.7,72,Moderate,STN-740
2021-01-16 18:00:00,Beijing,39.86588371688395,116.37768096301501,Winter,16.9,84.3,7.3,14.03,67.88,12.6,64.4,289,Good,STN-678
2021-01-17 00:00:00,Tokyo,35.59199086860421,139.64339897277907,Winter,20.8,64.8,22.6,26.43,61.12,0.7,14.4,226,Good,STN-502
2021-01-17 06:00:00,São Paulo,-23.560604862526745,-46.64297272828886,Winter,35.0,76.0,14.9,44.62,48.87,28.9,33.6,31,Good,STN-551
2021-01-17 12:00:00,Tokyo,35.73172172344769,139.71837960472737,Winter,-5.0,51.4,25.9,45.6,79.3,38.2,62.9,18,Moderate,STN-541
2021-01-17 18:00:00,Delhi,28.63359112641532,77.21151441122578,Winter,26.2,49.9,9.0,11.78,43.65,13.9,34.7,145,Moderate,STN-867
2021-01-18 00:00:00,London,51.494314613202945,-0.11758442822008847,Winter,20.9,45.4,7.1,11.15,120.88,27.7,37.6,208,Unhealthy,STN-555
2021-01-18 06:00:00,Delhi,28.586154265394192,77.14313533794352,Winter,9.5,92.4,2.4,5.58,45.7,28.0,29.9,152,Good,STN-940
2021-01-18 12:00:00,Lagos,6.5813309528658825,3.3652806571775002,Winter,22.8,90.2,26.1,30.73,41.58,8.3,19.9,212,Moderate,STN-629
2021-01-18 18:00:00,Delhi,28.693291464393884,77.32481255987172,Winter,20.5,41.2,26.6,22.32,25.16,31.7,48.7,88,Moderate,STN-123
2021-01-19 00:00:00,New York,40.73795529118815,-73.93255594888477,Winter,21.0,67.1,13.5,29.29,21.46,5.0,43.2,125,Moderate,STN-161
2021-01-19 06:00:00,Sydney,-33.8210956451903,151.19347064587802,Winter,22.3,72.4,25.7,25.02,76.74,2.7,22.6,327,Unhealthy,STN-874
2021-01-19 12:00:00,Paris,48.80204703374979,2.3281688063512243,Winter,0.7,77.8,16.5,14.16,70.96,36.5,43.0,109,Good,STN-382
2021-01-19 18:00:00,New York,40.73030988819513,-73.9238821241946,Winter,19.9,68.4,5.9,22.48,38.25,24.8,18.8,340,Moderate,STN-881
2021-01-20 00:00:00,New York,40.685311183421156,-73.96418128722088,Winter,27.8,50.7,13.8,5.26,13.68,41.2,3.6,254,Unhealthy for Sensitive,STN-324
2021-01-20 06:00:00,Paris,48.710827444310176,2.303798384443345,Winter,11.0,64.3,1.5,27.96,19.64,43.0,44.7,115,Moderate,STN-461
2021-01-20 12:00:00,Lagos,6.588970930805096,3.4285716677002624,Winter,0.3,67.2,29.8,15.38,20.48,40.5,64.6,245,Moderate,STN-297
2021-01-20 18:00:00,Delhi,28.678221041128417,77.19451334586245,Winter,26.1,100.0,12.5,20.04,69.66,21.9,49.7,161,Unhealthy for Sensitive,STN-454
2021-01-21 00:00:00,London,51.54844346961983,-0.18588724056862774,Winter,14.4,72.8,14.1,30.19,19.18,17.0,16.5,276,Unhealthy,STN-336
2021-01-21 06:00:00,Cairo,30.046762225668303,31.239868513638125,Winter,-8.5,61.2,10.8,24.94,32.6,46.8,35.5,320,Good,STN-450
2021-01-21 12:00:00,São Paulo,-23.50879083427152,-46.65226109598611,Winter,37.6,60.9,25.3,10.92,65.43,40.3,17.9,341,Good,STN-896
2021-01-21 18:00:00,Tokyo,35.705650400291134,139.74990899473417,Winter,14.5,95.7,7.5,17.06,68.89,20.4,39.1,127,Hazardous,STN-703
2021-01-22 00:00:00,São Paulo,-23.556733673524317,-46.64839578312316,Winter,13.8,47.1,16.1,19.51,77.02,32.0,72.0,84,Moderate,STN-849
2021-01-22 06:00:00,London,51.49852556688593,-0.14434316958429336,Winter,33.3,87.9,19.3,11.76,26.99,17.1,5.6,271,Moderate,STN-193
2021-01-22 12:00:00,Paris,48.880543736766455,2.290402313677239,Winter,2.0,67.1,26.9,10.16,19.66,30.0,42.8,324,Good,STN-722
2021-01-22 18:00:00,Beijing,39.83671912296987,116.4695883511903,Winter,21.6,75.7,13.8,12.25,46.52,1.8,42.2,134,Moderate,STN-196
2021-01-23 00:00:00,London,51.46361710497306,-0.0860175656602689,Winter,4.6,51.5,1.3,40.17,57.17,23.0,32.8,336,Hazardous,STN-863
2021-01-23 06:00:00,London,51.476096020146834,-0.12235028050803755,Winter,14.7,10.0,30.9,21.33,17.0,32.7,23.2,297,Moderate,STN-846
2021-01-23 12:00:00,Beijing,39.90267232684554,116.41127022827271,Winter,23.3,67.1,28.4,4.46,26.32,5.3,44.4,82,Moderate,STN-976
2021-01-23 18:00:00,Paris,48.89149021120385,2.372268607088192,Winter,14.0,45.7,15.2,113.27,17.52,20.1,50.5,84,Good,STN-368
2021-01-24 00:00:00,Paris,48.75469864360723,2.4622054919876133,Winter,29.6,84.2,11.6,25.28,39.19,22.5,52.6,15,Good,STN-801
2021-01-24 06:00:00,Cairo,30.158553988098042,31.200548847239173,Winter,25.9,44.2,16.3,20.35,44.83,24.8,40.9,114,Good,STN-877
2021-01-24 12:00:00,Delhi,28.531279718076703,77.22987643273254,Winter,7.8,67.2,14.5,26.59,24.86,12.4,60.3,84,Moderate,STN-715
2021-01-24 18:00:00,London,51.494980281764384,-0.038932274117354476,Winter,12.5,55.7,13.2,67.82,33.89,10.4,30.5,252,Moderate,STN-248
2021-01-25 00:00:00,New York,40.7538380281658,-74.05085525305256,Winter,28.6,84.9,23.0,50.15,306.38,1.9,46.2,344,Unhealthy,STN-654
2021-01-25 06:00:00,Paris,48.83629890825538,2.3565690291444885,Winter,13.6,73.3,17.8,60.36,26.56,5.8,38.5,210,Good,STN-918
2021-01-25 12:00:00,Lagos,6.518472332180261,3.328188852746831,Winter,-0.6,49.1,15.9,20.34,32.52,30.9,32.2,117,Good,STN-644
2021-01-25 18:00:00,New York,40.724048576461605,-74.01184006418652,Winter,36.6,63.1,14.6,50.55,40.07,36.9,57.3,141,Moderate,STN-771
2021-01-26 00:00:00,Delhi,28.54825222580182,77.19002485521138,Winter,1.5,58.4,7.3,12.92,175.9,15.0,32.2,226,Hazardous,STN-737
2021-01-26 06:00:00,New York,40.704639107469205,-73.94995790132704,Winter,16.9,85.2,18.7,27.85,55.6,7.2,32.5,29,Unhealthy,STN-660
2021-01-26 12:00:00,Paris,48.88769733428095,2.377176961345439,Winter,29.0,61.0,5.3,175.99,84.8,,39.4,181,Unhealthy,STN-350
2021-01-26 18:00:00,Tokyo,35.73211765610088,139.62316887234644,Winter,20.5,75.5,13.9,39.09,43.51,26.0,28.4,259,Unhealthy for Sensitive,STN-540
2021-01-27 00:00:00,Cairo,30.073638840695804,31.249800617979496,Winter,-9.8,56.6,12.0,19.49,8.7,,27.3,188,Unhealthy for Sensitive,STN-982
2021-01-27 06:00:00,São Paulo,-23.51512539177994,-46.66890569955698,Winter,22.8,74.2,11.9,,50.06,,54.2,147,Moderate,STN-210
2021-01-27 12:00:00,Delhi,28.616066727509512,77.22977982838313,Winter,12.3,72.1,3.5,5.54,66.96,24.9,48.3,72,Unhealthy for Sensitive,STN-294
2021-01-27 18:00:00,Lagos,6.564925385375374,3.439133691663286,Winter,19.1,63.0,7.1,80.44,33.07,30.0,36.7,324,Good,STN-824
2021-01-28 00:00:00,Tokyo,35.72560134364067,139.66591018761412,Winter,21.6,61.5,8.9,197.12,77.5,42.4,34.2,197,Unhealthy,STN-446
2021-01-28 06:00:00,Lagos,6.530100208029834,3.401349702736077,Winter,1.2,73.4,19.0,17.96,43.75,27.5,46.2,84,Unhealthy for Sensitive,STN-851
2021-01-28 12:00:00,Paris,48.79958821827873,2.397804606340382,Winter,43.2,76.9,13.8,6.72,89.4,14.5,62.3,120,Moderate,STN-333
2021-01-28 18:00:00,New York,40.70209491174468,-73.99183608087151,Winter,24.5,42.6,11.4,,69.71,27.3,23.3,168,Good,STN-865
2021-01-29 00:00:00,Sydney,-33.910614805215744,151.23473174476027,Winter,14.1,27.5,11.5,28.84,209.94,21.3,66.6,16,Unhealthy for Sensitive,STN-384
2021-01-29 06:00:00,São Paulo,-23.544029200441663,-46.67596028895158,Winter,-10.7,36.1,3.1,6.71,49.56,51.8,38.3,267,Good,STN-499
2021-01-29 12:00:00,Sydney,-33.802897051985056,151.1277423342335,Winter,7.6,54.1,24.8,9.9,38.1,26.4,45.5,16,Unhealthy,STN-571
2021-01-29 18:00:00,Tokyo,35.70599251027727,139.67923569650097,Winter,37.5,59.1,21.7,13.08,111.12,16.2,40.7,251,Hazardous,STN-449
2021-01-30 00:00:00,New York,40.70565551073438,-73.97576791127231,Winter,18.2,80.3,26.4,84.67,19.7,32.5,0.9,83,Good,STN-592
2021-01-30 06:00:00,Lagos,6.53103296973007,3.436935284524078,Winter,8.1,51.8,4.1,12.05,62.6,40.8,66.1,84,Good,STN-184
2021-01-30 12:00:00,London,51.61417486349587,-0.17859867371081303,Winter,10.7,34.3,12.7,22.85,21.18,31.5,17.3,91,Good,STN-630
2021-01-30 18:00:00,Cairo,30.066456930985836,31.2881844591285,Winter,44.7,19.6,14.9,,64.51,49.7,46.3,122,Unhealthy for Sensitive,STN-870
2021-01-31 00:00:00,Cairo,30.06393341186778,31.16782060928592,Winter,12.4,73.5,16.5,40.89,20.13,19.1,64.4,290,Good,STN-127
2021-01-31 06:00:00,Cairo,30.075155474896906,31.247525071733854,Winter,13.4,54.6,22.9,33.01,28.15,,47.3,341,Moderate,STN-348
2021-01-31 12:00:00,São Paulo,-23.57803331353334,-46.66723419282753,Winter,19.0,63.7,0.7,6.36,94.12,26.8,43.2,173,Unhealthy,STN-746
2021-01-31 18:00:00,London,51.499573949884656,-0.05667509079853532,Winter,14.1,29.4,0.7,23.81,56.89,10.7,48.0,305,Moderate,STN-702
2021-02-01 00:00:00,London,51.50555605894613,-0.20450219583755236,Winter,16.8,66.9,33.7,25.74,9.83,56.6,31.4,122,Good,STN-109
2021-02-01 06:00:00,Tokyo,35.675103060541076,139.6970885854155,Winter,-5.2,77.4,2.9,23.97,96.41,2.0,28.0,92,Moderate,STN-393
2021-02-01 12:00:00,Lagos,6.603723212811715,3.261801831146353,Winter,30.0,60.3,20.8,18.27,118.4,31.4,0.4,280,Moderate,STN-511
2021-02-01 18:00:00,Beijing,39.850562614364584,116.39215316330952,Winter,8.1,36.8,4.1,8.3,52.39,22.5,78.8,171,Unhealthy for Sensitive,STN-716
2021-02-02 00:00:00,Tokyo,35.67393110939282,139.62564591316342,Winter,44.0,25.4,8.5,71.97,61.31,3.9,33.0,22,Good,STN-637
2021-02-02 06:00:00,Lagos,6.573209292601622,3.271109605521028,Winter,23.6,19.3,24.2,34.62,13.2,14.2,39.0,282,Good,STN-705
2021-02-02 12:00:00,Sydney,-33.88952398450875,151.2264264791772,Winter,37.3,10.0,19.9,31.5,37.07,4.3,69.3,306,Moderate,STN-942
2021-02-02 18:00:00,Delhi,28.611455462825415,77.24949259183887,Winter,33.0,45.1,3.3,47.58,73.86,1.7,69.2,255,Good,STN-186
2021-02-03 00:00:00,Lagos,6.514902689089622,3.478898593119551,Winter,4.2,73.8,11.7,21.78,17.84,0.5,51.5,344,Moderate,STN-449
2021-02-03 06:00:00,Lagos,6.490015917235723,3.4348989539614827,Winter,27.7,94.2,22.8,37.15,27.19,26.9,34.8,282,Hazardous,STN-588
2021-02-03 12:00:00,Tokyo,35.69871292190076,139.70990254202403,Winter,14.3,49.3,15.4,,73.06,9.5,47.0,232,Hazardous,STN-784
2021-02-03 18:00:00,São Paulo,-23.557624178015065,-46.6816313425116,Winter,25.6,27.5,17.7,45.63,23.31,42.2,48.1,198,Good,STN-651
2021-02-04 00:00:00,Sydney,-33.87492810834201,151.1723704036414,Winter,22.3,73.7,7.3,19.12,66.35,31.2,29.4,148,Good,STN-787
2021-02-04 06:00:00,Beijing,39.95925596763067,116.42204972962972,Winter,13.5,56.0,5.7,35.58,21.45,35.2,55.6,210,Hazardous,STN-500
2021-02-04 12:00:00,Lagos,6.534511293304928,3.3823788893407087,Winter,36.3,51.7,5.4,,27.05,36.4,26.1,112,Unhealthy for Sensitive,STN-177
2021-02-04 18:00:00,Sydney,-33.87356607619504,151.23465659900378,Winter,13.9,21.2,16.5,36.64,87.23,34.0,54.2,286,Good,STN-945
2021-02-05 00:00:00,Beijing,39.88910879712422,116.42603073299773,Winter,13.4,62.4,11.4,26.74,29.07,13.2,44.7,74,Hazardous,STN-276
2021-02-05 06:00:00,London,51.471036774859414,-0.1751023990482406,Winter,2.4,60.3,15.4,27.41,54.82,47.4,44.2,224,Unhealthy,STN-365
2021-02-05 12:00:00,Tokyo,35.70843135580265,139.65331871338935,Winter,15.2,89.9,15.6,14.14,13.42,23.5,18.8,52,Unhealthy,STN-351
2021-02-05 18:00:00,São Paulo,-23.541576333497165,-46.63288889699585,Winter,24.6,63.1,15.8,17.14,27.04,27.4,37.1,175,Good,STN-705
2021-02-06 00:00:00,New York,40.69140451664445,-74.07607637127187,Winter,17.4,73.2,2.0,11.43,104.56,35.9,43.5,142,Unhealthy,STN-476
2021-02-06 06:00:00,Cairo,29.9992828054833,31.26465615926327,Winter,25.9,49.1,23.7,17.74,39.94,21.9,16.5,252,Unhealthy,STN-510
2021-02-06 12:00:00,Tokyo,35.69759787951494,139.73995876852217,Winter,10.4,78.2,13.7,16.04,59.06,6.2,54.3,229,Hazardous,STN-179
2021-02-06 18:00:00,Beijing,39.82984115846172,116.34454185651612,Winter,7.7,77.4,32.9,40.38,62.36,41.8,31.8,205,Good,STN-321
2021-02-07 00:00:00,Cairo,30.075782496412238,31.23563075888775,Winter,9.6,50.9,7.8,20.85,52.07,48.0,57.8,136,Moderate,STN-928
2021-02-07 06:00:00,Lagos,6.622788600875376,3.348914176914449,Winter,23.6,82.2,10.8,57.48,91.19,36.8,41.0,40,Moderate,STN-589
2021-02-07 12:00:00,Paris,48.79016269195139,2.426999154534464,Winter,33.9,86.7,7.5,30.1,29.31,35.1,29.7,129,Moderate,STN-892
2021-02-07 18:00:00,Cairo,29.989499784439868,31.230127946636962,Winter,34.3,60.5,0.7,30.21,18.36,9.4,49.9,147,Unhealthy for Sensitive,STN-236
2021-02-08 00:00:00,London,51.491936271482686,-0.19348121464588314,Winter,41.4,59.8,11.9,78.93,47.3,31.9,33.3,177,Moderate,STN-441
2021-02-08 06:00:00,Lagos,6.517577194353934,3.4478023426146955,Winter,-14.8,58.0,18.0,25.03,39.73,12.9,17.5,98,Unhealthy,STN-896
2021-02-08 12:00:00,Delhi,28.64837368728731,77.1834529044911,Winter,38.4,60.3,6.6,97.73,30.13,21.9,50.5,222,Moderate,STN-456
2021-02-08 18:00:00,London,51.492456737095125,-0.1644584690398394,Winter,12.0,44.7,16.1,74.57,40.2,,55.1,77,Moderate,STN-936
2021-02-09 00:00:00,Beijing,39.82779148216501,116.4427121637549,Winter,28.6,75.6,1.7,17.78,66.76,2.9,71.4,65,Unhealthy,STN-601
2021-02-09 06:00:00,Sydney,-33.83476615422096,151.21169676280434,Winter,10.3,100.0,13.3,69.24,67.06,26.8,56.7,83,Unhealthy,STN-312
2021-02-09 12:00:00,São Paulo,-23.477399073556068,-46.6184626883257,Winter,37.3,50.2,6.3,53.51,26.65,8.8,74.1,171,Unhealthy,STN-337
2021-02-09 18:00:00,São Paulo,-23.54639319261277,-46.71464518805274,Winter,18.3,91.9,21.7,10.4,91.1,44.7,48.1,76,Unhealthy for Sensitive,STN-848
2021-02-10 00:00:00,Paris,48.84726353413411,2.340368022877779,Winter,24.2,63.9,8.7,16.03,105.3,35.0,88.4,289,Hazardous,STN-779
2021-02-10 06:00:00,New York,40.76149452390096,-74.0439545024945,Winter,14.9,37.3,20.6,142.98,30.84,35.5,50.9,292,Good,STN-509
2021-02-10 12:00:00,Delhi,28.658750065567038,77.21797590418147,Winter,16.1,65.5,25.4,,36.73,42.4,26.7,113,Unhealthy for Sensitive,STN-737
2021-02-10 18:00:00,Paris,48.88156380375354,2.455240089122565,Winter,-6.0,70.5,22.0,12.35,78.04,11.8,13.7,21,Good,STN-859
2021-02-11 00:00:00,Beijing,39.762483670527224,116.39270802042125,Winter,18.2,96.0,6.8,37.56,56.21,9.4,54.4,285,Unhealthy,STN-117
2021-02-11 06:00:00,New York,40.699736376763084,-73.99061127072328,Winter,22.6,54.7,18.5,18.22,22.4,16.1,56.6,48,Good,STN-324
2021-02-11 12:00:00,São Paulo,-23.501396296480713,-46.68053866884313,Winter,2.5,57.3,21.1,69.72,108.71,20.2,14.6,325,Moderate,STN-304
2021-02-11 18:00:00,Lagos,6.435559562185396,3.4110631032930057,Winter,8.8,48.4,0.7,53.46,77.0,31.4,46.5,134,Good,STN-513
2021-02-12 00:00:00,Delhi,28.621102698264085,77.15984900473617,Winter,31.6,92.6,23.4,8.66,28.91,36.0,31.8,66,Unhealthy,STN-416
2021-02-12 06:00:00,London,51.495519246226934,-0.13493777018806455,Winter,32.2,100.0,13.6,18.69,193.18,34.0,51.6,175,Moderate,STN-440
2021-02-12 12:00:00,Beijing,39.92080274521403,116.4065534765002,Winter,0.8,53.9,13.2,6.7,80.49,37.8,60.7,86,Unhealthy,STN-860
2021-02-12 18:00:00,Sydney,-33.854484215860545,151.19758098732893,Winter,13.4,56.5,10.1,9.83,47.42,3.5,50.8,293,Moderate,STN-189
2021-02-13 00:00:00,Cairo,29.946223281623507,31.248628718718525,Winter,35.3,62.0,0.3,8.31,20.73,15.2,117.7,112,Unhealthy for Sensitive,STN-329
2021-02-13 06:00:00,Sydney,-33.85202128347849,151.2373356431666,Winter,24.9,69.0,12.3,9.51,196.81,29.2,43.2,17,Moderate,STN-333
2021-02-13 12:00:00,London,51.492536410778065,-0.12368359919089451,Winter,23.3,100.0,13.3,89.73,27.72,21.9,53.3,329,Moderate,STN-144
2021-02-13 18:00:00,São Paulo,-23.54663774539998,-46.62887971635485,Winter,31.1,14.4,18.9,11.98,11.83,17.3,40.7,100,Unhealthy,STN-173
2021-02-14 00:00:00,Delhi,28.543441569039107,77.21644970251407,Winter,22.6,100.0,13.5,74.86,24.71,24.4,22.4,285,Good,STN-597
2021-02-14 06:00:00,Cairo,30.07653578269602,31.258937450183947,Winter,24.8,79.2,18.4,44.14,19.03,29.4,15.1,36,Unhealthy for Sensitive,STN-436
2021-02-14 12:00:00,Tokyo,35.65610857392077,139.67012765479518,Winter,3.7,27.0,17.5,107.93,95.47,19.9,80.3,248,Hazardous,STN-248
2021-02-14 18:00:00,Paris,48.78818105092311,2.2979865967082787,Winter,19.7,49.5,13.8,45.52,8.66,,47.2,348,Unhealthy for Sensitive,STN-622
2021-02-15 00:00:00,Tokyo,35.688310932154515,139.63201855824036,Winter,25.3,69.3,13.5,17.58,75.53,29.3,27.9,138,Unhealthy,STN-800
2021-02-15 06:00:00,New York,40.66148330641192,-74.00670934675308,Winter,14.2,67.5,20.3,43.39,61.67,16.0,37.7,268,Moderate,STN-523
2021-02-15 12:00:00,Cairo,30.08768802514415,31.17937838458623,Winter,30.5,53.8,10.4,31.65,56.77,32.2,33.5,332,Moderate,STN-786
2021-02-15 18:00:00,London,51.49839951744336,-0.07604981979343944,Winter,25.6,63.2,4.7,69.4,53.44,17.9,55.5,116,Hazardous,STN-877
2021-02-16 00:00:00,Tokyo,35.621948349359016,139.60808704848264,Winter,36.8,71.0,21.9,62.63,40.91,13.0,47.4,155,Moderate,STN-210
2021-02-16 06:00:00,London,51.40412000123148,-0.14387358045114795,Winter,20.1,75.2,13.5,17.29,19.78,12.4,56.0,162,Good,STN-558
2021-02-16 12:00:00,Tokyo,35.73146851658928,139.70278671837391,Winter,2.4,48.4,2.8,43.62,19.39,11.5,50.2,139,Unhealthy for Sensitive,STN-577
2021-02-16 18:00:00,Sydney,-33.887838409983075,151.14342951057762,Winter,22.6,96.1,14.5,13.51,78.43,24.7,46.1,260,Moderate,STN-265
2021-02-17 00:00:00,London,51.43960742238734,-0.1907534450809602,Winter,13.9,100.0,27.9,23.03,39.37,49.5,42.2,136,Good,STN-515
2021-02-17 06:00:00,Paris,48.792478479631036,2.33927470714451,Winter,6.8,91.3,20.3,47.43,8.47,18.8,50.2,23,Unhealthy for Sensitive,STN-582
2021-02-17 12:00:00,Cairo,30.012905588998375,31.208514644521454,Winter,9.0,98.1,14.8,53.69,22.31,,15.8,242,Unhealthy for Sensitive,STN-307
2021-02-17 18:00:00,New York,40.627412095851,-74.0897103852277,Winter,17.4,55.6,4.5,13.8,23.68,23.9,43.2,161,Hazardous,STN-623
2021-02-18 00:00:00,New York,40.71804422252403,-73.87431313922485,Winter,31.7,17.8,19.5,10.34,57.05,11.4,70.3,314,Unhealthy,STN-892
2021-02-18 06:00:00,Cairo,30.080458185830754,31.203118151400435,Winter,27.9,53.8,15.8,144.17,31.38,35.9,10.3,335,Moderate,STN-628
2021-02-18 12:00:00,Tokyo,35.71105045021739,139.60055293196103,Winter,2.0,86.2,26.6,32.47,31.2,11.0,49.5,336,Moderate,STN-876
2021-02-18 18:00:00,Beijing,39.887121124826685,116.3977584258704,Winter,16.4,83.2,9.6,16.75,4.03,19.7,27.6,204,Moderate,STN-742
2021-02-19 00:00:00,Beijing,39.86745038634527,116.31983059697872,Winter,26.0,50.7,11.9,18.44,50.55,62.3,37.4,134,Unhealthy,STN-253
2021-02-19 06:00:00,Cairo,30.037711456986084,31.222564899290802,Winter,21.9,49.6,12.8,,74.43,75.8,54.1,50,Good,STN-527
2021-02-19 12:00:00,London,51.44319563663068,-0.11255886285225351,Winter,30.3,78.2,18.7,,93.92,46.6,59.6,248,Moderate,STN-929
2021-02-19 18:00:00,Tokyo,35.635078843662455,139.68632233237372,Winter,30.9,40.8,30.4,27.51,33.43,41.7,44.3,188,Moderate,STN-605
2021-02-20 00:00:00,Beijing,39.928849295698896,116.53884576008998,Winter,16.9,54.3,2.9,8.75,85.27,64.2,24.8,197,Good,STN-274
2021-02-20 06:00:00,Beijing,39.878203256705014,116.44562360563745,Winter,6.0,84.0,23.0,33.29,64.18,10.5,49.2,344,Moderate,STN-173
2021-02-20 12:00:00,São Paulo,-23.663221920331473,-46.628201355845256,Winter,22.0,83.5,8.4,7.22,83.77,24.4,6.3,125,Unhealthy,STN-911
2021-02-20 18:00:00,Paris,48.813090576427236,2.3238279167555587,Winter,20.2,76.7,6.4,0.88,155.03,14.4,39.2,271,Good,STN-522
2021-02-21 00:00:00,São Paulo,-23.575552195680253,-46.67086070214914,Winter,16.8,96.7,1.0,12.95,62.64,3.7,37.5,218,Unhealthy for Sensitive,STN-444
2021-02-21 06:00:00,Cairo,30.113177609592903,31.289927686006976,Winter,28.9,,18.8,53.33,39.03,41.0,55.7,240,Moderate,STN-472
2021-02-21 12:00:00,Lagos,6.576593710156544,3.343986296332639,Winter,17.9,42.5,7.3,10.0,12.2,,49.8,117,Moderate,STN-605
2021-02-21 18:00:00,Beijing,39.9032558021671,116.45898991488443,Winter,33.9,95.1,22.2,45.23,47.82,13.8,72.1,125,Unhealthy for Sensitive,STN-760
2021-02-22 00:00:00,London,51.505226850430056,-0.09458995461593694,Winter,39.3,66.5,11.5,7.56,34.99,33.4,23.8,154,Moderate,STN-617
2021-02-22 06:00:00,Delhi,28.546182746580495,77.21819538544965,Winter,27.5,62.8,11.0,36.89,169.77,48.0,52.1,218,Good,STN-520
2021-02-22 12:00:00,Paris,48.944955448069244,2.3629256564713574,Winter,32.0,100.0,20.2,35.29,11.93,1.5,39.2,213,Good,STN-802
2021-02-22 18:00:00,Sydney,-33.811257644855516,151.24770581711064,Winter,16.8,57.2,18.7,16.26,35.9,33.6,30.1,65,Unhealthy for Sensitive,STN-180
2021-02-23 00:00:00,São Paulo,-23.502778299335315,-46.64524889987924,Winter,18.2,45.6,11.2,22.08,48.63,1.5,5.3,222,Moderate,STN-133
2021-02-23 06:00:00,São Paulo,-23.516846367263017,-46.62507001174042,Winter,14.8,68.8,18.7,,45.49,1.5,20.0,161,Unhealthy,STN-918
2021-02-23 12:00:00,Delhi,28.60211005412889,77.14618579657689,Winter,-6.6,54.8,18.5,4.97,27.1,28.6,40.2,29,Moderate,STN-851
2021-02-23 18:00:00,Beijing,39.84642999300781,116.37845529777002,Winter,-5.6,67.6,15.6,22.64,132.42,13.9,49.4,195,Good,STN-875
2021-02-24 00:00:00,Sydney,-33.80009644057581,151.21773468193862,Winter,1.1,82.6,18.8,,70.46,37.5,39.5,281,Moderate,STN-679
2021-02-24 06:00:00,Beijing,39.970605022973686,116.36044230442876,Winter,8.7,61.6,0.5,40.8,84.98,53.0,42.2,195,Good,STN-486
2021-02-24 12:00:00,Tokyo,35.691976029548236,139.65114415824092,Winter,20.4,63.3,15.8,,49.18,30.4,67.1,128,Good,STN-890
2021-02-24 18:00:00,Tokyo,35.70373262155444,139.6439662671065,Winter,26.0,34.6,21.1,32.2,52.44,34.5,32.1,37,Unhealthy for Sensitive,STN-889
2021-02-25 00:00:00,Sydney,-33.90756085606094,151.15576568270168,Winter,18.4,76.7,10.7,,76.63,22.9,74.1,75,Moderate,STN-324
2021-02-25 06:00:00,Tokyo,35.76289219388326,139.68529873320196,Winter,10.0,43.1,12.6,13.15,107.0,27.4,9.9,145,Moderate,STN-310
2021-02-25 12:00:00,Delhi,28.74100875649629,77.28003255620398,Winter,26.7,94.8,7.0,27.61,63.09,46.1,44.1,311,Moderate,STN-350
2021-02-25 18:00:00,Lagos,6.5063650974389375,3.4592852977586923,Winter,23.4,41.8,4.3,11.41,38.93,38.0,54.0,149,Moderate,STN-510
2021-02-26 00:00:00,São Paulo,-23.612569293576364,-46.6912212833752,Winter,16.7,61.4,2.8,85.9,34.43,24.1,30.8,185,Good,STN-773
2021-02-26 06:00:00,Sydney,-33.79130790531046,151.22693368990195,Winter,1.8,59.7,10.4,,31.65,37.6,85.0,227,Moderate,STN-432
2021-02-26 12:00:00,São Paulo,-23.524445505041413,-46.663752052919676,Winter,12.3,72.5,21.8,86.27,62.76,4.6,17.4,68,Good,STN-486
2021-02-26 18:00:00,Cairo,30.061022093268136,31.21370027239857,Winter,38.2,67.8,0.9,40.89,119.48,16.7,33.3,336,Good,STN-509
2021-02-27 00:00:00,New York,40.66042726656728,-74.05508093419361,Winter,20.7,70.9,7.0,16.15,92.9,29.9,33.3,321,Good,STN-740
2021-02-27 06:00:00,Sydney,-33.817546608046904,151.26390578897366,Winter,34.9,67.7,16.0,7.3,30.75,32.0,6.4,246,Moderate,STN-957
2021-02-27 12:00:00,Lagos,6.52388612590409,3.3088234636666995,Winter,12.6,48.5,6.5,22.98,68.81,35.7,29.8,48,Unhealthy for Sensitive,STN-201
2021-02-27 18:00:00,Cairo,30.093595265223,31.28569270604889,Winter,11.0,54.9,23.0,18.57,163.39,39.5,41.6,78,Unhealthy for Sensitive,STN-177
2021-02-28 00:00:00,Beijing,39.92820396446766,116.49157133477799,Winter,29.4,62.3,2.3,18.08,82.96,45.4,21.8,143,Good,STN-659
2021-02-28 06:00:00,Sydney,-33.811432690299526,151.19606654281895,Winter,20.5,40.9,11.9,26.23,12.46,23.7,58.2,124,Unhealthy for Sensitive,STN-102
2021-02-28 12:00:00,Beijing,39.90695253477114,116.3432266415953,Winter,19.8,57.8,15.7,16.66,71.71,29.5,22.7,310,Good,STN-542
2021-02-28 18:00:00,São Paulo,-23.52144752018664,-46.55015481449485,Winter,15.9,59.8,27.2,85.16,10.6,30.7,5.0,168,Unhealthy for Sensitive,STN-625
2021-03-01 00:00:00,São Paulo,-23.556527579524875,-46.62055707738883,Winter,20.4,87.2,8.1,4.1,43.64,16.4,24.4,123,Moderate,STN-649
2021-03-01 06:00:00,Paris,48.88788870043458,2.2768555625596263,Winter,-2.0,95.1,18.7,4.9,78.78,29.5,48.4,242,Good,STN-208
2021-03-01 12:00:00,Tokyo,35.62298516477597,139.60995565547867,Winter,37.9,98.0,16.8,45.89,56.1,43.4,42.8,195,Moderate,STN-188
2021-03-01 18:00:00,Lagos,6.546055617941816,3.4256393807529144,Winter,22.7,46.9,2.3,37.97,107.71,27.3,17.1,213,Moderate,STN-265
2021-03-02 00:00:00,Delhi,28.619485927792038,77.16648486836492,Winter,22.2,65.2,13.7,8.91,17.07,15.5,26.8,338,Moderate,STN-790
2021-03-02 06:00:00,Lagos,6.532417119362489,3.4157710089868787,Winter,26.1,52.7,27.5,120.17,52.71,4.5,10.6,274,Unhealthy,STN-257
2021-03-02 12:00:00,Sydney,-33.92858260705871,151.1743523340372,Winter,2.0,70.4,23.1,77.91,67.77,11.2,50.7,48,Good,STN-663
2021-03-02 18:00:00,Lagos,6.453925176965945,3.3761831834609333,Winter,20.1,66.0,25.1,53.81,29.32,35.3,44.6,240,Good,STN-219
2021-03-03 00:00:00,Delhi,28.616538637261144,77.1941058810597,Winter,25.9,89.2,19.1,66.09,29.92,36.0,26.4,245,Unhealthy for Sensitive,STN-898
2021-03-03 06:00:00,London,51.41122969881165,-0.0773827984775718,Winter,20.0,47.0,17.1,46.24,28.63,64.7,30.2,138,Good,STN-535
2021-03-03 12:00:00,Delhi,28.710617840443852,77.17738547800131,Winter,12.6,55.1,3.5,47.0,112.69,1.2,27.3,301,Moderate,STN-564
2021-03-03 18:00:00,New York,40.72728530237226,-74.09486340436683,Winter,18.2,59.2,12.6,10.29,104.33,23.0,53.4,46,Unhealthy,STN-450
2021-03-04 00:00:00,Cairo,30.03932731217508,31.313889023342522,Winter,22.3,100.0,11.2,73.6,15.55,40.9,62.6,199,Unhealthy,STN-642
2021-03-04 06:00:00,São Paulo,-23.54718141996579,-46.58778411595554,Winter,11.4,64.8,24.3,15.76,70.54,8.5,27.8,113,Good,STN-194
2021-03-04 12:00:00,São Paulo,-23.541687317056525,-46.635211162540806,Winter,27.2,22.6,17.1,9.29,78.93,22.9,26.8,306,Unhealthy,STN-690
2021-03-04 18:00:00,New York,40.700780474836904,-74.08704322687129,Winter,39.0,44.2,19.8,12.45,35.23,4.5,39.0,150,Unhealthy,STN-827
2021-03-05 00:00:00,São Paulo,-23.547650963453957,-46.533817736545174,Winter,30.0,39.0,4.5,,52.88,44.9,5.1,289,Good,STN-858
2021-03-05 06:00:00,Paris,48.83269398830049,2.3806669288441076,Winter,21.2,35.1,11.5,12.92,60.04,49.2,42.3,14,Moderate,STN-951
2021-03-05 12:00:00,Lagos,6.456902279529812,3.384598732693154,Winter,23.7,65.3,3.2,9.9,72.35,46.2,36.2,19,Unhealthy,STN-351
2021-03-05 18:00:00,Lagos,6.565045379841645,3.294929481979641,Winter,23.6,44.1,15.9,74.43,50.75,34.1,38.6,169,Good,STN-177
2021-03-06 00:00:00,Sydney,-33.92346834185305,151.202848525419,Winter,1.9,52.9,13.7,9.29,40.26,13.1,78.7,83,Unhealthy,STN-949
2021-03-06 06:00:00,London,51.46006700628558,-0.1330159385165657,Winter,32.7,98.1,27.4,21.67,27.12,29.6,14.9,56,Unhealthy for Sensitive,STN-566
2021-03-06 12:00:00,New York,40.730604346874934,-73.99474272645439,Winter,29.4,72.5,12.5,12.99,39.62,22.6,27.3,85,Good,STN-416
2021-03-06 18:00:00,London,51.55032219885982,-0.08408353679115729,Winter,-6.7,57.4,12.8,24.24,87.85,34.3,2.4,165,Unhealthy,STN-324
2021-03-07 00:00:00,Beijing,39.8820669014957,116.34429677295248,Winter,17.9,39.7,3.3,17.35,41.96,44.0,51.4,193,Good,STN-117
2021-03-07 06:00:00,Cairo,29.933880631468288,31.175413922123237,Winter,27.7,74.2,15.3,27.3,26.24,42.5,54.8,214,Moderate,STN-203
2021-03-07 12:00:00,New York,40.766387031460326,-73.97709990004968,Winter,27.5,52.2,16.6,,32.92,42.5,44.0,301,Hazardous,STN-714
2021-03-07 18:00:00,Paris,48.894824441103545,2.372486176545006,Winter,21.8,84.8,25.4,10.02,8.38,50.6,77.9,118,Moderate,STN-809
2021-03-08 00:00:00,New York,40.67433707323882,-73.97144321705122,Winter,18.9,37.5,18.5,47.09,23.44,20.3,42.4,68,Moderate,STN-821
2021-03-08 06:00:00,Tokyo,35.62028795891478,139.58976303791553,Winter,9.7,40.9,9.1,7.61,72.12,8.6,29.0,41,Unhealthy,STN-576
2021-03-08 12:00:00,Cairo,30.079152098282776,31.25502979356366,Winter,9.5,58.2,20.9,58.11,52.7,27.2,19.4,310,Unhealthy for Sensitive,STN-955
2021-03-08 18:00:00,Beijing,39.88683787217019,116.40300761467344,Winter,0.3,36.9,5.1,9.06,32.73,9.6,43.6,198,Good,STN-557
2021-03-09 00:00:00,Beijing,39.87104985339355,116.42532695667639,Winter,32.2,90.0,19.0,18.51,82.49,51.7,58.6,207,Moderate,STN-879
2021-03-09 06:00:00,Tokyo,35.673008458230775,139.5857809609385,Winter,18.6,43.9,21.2,12.82,70.36,16.4,20.2,97,Unhealthy,STN-177
2021-03-09 12:00:00,São Paulo,-23.529794758430295,-46.58867628074573,Winter,21.8,74.9,24.0,19.91,25.87,46.3,12.7,344,Moderate,STN-820
2021-03-09 18:00:00,London,51.54951377550541,-0.11436236445318057,Winter,-6.6,33.1,18.1,13.16,31.99,5.1,51.8,293,Moderate,STN-962
2021-03-10 00:00:00,London,51.450205615433624,-0.1198906500126608,Winter,2.8,52.0,9.6,48.88,37.79,14.7,51.0,261,Good,STN-436
2021-03-10 06:00:00,Delhi,28.614531950535245,77.22926020217967,Winter,11.4,76.5,14.9,,24.37,20.8,76.7,309,Good,STN-638
2021-03-10 12:00:00,New York,40.62687187334692,-73.9782058127173,Winter,-14.4,97.2,15.8,6.16,61.15,7.9,69.9,142,Unhealthy,STN-650
2021-03-10 18:00:00,New York,40.680245520073846,-74.00947578327491,Winter,12.6,76.3,4.8,55.04,56.77,0.9,51.2,96,Unhealthy,STN-920
2021-03-11 00:00:00,Delhi,28.591254393709537,77.34294572202273,Winter,0.9,94.8,28.5,34.89,28.95,17.2,23.3,328,Moderate,STN-461
2021-03-11 06:00:00,Delhi,28.58751306282117,77.2708153716771,Winter,35.2,37.6,8.5,,18.62,16.9,33.1,256,Unhealthy,STN-810
2021-03-11 12:00:00,São Paulo,-23.564523637481106,-46.58948513964985,Winter,18.2,79.3,19.4,24.71,56.59,20.4,43.1,85,Good,STN-972
2021-03-11 18:00:00,London,51.4729649833661,-0.20283427268567694,Winter,27.1,73.9,15.5,17.39,16.14,20.6,24.2,47,Unhealthy for Sensitive,STN-449
2021-03-12 00:00:00,São Paulo,-23.543740317848535,-46.660373939112084,Winter,18.6,75.1,14.9,133.81,42.8,12.6,76.5,111,Unhealthy,STN-989
2021-03-12 06:00:00,London,51.55223062699856,-0.13379197435305373,Winter,8.5,23.5,12.7,22.39,36.23,30.7,37.8,86,Moderate,STN-782
2021-03-12 12:00:00,Delhi,28.549971821773628,77.20304777645755,Winter,25.0,75.7,18.9,34.75,79.83,,29.0,244,Unhealthy,STN-388
2021-03-12 18:00:00,Tokyo,35.63206849501533,139.6610387708019,Winter,7.8,39.3,29.8,15.55,28.72,13.6,44.0,194,Moderate,STN-745
2021-03-13 00:00:00,London,51.48562944589913,-0.1190626967494404,Winter,23.2,34.3,21.7,41.03,17.76,14.1,33.9,155,Unhealthy for Sensitive,STN-295
2021-03-13 06:00:00,Sydney,-33.88071075656843,151.16946115000567,Winter,20.2,65.8,1.5,12.57,25.47,36.9,32.8,146,Moderate,STN-529
2021-03-13 12:00:00,Lagos,6.506514244693803,3.4565905746132266,Winter,10.7,68.2,5.3,118.58,225.47,24.1,70.4,19,Moderate,STN-559
2021-03-13 18:00:00,London,51.47564947891821,-0.14863138745885576,Winter,-5.0,69.7,25.4,102.84,16.09,20.3,57.0,221,Good,STN-329
2021-03-14 00:00:00,Delhi,28.656255260075795,77.20622331853474,Winter,25.5,63.1,17.6,53.05,19.03,,60.6,197,Hazardous,STN-401
2021-03-14 06:00:00,Beijing,39.94893664521256,116.31773579280186,Winter,10.0,44.7,19.3,65.42,50.81,4.1,43.8,18,Good,STN-706
2021-03-14 12:00:00,Lagos,6.501755457011375,3.365744719700518,Winter,35.3,38.1,9.7,42.36,51.6,27.7,15.4,236,Good,STN-789
2021-03-14 18:00:00,Delhi,28.547532356237873,77.23347036541097,Winter,23.2,58.2,4.8,68.92,70.7,56.5,35.0,277,Moderate,STN-486
2021-03-15 00:00:00,Tokyo,35.6416404923887,139.60629301851964,Winter,30.7,65.8,16.4,26.67,106.59,9.7,19.2,292,Unhealthy for Sensitive,STN-451
2021-03-15 06:00:00,Delhi,28.674076127903025,77.16463442288827,Winter,-6.9,38.4,12.0,33.31,16.34,1.1,23.4,274,Unhealthy,STN-374
2021-03-15 12:00:00,Beijing,39.94203417788087,116.45257188163222,Winter,-0.0,76.1,12.8,26.03,175.71,27.8,66.7,272,Unhealthy for Sensitive,STN-592
2021-03-15 18:00:00,Sydney,-33.890039048384025,151.19997785259213,Winter,5.0,58.4,3.6,60.13,105.54,34.9,21.9,312,Unhealthy for Sensitive,STN-850
2021-03-16 00:00:00,São Paulo,-23.528185699591386,-46.71337918455838,Winter,31.5,51.6,1.3,7.65,18.82,,40.3,144,Unhealthy for Sensitive,STN-169
2021-03-16 06:00:00,Tokyo,35.72304572983229,139.63967422835196,Winter,2.9,63.9,11.1,12.03,72.79,12.4,38.3,94,Unhealthy,STN-963
2021-03-16 12:00:00,London,51.57071073880916,-0.08711266413012222,Winter,23.2,84.2,16.2,26.12,50.22,35.4,71.4,245,Unhealthy,STN-304
2021-03-16 18:00:00,London,51.469615501204814,-0.1644407044077364,Winter,8.8,69.7,6.9,28.95,30.35,7.1,28.7,69,Unhealthy for Sensitive,STN-619
2021-03-17 00:00:00,Tokyo,35.74318215874107,139.66596689870997,Winter,7.7,66.5,11.7,17.28,11.17,37.9,36.5,261,Good,STN-365
2021-03-17 06:00:00,Cairo,30.06443211927354,31.24610982689647,Winter,32.3,63.2,10.8,,23.01,1.3,33.8,309,Unhealthy for Sensitive,STN-673
2021-03-17 12:00:00,São Paulo,-23.50726641730325,-46.62750219791927,Winter,11.2,55.8,4.9,24.19,34.7,25.3,63.4,74,Moderate,STN-408
2021-03-17 18:00:00,Cairo,30.011442058210804,31.198409090298156,Winter,18.1,50.1,13.7,12.21,70.28,34.5,49.9,33,Unhealthy for Sensitive,STN-373
2021-03-18 00:00:00,Sydney,-33.736839170008864,151.212305179495,Winter,29.6,92.3,17.6,39.9,56.58,19.5,68.2,283,Unhealthy,STN-272
2021-03-18 06:00:00,Cairo,30.04029192425811,31.27299372595128,Winter,-1.0,37.4,7.5,6.35,22.8,30.4,30.3,22,Hazardous,STN-467
2021-03-18 12:00:00,São Paulo,-23.588508227221357,-46.61415747864333,Winter,26.5,48.4,20.3,61.75,79.9,7.4,55.6,10,Moderate,STN-362
2021-03-18 18:00:00,London,51.473611477603335,-0.13039427487862362,Winter,21.3,68.6,17.8,18.93,36.11,,9.2,125,Good,STN-832
2021-03-19 00:00:00,Lagos,6.495216800336459,3.4055302160174414,Winter,31.1,69.1,21.1,13.73,48.03,34.7,44.4,65,Hazardous,STN-912
2021-03-19 06:00:00,Lagos,6.4647380158224905,3.4050321272977104,Winter,22.7,52.8,11.7,28.45,50.06,43.8,45.0,188,Moderate,STN-920
2021-03-19 12:00:00,London,51.46739223240112,-0.07314982448394011,Winter,42.4,92.6,8.8,40.04,29.03,13.6,44.9,321,Moderate,STN-361
2021-03-19 18:00:00,New York,40.76955027021961,-73.91654307901669,Winter,9.1,60.0,5.3,31.34,35.45,25.4,34.5,138,Good,STN-203
2021-03-20 00:00:00,Paris,48.8553139574114,2.41906541151704,Winter,18.8,81.8,17.7,25.43,8.99,38.3,79.2,140,Unhealthy for Sensitive,STN-170
2021-03-20 06:00:00,São Paulo,-23.552338314398707,-46.61098824633319,Winter,6.2,66.6,16.5,26.83,18.33,2.2,12.6,248,Moderate,STN-621
2021-03-20 12:00:00,São Paulo,-23.618082695010425,-46.60954834384105,Winter,-9.4,38.8,19.8,26.58,58.3,30.5,33.9,287,Unhealthy,STN-550
2021-03-20 18:00:00,Delhi,28.583601277226585,77.26231561086124,Winter,13.1,38.8,2.8,24.67,46.21,32.8,62.1,38,Good,STN-216
2021-03-21 00:00:00,Cairo,30.08015558369944,31.25834712314779,Winter,6.1,30.7,20.3,27.27,39.1,10.6,70.9,210,Unhealthy,STN-993
2021-03-21 06:00:00,Paris,48.74044278968978,2.2703230810840958,Winter,13.5,70.0,24.0,25.09,161.96,17.8,21.2,241,Moderate,STN-531
2021-03-21 12:00:00,Sydney,-33.87576942569216,151.2059264945894,Winter,18.0,71.1,26.4,6.29,21.37,28.6,20.6,247,Good,STN-153
2021-03-21 18:00:00,São Paulo,-23.584379484875942,-46.66856656185735,Winter,13.2,73.6,6.4,23.1,21.67,15.1,23.2,57,Moderate,STN-576
2021-03-22 00:00:00,Lagos,6.52778721776891,3.474547038449452,Winter,27.4,,15.9,52.5,60.62,32.2,33.9,283,Moderate,STN-141
2021-03-22 06:00:00,Cairo,30.000386880668675,31.275723371038485,Winter,19.2,60.7,8.2,12.24,46.05,30.7,41.8,275,Moderate,STN-399
2021-03-22 12:00:00,Lagos,6.534377529531521,3.376865209521904,Winter,26.6,41.1,14.1,21.45,44.83,26.9,2.4,46,Moderate,STN-165
2021-03-22 18:00:00,São Paulo,-23.5168162528495,-46.631529702751884,Winter,30.9,72.2,17.7,42.15,15.27,36.6,62.5,253,Moderate,STN-122
2021-03-23 00:00:00,Beijing,39.9433391376684,116.36603404649249,Winter,32.3,55.9,5.3,28.2,48.79,46.1,23.8,105,Moderate,STN-924
2021-03-23 06:00:00,Tokyo,35.61870628033505,139.74604914602534,Winter,24.3,61.1,11.1,13.45,84.82,22.9,39.0,218,Moderate,STN-717
2021-03-23 12:00:00,Beijing,39.928119317111936,116.49556382739534,Winter,9.5,61.9,9.0,3.14,54.68,37.4,67.0,271,Good,STN-152
2021-03-23 18:00:00,Lagos,6.5737934586131725,3.3376991228131847,Winter,31.4,44.7,13.0,13.47,27.42,17.6,58.7,275,Good,STN-829
2021-03-24 00:00:00,São Paulo,-23.48916583338187,-46.60657869138183,Winter,26.5,28.2,18.3,28.08,44.14,13.5,38.4,161,Good,STN-588
2021-03-24 06:00:00,Paris,48.780101206123256,2.3892458877697136,Winter,14.8,77.4,7.5,59.19,44.38,23.0,57.1,74,Moderate,STN-125
2021-03-24 12:00:00,Tokyo,35.70268716551182,139.63633062639477,Winter,17.2,48.6,28.9,22.17,25.23,30.0,46.3,323,Good,STN-510
2021-03-24 18:00:00,Paris,48.814195084386775,2.396339656914465,Winter,10.3,68.1,3.4,,69.0,10.1,41.3,12,Moderate,STN-361
2021-03-25 00:00:00,São Paulo,-23.54585964680166,-46.65482795794719,Winter,10.9,52.7,14.3,55.08,27.6,48.2,11.0,15,Moderate,STN-293
2021-03-25 06:00:00,Delhi,28.632123918963092,77.12951990774596,Winter,11.9,53.5,20.1,56.13,38.11,33.5,65.7,200,Moderate,STN-485
2021-03-25 12:00:00,Lagos,6.564171296116985,3.4366228377574073,Winter,22.1,59.8,13.5,10.57,51.98,17.3,42.8,20,Good,STN-374
2021-03-25 18:00:00,New York,40.669148840087566,-74.05036253296471,Winter,30.0,25.5,20.4,68.02,103.78,6.7,37.8,337,Moderate,STN-432
2021-03-26 00:00:00,Delhi,28.56083695272135,77.23293693101014,Winter,-1.3,59.2,2.7,6.48,24.34,,45.7,83,Moderate,STN-556
2021-03-26 06:00:00,Lagos,6.549963721139288,3.428780302363466,Winter,8.9,46.7,19.6,,23.68,17.8,49.9,73,Moderate,STN-109
2021-03-26 12:00:00,São Paulo,-23.542788368344414,-46.69568814812111,Winter,21.6,68.9,1.6,39.93,87.08,10.5,21.6,94,Unhealthy,STN-565
2021-03-26 18:00:00,Cairo,29.983893006375773,31.270584279774724,Winter,5.7,41.9,28.4,16.08,26.87,10.0,27.8,240,Moderate,STN-568
2021-03-27 00:00:00,London,51.526080039752145,-0.1254232726636326,Winter,23.2,41.3,1.6,70.9,49.69,27.7,23.8,15,Unhealthy for Sensitive,STN-561
2021-03-27 06:00:00,Lagos,6.466412316540855,3.313593188346718,Winter,22.4,54.5,8.9,24.89,11.82,21.4,41.1,186,Unhealthy for Sensitive,STN-688
2021-03-27 12:00:00,Lagos,6.49812034473694,3.4240181725787644,Winter,7.1,52.3,9.9,14.67,38.55,24.5,45.1,342,Unhealthy for Sensitive,STN-772
2021-03-27 18:00:00,Tokyo,35.627154956318925,139.70537466039735,Winter,15.8,58.0,17.8,41.13,84.32,47.4,31.8,216,Moderate,STN-148
2021-03-28 00:00:00,Tokyo,35.78137502699891,139.69480479542347,Winter,3.9,52.9,13.3,19.44,34.7,4.3,50.4,31,Moderate,STN-905
2021-03-28 06:00:00,Sydney,-33.851875619197145,151.20455620427995,Winter,32.8,57.0,3.4,38.22,148.39,19.8,10.1,348,Unhealthy,STN-697
2021-03-28 12:00:00,São Paulo,-23.540089241859686,-46.59259934901052,Winter,-9.4,75.1,22.4,85.47,41.13,19.5,34.8,334,Good,STN-364
2021-03-28 18:00:00,London,51.527804533315894,-0.1145598889249963,Winter,34.8,80.7,19.6,,13.88,40.3,73.2,280,Moderate,STN-589
2021-03-29 00:00:00,London,51.43649009535394,-0.18431571078823467,Winter,35.9,89.1,11.0,7.58,15.48,15.1,50.2,259,Unhealthy,STN-383
2021-03-29 06:00:00,Paris,48.91195279053226,2.2816828753628076,Winter,15.8,100.0,17.2,56.56,16.12,46.1,48.8,23,Good,STN-954
2021-03-29 12:00:00,Cairo,30.067784641316184,31.18210998678687,Winter,35.4,69.2,22.0,66.33,48.26,29.9,45.8,98,Moderate,STN-940
2021-03-29 18:00:00,Lagos,6.4907791593132735,3.418494996306266,Winter,-0.2,62.8,21.1,193.56,79.9,31.7,4.3,110,Hazardous,STN-268
2021-03-30 00:00:00,Sydney,-33.98914505101594,151.19618502855567,Winter,9.4,29.9,26.3,83.19,232.49,35.0,45.0,316,Unhealthy for Sensitive,STN-260
2021-03-30 06:00:00,Tokyo,35.62821226077485,139.7158912611498,Winter,42.2,84.4,14.0,6.98,21.54,34.5,24.2,318,Moderate,STN-302
2021-03-30 12:00:00,London,51.48209046924302,-0.14793283711626787,Winter,11.8,33.9,16.3,15.59,41.59,4.3,4.7,170,Hazardous,STN-899
2021-03-30 18:00:00,New York,40.67968910185741,-74.08107762872825,Winter,19.0,28.2,17.6,20.17,45.84,21.7,31.4,123,Hazardous,STN-655
2021-03-31 00:00:00,Lagos,6.519429799013613,3.445898159999903,Winter,13.3,51.4,2.2,29.1,43.2,34.6,64.2,135,Unhealthy,STN-463
2021-03-31 06:00:00,London,51.58298530782914,-0.10503614796152991,Winter,6.1,35.2,4.8,45.22,26.28,44.9,50.3,93,Good,STN-620
2021-03-31 12:00:00,New York,40.704253727364645,-73.95510986592551,Winter,15.1,80.0,24.9,27.11,72.35,31.7,19.3,10,Hazardous,STN-341
2021-03-31 18:00:00,New York,40.77812414964338,-74.08367093679107,Winter,23.8,72.3,26.9,85.31,64.37,7.9,52.6,103,Unhealthy,STN-408
2021-04-01 00:00:00,Tokyo,35.682632436764635,139.68927622787544,Spring,8.9,76.1,3.2,46.59,37.18,26.2,56.4,173,Moderate,STN-707
2021-04-01 06:00:00,Paris,48.81110776558423,2.395201377210757,Spring,19.9,20.8,23.2,27.83,28.08,23.8,67.0,307,Unhealthy for Sensitive,STN-291
2021-04-01 12:00:00,Delhi,28.537944796436477,77.20266675823834,Spring,19.6,,24.3,25.85,45.88,21.5,31.0,281,Moderate,STN-297
2021-04-01 18:00:00,Beijing,39.89103970633666,116.35783122252043,Spring,11.1,100.0,35.8,7.85,61.24,0.1,66.3,166,Good,STN-547
2021-04-02 00:00:00,Cairo,30.00836377696838,31.25457360058443,Spring,6.5,30.1,23.0,20.85,26.72,18.3,71.9,90,Unhealthy,STN-531
2021-04-02 06:00:00,Cairo,30.00868425998083,31.227340444044106,Spring,40.2,13.7,12.8,,36.66,9.8,9.2,131,Moderate,STN-192
2021-04-02 12:00:00,São Paulo,-23.64160536640033,-46.651669544746134,Spring,27.4,20.8,25.3,70.78,58.76,14.6,57.6,304,Unhealthy for Sensitive,STN-761
2021-04-02 18:00:00,Tokyo,35.633766813302806,139.6930799027965,Spring,33.9,100.0,14.4,7.04,31.39,7.7,38.8,157,Good,STN-640
2021-04-03 00:00:00,Tokyo,35.68111694269294,139.67110121541987,Spring,27.5,35.8,19.4,47.18,124.52,5.3,31.0,108,Good,STN-542
2021-04-03 06:00:00,New York,40.695104043668124,-73.97659561268664,Spring,-6.8,82.1,3.2,15.77,46.2,34.3,51.1,206,Unhealthy for Sensitive,STN-150
2021-04-03 12:00:00,Lagos,6.515626942934926,3.369909053872156,Spring,25.3,52.9,8.7,22.24,22.77,14.1,48.4,168,Good,STN-316
2021-04-03 18:00:00,New York,40.74314592346138,-74.02057511879609,Spring,36.6,70.7,17.6,21.45,11.35,19.3,30.5,103,Good,STN-763
2021-04-04 00:00:00,London,51.508045450453885,-0.1495149512914146,Spring,-1.8,28.4,14.0,37.85,60.26,42.8,35.0,73,Unhealthy,STN-585
2021-04-04 06:00:00,London,51.508252000249165,-0.010630500870601522,Spring,31.6,19.9,2.8,19.28,82.96,14.6,35.7,266,Good,STN-954
2021-04-04 12:00:00,Cairo,29.98553332363401,31.20749971654051,Spring,-2.0,83.3,4.3,7.81,11.4,16.2,39.8,61,Moderate,STN-401
2021-04-04 18:00:00,London,51.49291886969915,-0.13236226526403203,Spring,9.4,64.2,21.0,51.15,44.0,44.0,35.0,234,Unhealthy for Sensitive,STN-166
2021-04-05 00:00:00,Tokyo,35.65486237967377,139.64254317900352,Spring,15.4,58.0,22.0,20.19,39.85,18.6,1.9,240,Unhealthy,STN-509
2021-04-05 06:00:00,Paris,48.85821726519718,2.3936295057303485,Spring,7.0,64.1,26.4,78.28,131.16,33.3,48.9,57,Unhealthy for Sensitive,STN-482
2021-04-05 12:00:00,São Paulo,-23.510210926343916,-46.70091727142196,Spring,3.4,37.8,4.1,18.86,20.66,17.1,39.6,98,Good,STN-898
2021-04-05 18:00:00,Delhi,28.628034316213597,77.21346440870306,Spring,9.8,45.3,11.6,11.72,34.9,23.6,32.6,175,Moderate,STN-144
2021-04-06 00:00:00,Beijing,39.91584225629807,116.31177701955721,Spring,-2.1,43.3,11.5,42.01,27.2,45.3,35.7,63,Good,STN-602
2021-04-06 06:00:00,New York,40.63231967020818,-73.9175378490285,Spring,11.2,51.7,1.6,23.32,70.5,15.2,42.5,282,Moderate,STN-960
2021-04-06 12:00:00,Paris,48.90793169638686,2.352866966737072,Spring,21.5,72.9,16.7,19.71,52.08,4.0,0.7,19,Unhealthy for Sensitive,STN-561
2021-04-06 18:00:00,Cairo,29.9676448285644,31.243799694285492,Spring,3.6,36.0,17.4,14.15,13.49,23.3,40.9,110,Good,STN-991
2021-04-07 00:00:00,Paris,48.91637485942395,2.3392744971323434,Spring,18.1,76.6,16.7,24.68,95.74,17.1,2.9,80,Unhealthy,STN-913
2021-04-07 06:00:00,São Paulo,-23.478501166221008,-46.6434323529977,Spring,18.1,35.5,22.2,8.17,117.85,28.0,63.8,265,Good,STN-965
2021-04-07 12:00:00,New York,40.72117131384923,-74.0499719314407,Spring,5.5,62.5,6.6,24.97,12.88,33.0,82.2,68,Unhealthy,STN-263
2021-04-07 18:00:00,New York,40.78478202114917,-74.07446080310542,Spring,31.1,61.7,9.9,8.02,139.36,40.1,20.7,46,Unhealthy,STN-141
2021-04-08 00:00:00,Cairo,30.020644247487503,31.228068676054225,Spring,4.6,42.0,12.5,6.86,37.48,50.3,55.7,140,Unhealthy for Sensitive,STN-283
2021-04-08 06:00:00,Beijing,39.90779888734682,116.46992628679143,Spring,16.3,38.9,18.6,28.56,164.13,52.4,5.3,172,Good,STN-568
2021-04-08 12:00:00,Beijing,39.8674024341795,116.36825556890311,Spring,3.5,39.2,22.9,5.41,51.07,39.0,54.4,119,Unhealthy for Sensitive,STN-130
2021-04-08 18:00:00,Tokyo,35.72324230349814,139.59936947897955,Spring,22.5,77.4,8.3,5.83,49.19,7.8,56.0,291,Unhealthy for Sensitive,STN-414
2021-04-09 00:00:00,Paris,48.84743561729505,2.3549240775369364,Spring,1.9,69.4,6.6,,50.28,35.9,31.9,95,Moderate,STN-421
2021-04-09 06:00:00,New York,40.710115081554,-74.01767736894725,Spring,21.3,90.5,12.4,,49.38,14.9,44.8,233,Hazardous,STN-487
2021-04-09 12:00:00,Paris,48.892905176107305,2.4160584160248737,Spring,28.7,54.0,9.6,7.42,28.96,19.4,54.7,80,Good,STN-201
2021-04-09 18:00:00,Lagos,6.533327562502678,3.3869575574002124,Spring,12.1,70.8,17.0,24.27,59.49,16.6,40.8,32,Hazardous,STN-385
2021-04-10 00:00:00,New York,40.703492972135955,-74.03344692979711,Spring,16.1,50.5,23.1,70.79,16.94,14.8,48.2,33,Unhealthy,STN-799
2021-04-10 06:00:00,Lagos,6.585740340231998,3.3848227320713824,Spring,14.7,72.1,10.0,147.45,148.59,21.5,29.6,262,Unhealthy for Sensitive,STN-919
2021-04-10 12:00:00,New York,40.568236697415394,-73.98949272136224,Spring,8.0,52.6,19.4,12.68,39.41,21.0,35.8,299,Unhealthy for Sensitive,STN-124
2021-04-10 18:00:00,London,51.445166308833805,-0.13052794495907907,Spring,8.9,67.3,15.1,12.74,56.58,8.7,57.0,254,Moderate,STN-568
2021-04-11 00:00:00,Delhi,28.628400599486554,77.20763608396318,Spring,30.9,73.6,27.6,18.54,22.1,21.4,60.0,221,Good,STN-686
2021-04-11 06:00:00,Tokyo,35.66360856116902,139.70659977925325,Spring,14.2,54.2,25.2,,93.89,,63.4,86,Good,STN-516
2021-04-11 12:00:00,São Paulo,-23.586527581400777,-46.65669789312781,Spring,25.0,44.5,19.6,7.54,26.31,13.1,19.2,54,Unhealthy,STN-363
2021-04-11 18:00:00,Cairo,30.047320435615294,31.23360672063942,Spring,21.0,10.0,18.5,78.45,25.64,31.6,34.3,181,Good,STN-899
2021-04-12 00:00:00,Tokyo,35.66562275406326,139.5982367984565,Spring,38.3,55.9,20.1,14.06,55.99,28.4,14.1,185,Hazardous,STN-978
2021-04-12 06:00:00,London,51.57911202897677,-0.13302288511407878,Spring,17.1,35.4,19.4,25.11,11.9,2.7,39.7,323,Unhealthy for Sensitive,STN-120
2021-04-12 12:00:00,Paris,48.83476383634584,2.259698309374572,Spring,2.3,44.1,15.9,10.58,31.79,22.1,48.3,275,Moderate,STN-725
2021-04-12 18:00:00,Delhi,28.620041062986584,77.16678381331202,Spring,29.4,72.6,13.5,13.6,33.65,32.5,27.2,86,Moderate,STN-717
2021-04-13 00:00:00,Sydney,-33.85032662979401,151.28287482398025,Spring,16.6,68.7,19.8,117.42,51.81,20.6,13.7,260,Unhealthy for Sensitive,STN-741
2021-04-13 06:00:00,Lagos,6.525786993457165,3.381925128881167,Spring,-10.0,36.6,10.8,37.25,40.72,15.7,42.0,68,Good,STN-553
2021-04-13 12:00:00,Lagos,6.527456592055612,3.3614118458989033,Spring,7.0,61.8,11.6,23.61,9.3,20.4,41.7,340,Moderate,STN-284
2021-04-13 18:00:00,Sydney,-33.86208083067526,151.24796157430382,Spring,7.4,88.6,3.2,39.32,35.58,20.4,0.2,244,Good,STN-338
2021-04-14 00:00:00,Lagos,6.495140136476395,3.41984985111864,Spring,14.1,42.8,16.0,101.71,29.37,16.0,44.1,201,Good,STN-532
2021-04-14 06:00:00,São Paulo,-23.483815976805953,-46.67426778526669,Spring,20.2,79.2,20.0,13.33,27.0,27.1,22.0,153,Good,STN-786
2021-04-14 12:00:00,London,51.496503536528344,-0.1857436192076375,Spring,1.1,53.8,11.3,47.53,24.24,10.1,46.4,323,Unhealthy for Sensitive,STN-530
2021-04-14 18:00:00,New York,40.665147958815815,-74.00582419578286,Spring,1.7,63.7,19.6,44.59,191.53,26.7,60.7,47,Moderate,STN-117
2021-04-15 00:00:00,Paris,48.85843210907755,2.3257788510452397,Spring,32.1,100.0,6.3,23.06,53.08,51.6,32.1,49,Moderate,STN-453
2021-04-15 06:00:00,Cairo,30.016696860358046,31.165904887212196,Spring,35.8,55.2,32.3,25.7,131.07,11.4,19.3,41,Unhealthy for Sensitive,STN-188
2021-04-15 12:00:00,Paris,48.837009666183484,2.373556794982355,Spring,2.8,67.4,12.1,21.31,166.86,34.3,13.5,144,Unhealthy,STN-152
2021-04-15 18:00:00,Tokyo,35.72370274754142,139.64042023063266,Spring,20.7,77.0,13.5,33.9,19.63,18.7,18.8,321,Unhealthy for Sensitive,STN-618
2021-04-16 00:00:00,Sydney,-33.88337481095051,151.1744530543945,Spring,27.9,27.6,21.8,12.88,43.05,39.8,23.1,274,Unhealthy,STN-835
2021-04-16 06:00:00,Paris,48.83495886442954,2.3438012086583724,Spring,6.9,92.8,17.5,24.92,7.72,18.2,2.4,278,Unhealthy for Sensitive,STN-497
2021-04-16 12:00:00,Paris,48.88473243607945,2.3125952319707626,Spring,25.1,48.9,15.5,110.37,26.02,19.5,36.9,316,Unhealthy for Sensitive,STN-651
2021-04-16 18:00:00,Paris,48.759883283690606,2.361292637265054,Spring,21.5,100.0,9.6,,33.7,19.0,65.6,154,Good,STN-977
2021-04-17 00:00:00,São Paulo,-23.518761956042525,-46.6365002162576,Spring,36.0,73.5,16.4,72.83,18.74,27.1,56.7,142,Good,STN-923
2021-04-17 06:00:00,Paris,48.90669456593003,2.3603740984348964,Spring,12.4,39.5,11.8,27.43,39.57,45.7,20.3,344,Unhealthy for Sensitive,STN-668
2021-04-17 12:00:00,New York,40.725241449942196,-73.94626486185041,Spring,2.4,39.0,0.8,9.38,37.99,11.4,41.5,122,Moderate,STN-735
2021-04-17 18:00:00,Sydney,-33.85078049197137,151.19418784953925,Spring,29.6,54.9,23.1,61.1,61.22,23.2,7.2,11,Good,STN-336
2021-04-18 00:00:00,Tokyo,35.67140073883956,139.63132537468732,Spring,30.0,46.0,22.9,20.0,31.04,40.8,52.7,139,Unhealthy for Sensitive,STN-187
2021-04-18 06:00:00,Tokyo,35.6824042382177,139.61143752236254,Spring,12.1,40.3,11.0,51.83,44.94,38.5,10.4,303,Moderate,STN-793
2021-04-18 12:00:00,Lagos,6.47915116535,3.386248286439457,Spring,29.8,64.9,5.7,89.21,22.54,49.1,31.3,215,Moderate,STN-610
2021-04-18 18:00:00,New York,40.69890748709272,-74.07705370403501,Spring,26.5,68.3,24.9,41.81,175.47,55.0,30.8,82,Moderate,STN-408
2021-04-19 00:00:00,Tokyo,35.66103675462293,139.64509325166082,Spring,18.3,61.8,12.9,60.3,91.5,12.2,66.7,241,Moderate,STN-189
2021-04-19 06:00:00,Cairo,30.050238664148143,31.226489856581257,Spring,27.9,61.7,7.7,99.44,33.45,23.9,38.9,179,Moderate,STN-844
2021-04-19 12:00:00,Cairo,30.013073338407455,31.24199858985466,Spring,27.5,79.0,6.9,30.76,64.93,26.9,32.2,271,Unhealthy for Sensitive,STN-471
2021-04-19 18:00:00,Delhi,28.561641706949864,77.17312333742603,Spring,-1.9,,12.7,24.49,36.95,49.6,0.2,299,Unhealthy for Sensitive,STN-930
2021-04-20 00:00:00,Paris,48.85740492102581,2.3622193070765896,Spring,8.0,53.1,6.9,21.97,94.75,38.4,58.8,156,Good,STN-920
2021-04-20 06:00:00,London,51.56603936329661,-0.08225989882552404,Spring,20.9,46.9,4.5,33.5,25.2,14.2,5.2,277,Hazardous,STN-478
2021-04-20 12:00:00,São Paulo,-23.530812545706976,-46.611399138974654,Spring,20.9,74.7,29.0,,48.08,5.8,56.8,116,Unhealthy,STN-898
2021-04-20 18:00:00,London,51.61011183981872,-0.21048624277567615,Spring,15.6,54.6,10.2,3.9,18.09,58.0,40.4,318,Hazardous,STN-819
2021-04-21 00:00:00,Beijing,39.85487086949527,116.40386144867394,Spring,20.4,66.7,32.7,5.74,46.52,26.8,20.1,284,Good,STN-309
2021-04-21 06:00:00,Delhi,28.63316266141966,77.20788498802757,Spring,43.7,83.6,3.1,47.67,19.64,23.7,48.1,70,Moderate,STN-478
2021-04-21 12:00:00,São Paulo,-23.563914583176004,-46.656879023712136,Spring,39.9,86.6,21.5,30.99,245.88,35.6,45.6,110,Good,STN-279
2021-04-21 18:00:00,Paris,48.87099346974005,2.351979694459509,Spring,24.3,56.6,9.7,9.53,79.11,31.3,64.3,168,Moderate,STN-470
2021-04-22 00:00:00,São Paulo,-23.491603620750922,-46.662111211130465,Spring,23.8,42.7,27.6,21.97,48.02,43.2,29.4,23,Unhealthy,STN-620
2021-04-22 06:00:00,São Paulo,-23.56893120296107,-46.65644655619354,Spring,16.4,49.5,23.1,51.47,67.8,14.4,31.3,88,Unhealthy,STN-357
2021-04-22 12:00:00,Sydney,-33.970349670052805,151.18704072925706,Spring,14.3,75.7,8.9,35.44,35.53,34.0,7.9,28,Unhealthy for Sensitive,STN-740
2021-04-22 18:00:00,Beijing,39.99600306143389,116.42989690017549,Spring,12.8,79.8,14.2,,9.92,43.9,80.5,249,Unhealthy,STN-829
2021-04-23 00:00:00,Sydney,-33.79406273545704,151.17039790913162,Spring,1.7,55.2,22.8,13.34,49.65,5.6,49.3,286,Good,STN-148
2021-04-23 06:00:00,Paris,48.88604389257898,2.287229073079634,Spring,20.8,58.0,31.0,109.2,107.01,10.5,56.8,188,Good,STN-635
2021-04-23 12:00:00,Delhi,28.664929555932314,77.13244453238171,Spring,27.7,75.9,17.8,26.15,46.84,33.7,27.5,162,Good,STN-494
2021-04-23 18:00:00,Delhi,28.520454205072138,77.15569797394637,Spring,8.7,42.4,25.1,41.64,31.01,35.6,44.8,295,Good,STN-971
2021-04-24 00:00:00,London,51.45650838316298,-0.16036607343050946,Spring,17.0,68.8,17.3,12.53,20.99,41.3,12.5,174,Good,STN-437
2021-04-24 06:00:00,New York,40.70607157280829,-74.03180982572066,Spring,28.3,56.3,22.9,93.51,71.57,40.1,33.7,72,Moderate,STN-480
2021-04-24 12:00:00,Sydney,-33.91948592620337,151.17266081384525,Spring,8.9,59.6,5.5,23.16,16.94,26.6,55.5,254,Unhealthy for Sensitive,STN-199
2021-04-24 18:00:00,Beijing,39.858107985376805,116.42400203674644,Spring,17.4,69.3,24.4,18.2,110.98,26.4,57.5,318,Unhealthy,STN-934
2021-04-25 00:00:00,Sydney,-33.80321827917764,151.1547471622125,Spring,22.5,80.7,20.4,18.29,31.52,20.2,25.2,247,Unhealthy for Sensitive,STN-463
2021-04-25 06:00:00,São Paulo,-23.54349857298579,-46.534463007266325,Spring,35.4,63.2,0.7,32.32,78.82,35.1,60.8,123,Unhealthy for Sensitive,STN-552
2021-04-25 12:00:00,São Paulo,-23.568368207693453,-46.67384065085101,Spring,12.9,22.3,13.9,15.31,49.39,17.2,51.7,10,Moderate,STN-328
2021-04-25 18:00:00,New York,40.688307452455604,-73.99111392641642,Spring,19.1,51.4,21.8,25.71,53.33,4.2,49.2,162,Moderate,STN-270
2021-04-26 00:00:00,Lagos,6.507696609183502,3.363814076298629,Spring,29.0,91.4,8.3,42.87,61.52,45.6,64.9,346,Good,STN-394
2021-04-26 06:00:00,Sydney,-33.78607698071418,151.22048841411637,Spring,16.6,13.8,23.7,8.44,35.12,23.3,16.1,33,Unhealthy for Sensitive,STN-708
2021-04-26 12:00:00,Tokyo,35.61189941102611,139.69046161665307,Spring,22.1,100.0,15.5,28.09,32.53,18.8,56.8,64,Unhealthy,STN-507
2021-04-26 18:00:00,New York,40.71586878823347,-73.97644838990067,Spring,29.4,17.9,6.0,17.29,62.3,11.5,23.0,268,Moderate,STN-188
2021-04-27 00:00:00,São Paulo,-23.546024157120794,-46.70983184929759,Spring,5.5,49.7,11.1,9.24,118.4,30.1,40.6,244,Unhealthy,STN-849
2021-04-27 06:00:00,London,51.42363742703231,-0.10626463514924743,Spring,-6.2,50.7,29.6,47.15,115.97,6.7,25.6,308,Unhealthy,STN-274
2021-04-27 12:00:00,Beijing,39.91459618919214,116.27794291358555,Spring,2.7,42.1,15.8,34.14,43.52,36.3,29.9,104,Unhealthy,STN-512
2021-04-27 18:00:00,Beijing,39.828658505896094,116.48237278436193,Spring,19.7,75.8,20.5,11.58,58.97,27.2,37.1,252,Good,STN-490
2021-04-28 00:00:00,Beijing,39.91949734655435,116.47715229587763,Spring,30.6,27.2,8.3,27.55,16.21,35.0,71.6,64,Unhealthy for Sensitive,STN-517
2021-04-28 06:00:00,Paris,48.822668221672124,2.3357292288057145,Spring,34.4,46.2,5.3,60.06,36.19,55.4,27.7,62,Moderate,STN-899
2021-04-28 12:00:00,Delhi,28.679977664587483,77.24253509433923,Spring,42.1,82.1,17.4,14.8,24.9,13.9,64.8,118,Moderate,STN-405
2021-04-28 18:00:00,New York,40.726980760985036,-74.01578460183705,Spring,26.9,69.6,17.5,64.52,40.79,35.6,30.7,267,Moderate,STN-669
2021-04-29 00:00:00,Tokyo,35.72856623931164,139.7275476470938,Spring,16.7,49.8,19.2,115.69,79.64,43.2,17.1,323,Moderate,STN-301
2021-04-29 06:00:00,Delhi,28.583547740526274,77.24702256674652,Spring,23.2,23.7,7.2,25.36,231.51,28.0,41.4,164,Good,STN-696
2021-04-29 12:00:00,Lagos,6.535033367535002,3.3437628008306914,Spring,42.6,71.7,12.5,12.85,60.47,48.8,48.8,143,Unhealthy,STN-991
2021-04-29 18:00:00,Delhi,28.571105605721208,77.20383956434615,Spring,1.8,31.2,3.7,27.96,205.67,42.9,77.0,238,Moderate,STN-147
2021-04-30 00:00:00,New York,40.76402987728599,-74.01871398313762,Spring,17.7,57.9,6.0,8.46,15.89,41.3,30.3,49,Moderate,STN-544
2021-04-30 06:00:00,Delhi,28.669097340411646,77.07992655186956,Spring,20.6,87.1,5.5,104.03,15.94,26.0,66.1,215,Unhealthy,STN-258
2021-04-30 12:00:00,Paris,48.92087142188967,2.373489405657888,Spring,29.0,91.8,21.2,,102.29,43.6,68.6,295,Hazardous,STN-511
2021-04-30 18:00:00,Cairo,30.054090431717636,31.183835895543705,Spring,7.7,81.3,13.9,17.98,32.67,16.1,26.8,108,Unhealthy for Sensitive,STN-499
2021-05-01 00:00:00,New York,40.73595091578794,-74.03413529868648,Spring,16.7,55.0,21.6,83.56,39.79,10.3,35.2,42,Good,STN-703
2021-05-01 06:00:00,New York,40.718330914995114,-73.91450257779539,Spring,13.1,76.9,5.7,11.71,43.05,35.5,44.4,188,Good,STN-756
2021-05-01 12:00:00,Beijing,39.95557416573126,116.42883568308427,Spring,23.9,80.7,30.0,6.38,58.02,14.1,71.1,52,Moderate,STN-190
2021-05-01 18:00:00,Lagos,6.493390512960894,3.437864008550207,Spring,14.2,45.0,16.6,32.09,73.25,33.9,20.5,34,Moderate,STN-348
2021-05-02 00:00:00,Lagos,6.470505847850649,3.3314089236529285,Spring,19.6,50.9,21.2,14.02,139.01,30.2,58.8,279,Unhealthy,STN-123
2021-05-02 06:00:00,São Paulo,-23.58374270736022,-46.68699683618436,Spring,26.9,100.0,21.5,21.69,23.43,19.5,49.9,109,Moderate,STN-449
2021-05-02 12:00:00,São Paulo,-23.53258886126138,-46.676614763265775,Spring,33.6,33.5,7.9,6.2,17.98,52.4,28.2,303,Good,STN-643
2021-05-02 18:00:00,Lagos,6.5342929054698455,3.3867732235133747,Spring,41.7,97.9,3.1,82.51,107.37,16.2,8.3,300,Good,STN-404
2021-05-03 00:00:00,Sydney,-33.88640710335482,151.13077718574306,Spring,19.2,39.7,16.1,60.86,39.26,3.0,70.5,210,Moderate,STN-825
2021-05-03 06:00:00,Tokyo,35.75568268702108,139.6270634834457,Spring,17.1,53.5,13.0,25.05,60.74,53.5,49.1,93,Moderate,STN-670
2021-05-03 12:00:00,Tokyo,35.652998102985705,139.647668906217,Spring,32.4,,10.4,94.4,27.74,36.5,23.4,170,Unhealthy,STN-707
2021-05-03 18:00:00,Delhi,28.56705611495977,77.18490651515015,Spring,34.3,71.9,7.7,2.65,59.94,20.0,12.0,102,Good,STN-252
2021-05-04 00:00:00,Delhi,28.653397454579135,77.18805157240698,Spring,18.5,65.8,17.0,2.86,77.45,4.7,24.4,206,Unhealthy for Sensitive,STN-375
2021-05-04 06:00:00,London,51.49921410329546,-0.09355401796682924,Spring,8.5,73.4,14.1,16.0,61.36,25.7,69.0,34,Unhealthy for Sensitive,STN-270
2021-05-04 12:00:00,Paris,48.91402226127459,2.405538293674323,Spring,37.2,62.4,11.4,12.58,81.2,11.6,83.9,161,Unhealthy for Sensitive,STN-571
2021-05-04 18:00:00,Sydney,-33.85778012088728,151.17723026967732,Spring,30.1,71.7,17.8,18.68,19.24,11.4,30.1,60,Moderate,STN-268
2021-05-05 00:00:00,Paris,48.945488048533555,2.3342345086592466,Spring,-9.0,62.0,12.6,37.79,36.52,17.8,13.0,274,Unhealthy,STN-271
2021-05-05 06:00:00,Lagos,6.524332772387347,3.443770335442032,Spring,5.7,56.2,29.0,104.12,263.01,33.6,45.8,210,Unhealthy for Sensitive,STN-931
2021-05-05 12:00:00,São Paulo,-23.615538897967372,-46.57924495328742,Spring,33.5,74.5,5.3,23.54,95.77,19.0,41.4,193,Hazardous,STN-636
2021-05-05 18:00:00,Tokyo,35.61901486640455,139.7050496335053,Spring,26.3,15.7,28.4,20.71,114.45,11.6,41.4,211,Unhealthy,STN-277
2021-05-06 00:00:00,Delhi,28.624184482789357,77.11351779787098,Spring,29.0,63.3,18.7,25.87,58.38,22.1,48.2,147,Moderate,STN-294
2021-05-06 06:00:00,New York,40.64605399077231,-74.06856162830053,Spring,3.6,59.2,13.5,57.74,148.18,26.0,1.0,56,Unhealthy for Sensitive,STN-839
2021-05-06 12:00:00,Delhi,28.537047701132852,77.18963023716144,Spring,4.2,47.8,0.2,87.96,94.92,57.3,70.6,274,Unhealthy for Sensitive,STN-737
2021-05-06 18:00:00,Lagos,6.54270786242193,3.3262394496303194,Spring,16.7,64.6,11.2,37.45,18.06,1.0,20.7,88,Unhealthy,STN-821
2021-05-07 00:00:00,Delhi,28.60080931221881,77.08445225420951,Spring,19.3,52.1,8.0,55.55,42.37,17.0,30.1,117,Good,STN-839
2021-05-07 06:00:00,Tokyo,35.64241284104618,139.55446443510334,Spring,48.3,59.1,29.7,10.81,74.41,46.8,39.5,93,Unhealthy for Sensitive,STN-260
2021-05-07 12:00:00,London,51.504527139161524,-0.14914815257036212,Spring,21.6,53.1,34.8,29.6,55.29,8.6,33.1,118,Unhealthy for Sensitive,STN-490
2021-05-07 18:00:00,Beijing,39.87616819601466,116.35390342784031,Spring,25.2,69.3,23.6,,76.76,39.6,32.9,133,Unhealthy,STN-347
2021-05-08 00:00:00,Paris,48.78774538032006,2.291390752122189,Spring,10.9,38.0,16.5,17.8,16.95,19.4,51.2,48,Moderate,STN-140
2021-05-08 06:00:00,Delhi,28.529994049363136,77.17246902214346,Spring,27.1,73.9,7.6,40.67,149.04,18.4,31.4,148,Good,STN-409
2021-05-08 12:00:00,London,51.43580723669274,-0.19350095013870877,Spring,21.8,85.3,18.6,34.16,65.38,28.8,51.8,79,Unhealthy,STN-745
2021-05-08 18:00:00,Beijing,39.91055656218997,116.37335439370474,Spring,10.0,69.7,9.4,67.98,120.43,55.8,16.8,199,Hazardous,STN-840
2021-05-09 00:00:00,New York,40.7316841456446,-74.00573048081617,Spring,19.5,67.3,26.1,49.53,91.99,49.1,62.0,132,Unhealthy for Sensitive,STN-278
2021-05-09 06:00:00,New York,40.65693299711947,-73.92548764860155,Spring,21.0,36.5,15.4,24.24,29.11,37.2,45.2,107,Unhealthy for Sensitive,STN-936
2021-05-09 12:00:00,Cairo,30.06502975030256,31.24058386736389,Spring,19.5,81.3,13.6,10.6,19.38,17.1,27.5,104,Unhealthy,STN-531
2021-05-09 18:00:00,São Paulo,-23.52134902743789,-46.625146282945536,Spring,35.4,73.3,5.8,27.36,32.56,4.6,34.8,335,Good,STN-825
2021-05-10 00:00:00,Beijing,39.90974858680167,116.39614839822421,Spring,19.8,60.1,18.3,31.09,35.49,43.8,10.9,294,Moderate,STN-597
2021-05-10 06:00:00,São Paulo,-23.556137538154516,-46.634474551004864,Spring,22.6,45.3,5.3,17.29,24.95,28.0,46.0,324,Good,STN-903
2021-05-10 12:00:00,Sydney,-33.830845473698794,151.21039983132553,Spring,24.7,98.1,13.8,103.48,135.33,19.9,22.6,146,Moderate,STN-220
2021-05-10 18:00:00,Lagos,6.490944002420659,3.381284163295259,Spring,14.4,49.1,9.3,28.05,4.65,22.7,70.4,97,Unhealthy for Sensitive,STN-362
2021-05-11 00:00:00,Beijing,39.92694957211733,116.35509790002017,Spring,5.8,59.7,15.9,43.54,44.63,1.9,55.8,128,Good,STN-980
2021-05-11 06:00:00,Paris,48.74375943096596,2.3448531559311645,Spring,-5.6,45.9,15.0,65.01,62.83,37.2,49.2,188,Good,STN-800
2021-05-11 12:00:00,Delhi,28.594417863967163,77.31555807681875,Spring,16.7,76.1,18.6,41.21,63.19,8.8,41.9,63,Unhealthy,STN-769
2021-05-11 18:00:00,Cairo,30.113957705611384,31.20331169160845,Spring,30.1,62.1,3.7,39.93,26.25,21.7,10.3,62,Unhealthy for Sensitive,STN-706
2021-05-12 00:00:00,New York,40.71542267150095,-74.01568002280467,Spring,30.2,22.0,11.9,26.78,51.59,15.9,43.3,311,Moderate,STN-707
2021-05-12 06:00:00,Tokyo,35.635585102387154,139.59474291145247,Spring,3.7,97.1,11.4,74.41,94.74,35.9,48.6,102,Unhealthy for Sensitive,STN-669
2021-05-12 12:00:00,São Paulo,-23.614899474453786,-46.6813294014514,Spring,38.5,54.8,15.8,21.55,9.85,27.9,17.2,58,Unhealthy for Sensitive,STN-560
2021-05-12 18:00:00,São Paulo,-23.527103612062362,-46.6899634371762,Spring,15.8,81.8,14.5,17.85,103.52,39.2,45.2,349,Unhealthy,STN-519
2021-05-13 00:00:00,New York,40.74310713781513,-73.90497483656891,Spring,13.9,87.2,0.4,27.78,19.72,14.5,8.1,63,Unhealthy for Sensitive,STN-693
2021-05-13 06:00:00,Lagos,6.588073696431503,3.34797480689357,Spring,27.0,24.6,3.3,12.47,34.38,34.8,33.0,148,Moderate,STN-403
2021-05-13 12:00:00,Beijing,39.88344029351476,116.44583015145975,Spring,13.1,41.5,14.0,,38.68,9.0,39.1,112,Unhealthy for Sensitive,STN-361
2021-05-13 18:00:00,Paris,48.88832836650713,2.3790117853707127,Spring,25.2,75.7,23.7,72.05,56.61,38.3,37.3,131,Unhealthy for Sensitive,STN-943
2021-05-14 00:00:00,Sydney,-33.793325349401556,151.28529536204152,Spring,4.8,21.4,31.8,11.55,48.49,27.6,48.0,172,Unhealthy,STN-638
2021-05-14 06:00:00,Paris,48.964503352244996,2.365745389049647,Spring,41.3,78.6,21.6,56.97,29.66,38.7,47.4,346,Good,STN-402
2021-05-14 12:00:00,São Paulo,-23.610983189999384,-46.61707226394329,Spring,34.7,64.1,0.4,66.25,20.33,75.0,44.2,161,Good,STN-525
2021-05-14 18:00:00,Cairo,30.028107605447826,31.298817715169395,Spring,16.4,41.7,20.0,8.9,95.31,19.1,5.8,262,Unhealthy for Sensitive,STN-572
