order_id,order_date,customer_country,product_category,product_name,quantity,unit_price,discount_pct,payment_method,order_status,customer_age,customer_lat,customer_lon,review_score,shipping_days,revenue
ORD-100000,2022-01-01 00:00:00.000000,Canada,Sports,Product_162,2,2.78,5,Bank Transfer,Delivered,38,-20.1398,41.6795,4.0,6.0,5.28
ORD-100001,2022-01-01 17:31:54.076050,France,Beauty,Product_158,4,14.54,0,Crypto,Shipped,30,-33.8716,-133.0818,,12.0,58.16
ORD-100002,2022-01-02 11:03:48.152101,Australia,Home & Garden,Product_82,8,10.88,10,Bank Transfer,Shipped,35,14.7684,-138.6735,3.0,8.0,78.34
ORD-100003,2022-01-03 04:35:42.228152,Brazil,Home & Garden,Product_147,9,24.85,20,Bank Transfer,Returned,71,-8.323,-162.7192,5.0,9.0,178.92
ORD-100004,2022-01-03 22:07:36.304202,Canada,Food,Product_159,3,25.64,15,Crypto,Shipped,41,-38.7681,24.1488,4.0,18.0,65.38
ORD-100005,2022-01-04 15:39:30.380253,Mexico,Home & Garden,Product_188,7,104.79,25,Credit Card,Delivered,44,26.7715,-92.561,4.0,11.0,550.15
ORD-100006,2022-01-05 09:11:24.456304,UK,Clothing,Product_60,9,221.44,5,Crypto,Cancelled,71,12.4003,84.3781,5.0,11.0,1893.31
ORD-100007,2022-01-06 02:43:18.532354,Canada,Home & Garden,Product_147,4,8.66,0,Credit Card,Cancelled,21,-22.9106,67.05,4.0,15.0,34.64
ORD-100008,2022-01-06 20:15:12.608405,Australia,Books,Product_49,3,361.91,20,Bank Transfer,Delivered,39,4.7691,-65.4801,4.0,9.0,868.58
ORD-100009,2022-01-07 13:47:06.684456,Brazil,Food,Product_63,5,13.0,0,Credit Card,Delivered,41,40.6747,-116.3514,2.0,3.0,65.0
ORD-100010,2022-01-08 07:19:00.760507,France,Electronics,Product_110,1,40.73,10,Gift Card,Returned,57,-32.2883,-143.1359,3.0,,36.66
ORD-100011,2022-01-09 00:50:54.836557,Australia,Home & Garden,Product_150,3,61.13,0,Crypto,Delivered,62,-20.4577,85.4335,4.0,17.0,183.39
ORD-100012,2022-01-09 18:22:48.912608,Australia,Beauty,Product_152,8,622.35,0,Gift Card,Cancelled,27,-13.275,-17.8412,1.0,3.0,4978.8
ORD-100013,2022-01-10 11:54:42.988659,UK,Electronics,Product_109,8,17.28,20,Bank Transfer,Delivered,19,40.8081,-63.5292,,,110.59
ORD-100014,2022-01-11 05:26:37.064709,India,Clothing,Product_76,4,3.83,0,Crypto,Delivered,57,54.3346,128.3951,3.0,9.0,15.32
ORD-100015,2022-01-11 22:58:31.140760,Brazil,Beauty,Product_30,2,198.04,25,Bank Transfer,Delivered,23,-9.1876,33.7008,3.0,17.0,297.06
ORD-100016,2022-01-12 16:30:25.216811,Germany,Electronics,Product_58,8,12.18,15,Gift Card,Delivered,65,-19.9562,6.4808,4.0,18.0,82.82
ORD-100017,2022-01-13 10:02:19.292861,Australia,Beauty,Product_117,8,21.46,10,Bank Transfer,Processing,35,60.0753,87.6165,4.0,15.0,154.51
ORD-100018,2022-01-14 03:34:13.368912,India,Clothing,Product_159,4,8.66,5,Crypto,Returned,34,74.9143,113.6099,5.0,1.0,32.91
ORD-100019,2022-01-14 21:06:07.444963,Germany,,Product_100,3,21.53,5,Crypto,Delivered,55,30.4977,66.9863,4.0,10.0,61.36
ORD-100020,2022-01-15 14:38:01.521014,Brazil,Books,Product_192,2,12.08,5,Bank Transfer,Delivered,62,73.6474,-21.5977,5.0,8.0,22.95
ORD-100021,2022-01-16 08:09:55.597064,USA,Clothing,Product_19,9,74.57,25,Crypto,Processing,40,29.0954,-43.4524,5.0,10.0,503.35
ORD-100022,2022-01-17 01:41:49.673115,Mexico,Clothing,Product_176,1,36.49,0,Crypto,Shipped,63,39.0171,97.7994,5.0,2.0,36.49
ORD-100023,2022-01-17 19:13:43.749166,India,Beauty,Product_173,7,14.63,20,Bank Transfer,Delivered,47,-7.5314,6.4466,5.0,19.0,81.93
ORD-100024,2022-01-18 12:45:37.825216,Japan,Food,Product_94,5,109.4,10,Gift Card,Delivered,38,-1.5494,73.579,5.0,14.0,492.3
ORD-100025,2022-01-19 06:17:31.901267,USA,Toys,Product_183,8,44.97,10,Crypto,Shipped,27,-40.5417,140.5436,4.0,8.0,323.78
ORD-100026,2022-01-19 23:49:25.977318,Mexico,Sports,Product_113,4,3.61,5,Crypto,Processing,73,51.0713,149.7206,3.0,19.0,13.72
ORD-100027,2022-01-20 17:21:20.053368,UK,Home & Garden,Product_183,7,99.85,5,Crypto,Delivered,60,65.693,-80.0224,3.0,,664.0
ORD-100028,2022-01-21 10:53:14.129419,Canada,Home & Garden,Product_146,5,41.34,15,Crypto,Delivered,30,24.1641,-112.3596,5.0,16.0,175.7
ORD-100029,2022-01-22 04:25:08.205470,France,Books,Product_63,5,175.72,25,Bank Transfer,Returned,29,-13.6076,-85.9366,5.0,15.0,658.95
ORD-100030,2022-01-22 21:57:02.281521,Japan,Books,Product_116,9,38.42,0,Gift Card,Shipped,26,-39.2078,90.4938,,5.0,345.78
ORD-100031,2022-01-23 15:28:56.357571,UK,Home & Garden,Product_113,9,12.81,0,Gift Card,Delivered,21,-24.2039,-46.7791,5.0,3.0,115.29
ORD-100032,2022-01-24 09:00:50.433622,Brazil,Sports,Product_47,9,25.92,0,Credit Card,Delivered,56,-25.5196,-117.5799,5.0,,233.28
ORD-100033,2022-01-25 02:32:44.509673,UK,Home & Garden,Product_57,6,86.9,0,Crypto,Shipped,41,22.8263,-144.5812,4.0,10.0,521.4
ORD-100034,2022-01-25 20:04:38.585723,Canada,Toys,Product_118,6,13.13,10,Crypto,Delivered,71,67.5801,-62.1673,4.0,5.0,70.9
ORD-100035,2022-01-26 13:36:32.661774,Brazil,Sports,Product_45,5,19.52,10,Credit Card,Delivered,51,-53.4833,-130.9909,4.0,11.0,87.84
ORD-100036,2022-01-27 07:08:26.737825,Japan,Books,Product_161,9,25.38,0,Gift Card,Delivered,56,-59.862,-123.7055,4.0,6.0,228.42
ORD-100037,2022-01-28 00:40:20.813875,Canada,Electronics,Product_145,8,8.34,0,PayPal,Delivered,58,21.0246,66.1982,,4.0,66.72
ORD-100038,2022-01-28 18:12:14.889926,Germany,Beauty,Product_198,7,13.36,0,PayPal,Shipped,22,-21.6518,-172.8964,4.0,7.0,93.52
ORD-100039,2022-01-29 11:44:08.965977,France,Toys,Product_4,7,40.73,25,Gift Card,Delivered,32,58.874,-137.6808,5.0,19.0,213.83
ORD-100040,2022-01-30 05:16:03.042028,Japan,Toys,Product_148,6,140.19,0,Crypto,Shipped,67,-15.8212,123.9716,4.0,7.0,841.14
ORD-100041,2022-01-30 22:47:57.118078,Germany,Food,Product_47,5,48.45,0,PayPal,Delivered,21,-20.8854,124.1691,,14.0,242.25
ORD-100042,2022-01-31 16:19:51.194129,Mexico,Books,Product_143,4,31.34,25,Bank Transfer,Delivered,68,-23.6161,-61.4723,4.0,17.0,94.02
ORD-100043,2022-02-01 09:51:45.270180,Japan,Books,Product_198,3,12.21,0,Bank Transfer,Delivered,69,-40.4449,-148.3369,2.0,17.0,36.63
ORD-100044,2022-02-02 03:23:39.346230,Mexico,Clothing,Product_47,3,123.25,0,Credit Card,Cancelled,56,18.5066,73.7893,5.0,13.0,369.75
ORD-100045,2022-02-02 20:55:33.422281,Brazil,Toys,Product_78,6,55.71,20,Gift Card,Cancelled,25,-37.2912,-50.3526,5.0,1.0,267.41
ORD-100046,2022-02-03 14:27:27.498332,Germany,Clothing,Product_124,4,14.18,0,Gift Card,Delivered,66,-2.6748,-163.6327,3.0,2.0,56.72
ORD-100047,2022-02-04 07:59:21.574382,France,Clothing,Product_75,6,97.36,15,PayPal,Processing,62,2.2312,-123.1823,,18.0,496.54
ORD-100048,2022-02-05 01:31:15.650433,Canada,Beauty,Product_103,3,64.81,15,Crypto,Shipped,41,-57.2336,-130.6027,,4.0,165.27
ORD-100049,2022-02-05 19:03:09.726484,Australia,,Product_137,4,12.48,15,Gift Card,Returned,70,-57.731,32.0819,5.0,13.0,42.43
ORD-100050,2022-02-06 12:35:03.802535,UK,Sports,Product_90,9,29.32,0,PayPal,Delivered,45,10.2287,143.3223,4.0,1.0,263.88
ORD-100051,2022-02-07 06:06:57.878585,USA,Home & Garden,Product_144,5,18.33,5,PayPal,Shipped,72,33.9647,105.5059,3.0,4.0,87.07
ORD-100052,2022-02-07 23:38:51.954636,France,Electronics,Product_69,7,780.74,5,Gift Card,Delivered,60,67.1892,16.7458,4.0,2.0,5191.92
ORD-100053,2022-02-08 17:10:46.030687,Germany,Books,Product_61,2,62.68,5,PayPal,Delivered,44,-35.8189,-28.0241,5.0,4.0,119.09
ORD-100054,2022-02-09 10:42:40.106737,Australia,Sports,Product_138,5,41.43,10,Credit Card,Returned,18,-46.0601,42.7236,,16.0,186.44
ORD-100055,2022-02-10 04:14:34.182788,France,Electronics,Product_50,9,58.39,0,Credit Card,Delivered,51,-52.9681,-20.2274,5.0,4.0,525.51
ORD-100056,2022-02-10 21:46:28.258839,Germany,Toys,Product_3,3,173.29,0,Gift Card,Delivered,34,-1.1344,-91.4043,3.0,9.0,519.87
ORD-100057,2022-02-11 15:18:22.334889,India,Toys,Product_107,9,29.96,20,Crypto,Delivered,54,24.1249,64.5111,5.0,17.0,215.71
ORD-100058,2022-02-12 08:50:16.410940,India,Toys,Product_113,6,16.32,20,Credit Card,Shipped,55,53.4747,134.3678,5.0,2.0,78.34
ORD-100059,2022-02-13 02:22:10.486991,Mexico,Sports,Product_94,4,91.21,10,Credit Card,Shipped,43,32.1571,-45.7667,5.0,3.0,328.36
ORD-100060,2022-02-13 19:54:04.563042,France,Sports,Product_118,7,26.84,0,Gift Card,Delivered,74,-31.8713,122.9538,4.0,15.0,187.88
ORD-100061,2022-02-14 13:25:58.639092,India,Books,Product_198,8,9.17,25,Bank Transfer,Returned,41,2.339,-24.8105,5.0,,55.02
ORD-100062,2022-02-15 06:57:52.715143,Germany,Home & Garden,Product_81,6,7.26,20,PayPal,Delivered,56,62.8968,-35.5191,,4.0,34.85
ORD-100063,2022-02-16 00:29:46.791194,Mexico,Food,Product_109,5,207.51,15,Credit Card,Delivered,38,-15.89,-169.8032,5.0,12.0,881.92
ORD-100064,2022-02-16 18:01:40.867244,Germany,Clothing,Product_51,6,38.78,5,Bank Transfer,Cancelled,47,7.3286,70.3004,4.0,1.0,221.05
ORD-100065,2022-02-17 11:33:34.943295,Mexico,Toys,Product_147,5,16.32,15,Crypto,Delivered,64,69.4063,110.7009,,17.0,69.36
ORD-100066,2022-02-18 05:05:29.019346,France,Beauty,Product_170,8,25.0,5,Bank Transfer,Delivered,68,39.1856,58.8805,4.0,4.0,190.0
ORD-100067,2022-02-18 22:37:23.095396,Australia,Home & Garden,Product_35,1,87.26,15,Gift Card,Delivered,65,40.945,-125.5101,,4.0,74.17
ORD-100068,2022-02-19 16:09:17.171447,Canada,Beauty,Product_46,7,23.29,0,Crypto,Processing,74,-25.9349,-142.8144,4.0,9.0,163.03
ORD-100069,2022-02-20 09:41:11.247498,Japan,,Product_154,2,5.82,25,Crypto,Delivered,30,-4.0158,26.2292,4.0,10.0,8.73
ORD-100070,2022-02-21 03:13:05.323549,Australia,Books,Product_69,9,48.96,15,Bank Transfer,Cancelled,54,-48.8838,-35.4541,4.0,,374.54
ORD-100071,2022-02-21 20:44:59.399599,Brazil,Books,Product_93,1,141.18,15,Gift Card,Processing,20,21.881,-25.5248,,19.0,120.0
ORD-100072,2022-02-22 14:16:53.475650,Germany,Electronics,Product_64,6,130.29,0,Credit Card,Delivered,49,-45.9964,168.4081,3.0,15.0,781.74
ORD-100073,2022-02-23 07:48:47.551701,Brazil,Beauty,Product_165,9,16.93,25,Bank Transfer,Shipped,52,52.8478,80.6122,4.0,17.0,114.28
ORD-100074,2022-02-24 01:20:41.627751,,Home & Garden,Product_49,1,151.87,15,Credit Card,Delivered,36,49.9648,-31.7564,5.0,7.0,129.09
ORD-100075,2022-02-24 18:52:35.703802,Mexico,Food,Product_149,4,42.76,0,Bank Transfer,Delivered,31,12.0367,-173.1243,4.0,3.0,171.04
ORD-100076,2022-02-25 12:24:29.779853,Japan,Home & Garden,Product_74,4,146.84,0,Credit Card,Processing,65,-40.9426,-167.7255,4.0,,587.36
ORD-100077,2022-02-26 05:56:23.855903,Japan,Sports,Product_192,9,65.92,25,Bank Transfer,Returned,39,-56.5468,66.5293,4.0,16.0,444.96
ORD-100078,2022-02-26 23:28:17.931954,USA,Sports,Product_5,5,5.33,10,Crypto,Delivered,34,47.5557,121.586,4.0,7.0,23.98
ORD-100079,2022-02-27 17:00:12.008005,Japan,Toys,Product_100,5,269.37,25,PayPal,Delivered,21,21.019,74.7729,3.0,16.0,1010.14
ORD-100080,2022-02-28 10:32:06.084056,Canada,Food,Product_70,6,35.24,25,Crypto,Delivered,62,35.9755,-33.8804,4.0,9.0,158.58
ORD-100081,2022-03-01 04:04:00.160106,Japan,Sports,Product_90,1,66.17,15,Credit Card,Delivered,57,-18.986,-168.7911,,1.0,56.24
ORD-100082,2022-03-01 21:35:54.236157,Australia,Books,Product_4,1,6.6,0,Gift Card,Delivered,36,8.7802,168.2646,4.0,3.0,6.6
ORD-100083,2022-03-02 15:07:48.312208,USA,Home & Garden,Product_126,9,60.73,25,Crypto,Delivered,54,40.8685,175.081,1.0,8.0,409.93
ORD-100084,2022-03-03 08:39:42.388258,Australia,Beauty,Product_39,3,124.4,20,PayPal,Shipped,19,2.446,17.7712,5.0,18.0,298.56
ORD-100085,2022-03-04 02:11:36.464309,Australia,Books,Product_163,4,337.78,20,Credit Card,Delivered,32,21.1869,-154.5585,4.0,18.0,1080.9
ORD-100086,2022-03-04 19:43:30.540360,UK,Electronics,Product_129,1,177.77,0,Crypto,Delivered,19,46.6133,14.7501,3.0,19.0,177.77
ORD-100087,2022-03-05 13:15:24.616410,USA,Sports,Product_24,9,64.4,15,Bank Transfer,Processing,28,-30.9452,141.2418,5.0,7.0,492.66
ORD-100088,2022-03-06 06:47:18.692461,Australia,Books,Product_57,8,5.19,15,Gift Card,Processing,62,-51.0996,64.7948,3.0,6.0,35.29
ORD-100089,2022-03-07 00:19:12.768512,UK,Books,Product_100,2,38.81,25,Credit Card,Delivered,40,11.7962,79.1961,,11.0,58.22
ORD-100090,2022-03-07 17:51:06.844563,UK,Electronics,Product_70,8,16.26,0,Crypto,Delivered,27,-51.613,-149.4109,4.0,,130.08
ORD-100091,2022-03-08 11:23:00.920613,USA,Clothing,Product_41,7,43.9,0,Credit Card,Shipped,20,43.4852,-141.6558,5.0,12.0,307.3
ORD-100092,2022-03-09 04:54:54.996664,Brazil,Home & Garden,Product_182,6,7.69,5,Bank Transfer,Delivered,22,37.0935,-134.1544,4.0,1.0,43.83
ORD-100093,2022-03-09 22:26:49.072715,Mexico,Beauty,Product_174,1,25.73,5,PayPal,Delivered,20,59.0312,145.5757,3.0,19.0,24.44
ORD-100094,2022-03-10 15:58:43.148765,Canada,Toys,Product_60,7,17.8,0,Crypto,Shipped,55,26.3409,9.3059,5.0,11.0,124.6
ORD-100095,2022-03-11 09:30:37.224816,Mexico,Clothing,Product_108,7,17.15,0,Credit Card,Delivered,30,-50.9283,104.967,5.0,,120.05
ORD-100096,2022-03-12 03:02:31.300867,Japan,Sports,Product_188,9,17.36,5,Credit Card,Delivered,59,-25.8245,-138.4951,,16.0,148.43
ORD-100097,2022-03-12 20:34:25.376917,Canada,Books,Product_57,1,28.13,25,Credit Card,Delivered,36,49.0708,153.9514,4.0,3.0,21.1
ORD-100098,2022-03-13 14:06:19.452968,Japan,Food,Product_31,2,46.69,5,PayPal,Delivered,57,-37.4371,115.6112,,11.0,88.71
ORD-100099,2022-03-14 07:38:13.529019,Australia,Electronics,Product_84,9,1.65,20,Credit Card,Delivered,67,34.2949,-99.0849,,11.0,11.88
ORD-100100,2022-03-15 01:10:07.605070,Germany,Electronics,Product_152,9,1.91,20,Gift Card,Returned,52,45.335,134.7056,2.0,10.0,13.75
ORD-100101,2022-03-15 18:42:01.681120,USA,Food,Product_36,6,22.06,10,Gift Card,Delivered,41,-15.4349,-85.1606,1.0,2.0,119.12
ORD-100102,2022-03-16 12:13:55.757171,Canada,Home & Garden,Product_158,6,26.12,0,Credit Card,Delivered,41,-16.4898,-106.0776,,5.0,156.72
ORD-100103,2022-03-17 05:45:49.833222,Canada,Clothing,Product_152,4,41.55,0,Gift Card,Delivered,34,15.3034,-84.8722,5.0,8.0,166.2
ORD-100104,2022-03-17 23:17:43.909272,Australia,Toys,Product_108,4,13.83,15,Crypto,Cancelled,57,56.2737,147.5838,4.0,13.0,47.02
ORD-100105,2022-03-18 16:49:37.985323,Brazil,Home & Garden,Product_106,5,33.49,0,Gift Card,Delivered,27,-29.7727,149.6131,5.0,15.0,167.45
ORD-100106,2022-03-19 10:21:32.061374,UK,Food,Product_158,3,38.55,0,Credit Card,Delivered,19,67.0699,-61.5615,,2.0,115.65
ORD-100107,2022-03-20 03:53:26.137424,Australia,Books,Product_86,1,13.72,5,Bank Transfer,Cancelled,61,20.881,73.9563,4.0,,13.03
ORD-100108,2022-03-20 21:25:20.213475,India,Food,Product_135,1,111.74,10,Crypto,Delivered,40,73.9371,63.2683,3.0,8.0,100.57
ORD-100109,2022-03-21 14:57:14.289526,UK,Home & Garden,Product_163,7,40.95,0,PayPal,Delivered,23,-47.9021,110.3625,5.0,19.0,286.65
ORD-100110,2022-03-22 08:29:08.365577,USA,Beauty,Product_183,1,63.84,5,Credit Card,Delivered,19,-42.9141,-73.2566,2.0,1.0,60.65
ORD-100111,2022-03-23 02:01:02.441627,UK,Electronics,Product_14,1,35.97,0,PayPal,Delivered,38,51.5966,3.6499,4.0,8.0,35.97
ORD-100112,2022-03-23 19:32:56.517678,Brazil,Electronics,Product_120,3,413.4,0,Bank Transfer,Delivered,72,56.742,60.3626,,10.0,1240.2
ORD-100113,2022-03-24 13:04:50.593729,UK,Sports,Product_138,4,67.74,15,PayPal,Shipped,73,0.1369,-170.5475,3.0,13.0,230.32
ORD-100114,2022-03-25 06:36:44.669779,USA,Sports,Product_80,4,18.44,0,Credit Card,Delivered,52,36.3996,-44.3741,,5.0,73.76
ORD-100115,2022-03-26 00:08:38.745830,Brazil,Food,Product_144,2,88.69,5,Credit Card,Delivered,66,57.1202,70.5198,3.0,9.0,168.51
ORD-100116,2022-03-26 17:40:32.821881,Mexico,Toys,Product_182,1,4.64,25,Bank Transfer,Delivered,46,-54.1777,-89.0658,5.0,10.0,3.48
ORD-100117,2022-03-27 11:12:26.897931,Canada,Books,Product_106,3,38.23,25,Credit Card,Delivered,24,17.4833,164.7735,4.0,14.0,86.02
ORD-100118,2022-03-28 04:44:20.973982,Canada,Beauty,Product_70,4,48.57,0,Bank Transfer,Delivered,46,55.2199,-169.1419,,11.0,194.28
ORD-100119,2022-03-28 22:16:15.050033,Japan,Clothing,Product_44,3,38.75,15,Bank Transfer,Cancelled,70,-6.2491,164.9114,5.0,14.0,98.81
ORD-100120,2022-03-29 15:48:09.126084,Mexico,Home & Garden,Product_73,8,22.19,10,Credit Card,Delivered,54,-19.1782,-101.965,5.0,3.0,159.77
ORD-100121,2022-03-30 09:20:03.202134,Mexico,Toys,Product_45,1,9.83,10,Gift Card,Shipped,40,47.4204,-162.4241,,16.0,8.85
ORD-100122,2022-03-31 02:51:57.278185,UK,Books,Product_184,2,12.84,25,Bank Transfer,Delivered,50,-14.6688,-74.7093,3.0,,19.26
ORD-100123,2022-03-31 20:23:51.354236,Canada,Sports,Product_107,7,37.43,5,Credit Card,Delivered,25,-59.5715,103.0616,2.0,5.0,248.91
ORD-100124,2022-04-01 13:55:45.430286,USA,Food,Product_84,4,8.7,0,Gift Card,Delivered,29,69.5423,90.8791,2.0,7.0,34.8
ORD-100125,2022-04-02 07:27:39.506337,France,Home & Garden,Product_82,8,277.05,5,Bank Transfer,Delivered,63,19.9366,-104.8175,5.0,17.0,2105.58
ORD-100126,2022-04-03 00:59:33.582388,France,Sports,Product_107,3,1.39,10,Gift Card,Delivered,65,50.6349,-109.1556,,11.0,3.75
ORD-100127,2022-04-03 18:31:27.658438,Brazil,Food,Product_185,6,22.46,0,Crypto,Delivered,27,51.4157,51.3288,4.0,12.0,134.76
ORD-100128,2022-04-04 12:03:21.734489,Canada,Home & Garden,Product_21,9,37.81,0,Crypto,Processing,32,-51.0346,-15.0902,,2.0,340.29
ORD-100129,2022-04-05 05:35:15.810540,Canada,Clothing,Product_196,1,60.88,0,Gift Card,Delivered,70,-36.9339,105.2244,1.0,19.0,60.88
ORD-100130,2022-04-05 23:07:09.886591,France,,Product_178,1,11.03,15,Bank Transfer,Delivered,41,-17.9987,-171.3122,3.0,5.0,9.38
ORD-100131,2022-04-06 16:39:03.962641,Canada,Home & Garden,Product_161,8,129.17,25,Credit Card,Delivered,43,-16.7056,39.7483,5.0,11.0,775.02
ORD-100132,2022-04-07 10:10:58.038692,UK,Beauty,Product_7,3,6.22,20,PayPal,Delivered,64,28.9361,83.0419,2.0,19.0,14.93
ORD-100133,2022-04-08 03:42:52.114743,India,Toys,Product_70,5,16.79,20,Credit Card,Delivered,59,24.1229,177.619,,7.0,67.16
ORD-100134,2022-04-08 21:14:46.190793,Germany,Electronics,Product_127,1,69.75,20,PayPal,Delivered,70,6.7696,64.3614,5.0,6.0,55.8
ORD-100135,2022-04-09 14:46:40.266844,Mexico,Beauty,Product_143,5,115.38,0,PayPal,Delivered,56,-31.4794,-96.5357,5.0,11.0,576.9
ORD-100136,2022-04-10 08:18:34.342895,Japan,Beauty,Product_160,6,6.14,0,Bank Transfer,Shipped,20,-8.4322,-141.053,4.0,14.0,36.84
ORD-100137,2022-04-11 01:50:28.418945,Brazil,Toys,Product_148,8,791.59,10,Gift Card,Cancelled,19,13.3852,50.73,,4.0,5699.45
ORD-100138,2022-04-11 19:22:22.494996,India,Electronics,Product_143,3,11.28,0,Credit Card,Delivered,23,3.178,8.3459,4.0,8.0,33.84
ORD-100139,2022-04-12 12:54:16.571047,France,Beauty,Product_176,3,6.86,20,Gift Card,Delivered,38,-42.8155,143.6923,2.0,9.0,16.46
ORD-100140,2022-04-13 06:26:10.647098,Mexico,Home & Garden,Product_199,9,60.54,20,Crypto,Cancelled,26,27.6839,81.5789,5.0,2.0,435.89
ORD-100141,2022-04-13 23:58:04.723148,Canada,Home & Garden,Product_149,4,21.8,25,Bank Transfer,Delivered,27,-50.138,3.5073,,11.0,65.4
ORD-100142,2022-04-14 17:29:58.799199,Japan,Home & Garden,Product_170,4,18.26,5,Bank Transfer,Delivered,53,-8.9437,-34.7078,,,69.39
ORD-100143,2022-04-15 11:01:52.875250,Canada,Electronics,Product_154,7,67.68,20,Crypto,Delivered,20,35.854,-34.4251,4.0,4.0,379.01
ORD-100144,2022-04-16 04:33:46.951300,USA,Beauty,Product_120,2,5.3,15,Credit Card,Delivered,58,-57.2968,-98.5305,5.0,,9.01
ORD-100145,2022-04-16 22:05:41.027351,USA,Food,Product_128,8,4.29,20,Crypto,Delivered,41,16.9477,-173.7627,,1.0,27.46
ORD-100146,2022-04-17 15:37:35.103402,Japan,Electronics,Product_142,6,16.17,5,Credit Card,Delivered,39,-14.8397,26.9678,1.0,12.0,92.17
ORD-100147,2022-04-18 09:09:29.179452,Japan,Home & Garden,Product_57,3,120.72,20,PayPal,Delivered,66,-58.8077,-103.5307,2.0,19.0,289.73
ORD-100148,2022-04-19 02:41:23.255503,France,Toys,Product_165,9,17.03,15,Bank Transfer,Delivered,31,-34.2983,-105.0023,4.0,5.0,130.28
ORD-100149,2022-04-19 20:13:17.331554,Japan,Beauty,Product_58,5,225.65,10,Credit Card,Processing,59,67.0277,-134.8628,4.0,,1015.42
ORD-100150,2022-04-20 13:45:11.407605,UK,Beauty,Product_21,8,139.94,0,Gift Card,Delivered,62,10.3551,-111.7456,3.0,11.0,1119.52
ORD-100151,2022-04-21 07:17:05.483655,Canada,Sports,Product_82,7,46.5,15,Gift Card,Delivered,61,74.6257,-168.5559,5.0,4.0,276.68
ORD-100152,2022-04-22 00:48:59.559706,India,Sports,Product_69,8,49.78,5,Bank Transfer,Delivered,44,10.8503,62.7233,5.0,15.0,378.33
ORD-100153,2022-04-22 18:20:53.635757,Australia,Clothing,Product_131,7,46.45,0,Crypto,Shipped,50,13.4314,-35.497,5.0,12.0,325.15
ORD-100154,2022-04-23 11:52:47.711807,Japan,Food,Product_87,3,40.11,0,Crypto,Processing,39,-7.1012,22.1489,4.0,,120.33
ORD-100155,2022-04-24 05:24:41.787858,Brazil,Food,Product_165,2,21.34,5,Credit Card,Shipped,46,-18.1445,49.3047,4.0,16.0,40.55
ORD-100156,2022-04-24 22:56:35.863909,USA,Books,Product_49,7,24.53,25,Crypto,Delivered,36,-26.0414,170.0944,4.0,8.0,128.78
ORD-100157,2022-04-25 16:28:29.939959,,,Product_147,3,9.17,0,Bank Transfer,Shipped,36,-13.6382,-155.4243,4.0,8.0,27.51
ORD-100158,2022-04-26 10:00:24.016010,Mexico,Sports,Product_115,3,2.33,20,Credit Card,Shipped,23,2.0799,-29.5496,2.0,6.0,5.59
ORD-100159,2022-04-27 03:32:18.092061,Australia,Electronics,Product_89,2,124.57,15,PayPal,Delivered,62,-34.0811,-91.4767,5.0,3.0,211.77
ORD-100160,2022-04-27 21:04:12.168112,India,Food,Product_85,4,39.99,5,Crypto,Delivered,36,-29.6419,-8.3837,4.0,8.0,151.96
ORD-100161,2022-04-28 14:36:06.244162,Australia,Sports,Product_128,8,33.36,10,Crypto,Delivered,30,-23.3415,151.37,3.0,10.0,240.19
ORD-100162,2022-04-29 08:08:00.320213,Japan,,Product_140,1,53.42,0,Credit Card,Shipped,43,0.6501,80.6343,3.0,5.0,53.42
ORD-100163,2022-04-30 01:39:54.396264,France,Beauty,Product_189,1,12.25,5,Gift Card,Delivered,39,28.1298,58.3019,,11.0,11.64
ORD-100164,2022-04-30 19:11:48.472314,USA,Food,Product_169,5,9.96,20,Crypto,Delivered,38,55.5797,-21.1515,5.0,4.0,39.84
ORD-100165,2022-05-01 12:43:42.548365,USA,Clothing,Product_161,5,23.56,20,Bank Transfer,Cancelled,53,-21.2372,61.6005,3.0,17.0,94.24
ORD-100166,2022-05-02 06:15:36.624416,Mexico,Beauty,Product_178,1,171.01,0,Crypto,Processing,73,-35.1967,-168.3449,5.0,3.0,171.01
ORD-100167,2022-05-02 23:47:30.700466,France,Toys,Product_117,6,8.15,0,PayPal,Cancelled,19,-8.8556,31.0459,4.0,18.0,48.9
ORD-100168,2022-05-03 17:19:24.776517,Canada,Toys,Product_196,1,1.42,5,Crypto,Returned,64,60.7417,19.3596,5.0,,1.35
ORD-100169,2022-05-04 10:51:18.852568,Germany,Beauty,Product_127,5,17.71,0,Gift Card,Delivered,61,-58.6688,-55.2094,4.0,12.0,88.55
ORD-100170,2022-05-05 04:23:12.928619,UK,Food,Product_71,9,130.48,25,Crypto,Shipped,47,31.5123,-107.4549,5.0,16.0,880.74
ORD-100171,2022-05-05 21:55:07.004669,USA,Books,Product_86,5,4.14,5,Credit Card,Delivered,44,4.4166,110.72,3.0,14.0,19.66
ORD-100172,2022-05-06 15:27:01.080720,Brazil,Sports,Product_33,6,8.03,0,Crypto,Cancelled,24,-38.2588,-160.6096,4.0,16.0,48.18
ORD-100173,2022-05-07 08:58:55.156771,USA,Electronics,Product_81,8,45.43,25,Gift Card,Delivered,37,-16.6621,-154.9178,2.0,4.0,272.58
ORD-100174,2022-05-08 02:30:49.232821,Australia,Electronics,Product_152,1,723.35,0,Credit Card,Returned,67,-29.6317,-21.4122,,1.0,723.35
ORD-100175,2022-05-08 20:02:43.308872,USA,Home & Garden,Product_61,2,6.49,20,Bank Transfer,Shipped,48,58.5073,-89.0804,,1.0,10.38
ORD-100176,2022-05-09 13:34:37.384923,USA,Beauty,Product_61,9,6.19,20,Credit Card,Processing,40,5.0529,88.3629,4.0,15.0,44.57
ORD-100177,2022-05-10 07:06:31.460973,Germany,Electronics,Product_98,3,49.72,20,PayPal,Delivered,30,16.0177,48.3084,4.0,3.0,119.33
ORD-100178,2022-05-11 00:38:25.537024,Germany,Food,Product_28,6,140.56,10,Credit Card,Delivered,34,20.1478,98.1125,2.0,14.0,759.02
ORD-100179,2022-05-11 18:10:19.613075,India,Books,Product_186,5,15.66,20,Bank Transfer,Processing,21,26.3483,-63.1156,,9.0,62.64
ORD-100180,2022-05-12 11:42:13.689126,Canada,,Product_43,2,4.73,15,Crypto,Delivered,74,6.9,86.5868,,19.0,8.04
ORD-100181,2022-05-13 05:14:07.765176,Brazil,Books,Product_169,7,55.73,0,Credit Card,Processing,31,-57.5871,130.4292,,8.0,390.11
ORD-100182,2022-05-13 22:46:01.841227,USA,Food,Product_167,4,69.26,0,Credit Card,Delivered,37,-14.8124,-55.7012,5.0,2.0,277.04
ORD-100183,2022-05-14 16:17:55.917278,USA,Electronics,Product_86,1,279.89,0,Credit Card,Shipped,30,-35.1771,-57.6375,5.0,4.0,279.89
ORD-100184,2022-05-15 09:49:49.993328,UK,Electronics,Product_177,4,72.85,0,Credit Card,Delivered,20,31.8193,143.9825,5.0,1.0,291.4
ORD-100185,2022-05-16 03:21:44.069379,Germany,Home & Garden,Product_17,6,89.45,0,Bank Transfer,Shipped,43,-52.3449,-162.0755,,11.0,536.7
ORD-100186,2022-05-16 20:53:38.145430,Brazil,Electronics,Product_98,7,24.18,25,Gift Card,Shipped,43,16.1135,-53.9318,2.0,,126.94
ORD-100187,2022-05-17 14:25:32.221480,Mexico,Beauty,Product_198,7,620.05,0,Gift Card,Delivered,35,-31.5647,-137.2779,5.0,,4340.35
ORD-100188,2022-05-18 07:57:26.297531,India,Food,Product_198,7,20.54,0,Credit Card,Delivered,49,68.0942,-169.567,,13.0,143.78
ORD-100189,2022-05-19 01:29:20.373582,Canada,Toys,Product_98,3,15.89,0,Bank Transfer,Delivered,31,-14.702,-139.367,3.0,17.0,47.67
ORD-100190,2022-05-19 19:01:14.449633,France,Food,Product_65,6,290.45,25,Bank Transfer,Delivered,64,-16.0951,-24.7515,,17.0,1307.02
ORD-100191,2022-05-20 12:33:08.525683,Canada,Beauty,Product_74,8,5.65,10,Credit Card,Delivered,20,64.6569,67.3042,3.0,18.0,40.68
ORD-100192,2022-05-21 06:05:02.601734,Australia,Beauty,Product_85,4,3.61,0,PayPal,Shipped,18,-3.658,-75.8583,4.0,9.0,14.44
ORD-100193,2022-05-21 23:36:56.677785,USA,Home & Garden,Product_5,8,38.22,0,Credit Card,Delivered,43,69.9864,125.8831,2.0,6.0,305.76
ORD-100194,2022-05-22 17:08:50.753835,India,Home & Garden,Product_2,2,33.05,5,PayPal,Delivered,41,-56.737,-22.4584,4.0,3.0,62.79
ORD-100195,2022-05-23 10:40:44.829886,Australia,Electronics,Product_22,9,25.19,15,Credit Card,Delivered,66,-18.6435,168.5621,4.0,8.0,192.7
ORD-100196,2022-05-24 04:12:38.905937,Brazil,Clothing,Product_112,9,109.15,5,PayPal,Delivered,52,29.936,163.496,4.0,3.0,933.23
ORD-100197,2022-05-24 21:44:32.981987,France,Food,Product_57,8,11.14,0,PayPal,Delivered,31,60.2657,98.3794,2.0,1.0,89.12
ORD-100198,2022-05-25 15:16:27.058038,Germany,Food,Product_66,1,35.77,0,Credit Card,Returned,20,-25.3852,155.666,4.0,13.0,35.77
ORD-100199,2022-05-26 08:48:21.134089,India,Clothing,Product_74,2,21.5,20,PayPal,Cancelled,30,65.6145,74.5546,4.0,5.0,34.4
ORD-100200,2022-05-27 02:20:15.210140,India,Home & Garden,Product_98,6,11.36,20,Crypto,Delivered,64,20.2064,142.4099,3.0,16.0,54.53
ORD-100201,2022-05-27 19:52:09.286190,USA,Electronics,Product_144,5,30.75,20,Gift Card,Delivered,67,48.1361,-94.8695,5.0,16.0,123.0
ORD-100202,2022-05-28 13:24:03.362241,Japan,Clothing,Product_112,9,92.12,25,Bank Transfer,Processing,31,-6.377,-55.6487,4.0,12.0,621.81
ORD-100203,2022-05-29 06:55:57.438292,India,Electronics,Product_179,5,421.86,0,PayPal,Delivered,38,-31.3556,91.0548,5.0,13.0,2109.3
ORD-100204,2022-05-30 00:27:51.514342,UK,Electronics,Product_125,2,66.37,25,PayPal,Delivered,43,63.0168,-27.158,2.0,4.0,99.56
ORD-100205,2022-05-30 17:59:45.590393,France,Electronics,Product_167,4,1.63,0,Bank Transfer,Delivered,20,65.9733,121.4379,4.0,9.0,6.52
ORD-100206,2022-05-31 11:31:39.666444,France,Sports,Product_86,9,31.63,20,PayPal,Delivered,68,7.1726,135.95,,16.0,227.74
ORD-100207,2022-06-01 05:03:33.742494,UK,Beauty,Product_76,1,35.15,5,Bank Transfer,Returned,57,-59.1232,-72.0974,,1.0,33.39
ORD-100208,2022-06-01 22:35:27.818545,Mexico,Electronics,Product_88,1,101.84,0,Credit Card,Shipped,21,-45.1793,116.4423,2.0,5.0,101.84
ORD-100209,2022-06-02 16:07:21.894596,UK,Sports,Product_168,7,41.34,0,Crypto,Delivered,53,17.3588,-124.4649,4.0,5.0,289.38
ORD-100210,2022-06-03 09:39:15.970647,UK,Home & Garden,Product_38,3,148.96,20,Crypto,Delivered,68,-56.7901,-59.6892,4.0,19.0,357.5
ORD-100211,2022-06-04 03:11:10.046697,France,Clothing,Product_188,2,52.98,5,Gift Card,Processing,60,-6.4169,6.4674,3.0,9.0,100.66
ORD-100212,2022-06-04 20:43:04.122748,Canada,Beauty,Product_59,9,214.98,10,PayPal,Processing,18,-19.0451,-98.4802,4.0,8.0,1741.34
ORD-100213,2022-06-05 14:14:58.198799,,Toys,Product_138,3,19.56,0,Gift Card,Shipped,57,36.437,28.5364,5.0,19.0,58.68
ORD-100214,2022-06-06 07:46:52.274849,Japan,Clothing,Product_99,2,39.38,20,Credit Card,Shipped,64,-52.4969,28.3302,,18.0,63.01
ORD-100215,2022-06-07 01:18:46.350900,USA,Beauty,Product_192,8,89.3,15,Crypto,Delivered,50,5.9787,-105.515,5.0,15.0,607.24
ORD-100216,2022-06-07 18:50:40.426951,,Toys,Product_63,6,16.67,0,Credit Card,Processing,24,18.1804,106.4309,5.0,4.0,100.02
ORD-100217,2022-06-08 12:22:34.503002,Canada,Clothing,Product_49,6,12.83,25,Credit Card,Processing,70,23.3343,47.392,4.0,15.0,57.74
ORD-100218,2022-06-09 05:54:28.579052,Germany,Beauty,Product_192,7,15.56,0,PayPal,Delivered,69,-5.3037,-65.6062,,13.0,108.92
ORD-100219,2022-06-09 23:26:22.655103,Australia,Clothing,Product_32,7,13.48,0,Credit Card,Shipped,69,-18.9103,-96.4135,5.0,,94.36
ORD-100220,2022-06-10 16:58:16.731154,USA,Clothing,Product_135,6,62.0,15,Crypto,Delivered,73,32.1366,136.35,4.0,5.0,316.2
ORD-100221,2022-06-11 10:30:10.807204,Japan,Toys,Product_21,4,3.66,15,Gift Card,Delivered,28,54.4218,120.8672,5.0,18.0,12.44
ORD-100222,2022-06-12 04:02:04.883255,Japan,Clothing,Product_20,9,5.12,0,Crypto,Delivered,44,33.6384,-97.2862,5.0,8.0,46.08
ORD-100223,2022-06-12 21:33:58.959306,Germany,Clothing,Product_154,6,309.6,10,PayPal,Delivered,31,65.8338,-167.1821,4.0,1.0,1671.84
ORD-100224,2022-06-13 15:05:53.035356,Canada,Toys,Product_127,4,13.87,0,Crypto,Delivered,39,36.8306,109.6317,4.0,19.0,55.48
ORD-100225,2022-06-14 08:37:47.111407,Mexico,,Product_68,3,42.1,0,Bank Transfer,Delivered,33,43.2235,41.5831,5.0,17.0,126.3
ORD-100226,2022-06-15 02:09:41.187458,UK,Electronics,Product_110,4,5.55,0,Gift Card,Delivered,63,-37.3331,-143.6825,5.0,2.0,22.2
ORD-100227,2022-06-15 19:41:35.263509,Canada,Food,Product_116,3,37.08,25,Bank Transfer,Delivered,29,-3.3621,31.449,,19.0,83.43
ORD-100228,2022-06-16 13:13:29.339559,Mexico,Books,Product_143,2,13.97,0,Bank Transfer,Delivered,66,5.4825,-17.2142,2.0,16.0,27.94
ORD-100229,2022-06-17 06:45:23.415610,Japan,Sports,Product_120,5,5.07,5,PayPal,Delivered,63,-25.4004,98.8381,5.0,18.0,24.08
ORD-100230,2022-06-18 00:17:17.491661,France,Books,Product_79,2,164.73,15,Credit Card,Shipped,27,11.3529,-104.7295,2.0,2.0,280.04
ORD-100231,2022-06-18 17:49:11.567711,USA,Books,Product_116,6,136.88,15,Bank Transfer,Delivered,41,-20.7431,-16.8636,,6.0,698.09
ORD-100232,2022-06-19 11:21:05.643762,Germany,Beauty,Product_92,3,29.11,0,Crypto,Delivered,63,32.8128,-123.7521,3.0,7.0,87.33
ORD-100233,2022-06-20 04:52:59.719813,USA,Electronics,Product_14,6,109.87,0,Credit Card,Cancelled,35,3.4889,164.7098,1.0,6.0,659.22
ORD-100234,2022-06-20 22:24:53.795863,Brazil,Beauty,Product_155,9,325.04,25,Crypto,Shipped,39,1.9389,100.3457,2.0,6.0,2194.02
ORD-100235,2022-06-21 15:56:47.871914,Brazil,Electronics,Product_125,1,81.85,5,Crypto,Cancelled,26,72.7917,85.2201,4.0,9.0,77.76
ORD-100236,2022-06-22 09:28:41.947965,Canada,Toys,Product_168,6,58.89,10,Credit Card,Delivered,34,-7.0199,68.4744,2.0,8.0,318.01
ORD-100237,2022-06-23 03:00:36.024016,Japan,,Product_58,9,42.04,0,Credit Card,Delivered,55,-11.0901,-27.5989,,9.0,378.36
ORD-100238,2022-06-23 20:32:30.100066,Japan,Food,Product_28,4,72.2,15,Crypto,Shipped,57,-16.9884,152.3817,4.0,12.0,245.48
ORD-100239,2022-06-24 14:04:24.176117,UK,Electronics,Product_26,2,21.4,0,PayPal,Delivered,30,60.7911,-153.7499,4.0,18.0,42.8
ORD-100240,2022-06-25 07:36:18.252168,UK,Clothing,Product_113,4,23.76,0,Gift Card,Delivered,67,7.0577,109.1733,5.0,6.0,95.04
ORD-100241,2022-06-26 01:08:12.328218,UK,Home & Garden,Product_191,1,56.89,20,Gift Card,Delivered,54,21.002,-102.5162,4.0,4.0,45.51
ORD-100242,2022-06-26 18:40:06.404269,France,Food,Product_66,3,18.75,0,PayPal,Processing,23,-35.5895,-63.3499,4.0,7.0,56.25
ORD-100243,2022-06-27 12:12:00.480320,Australia,Food,Product_153,9,21.35,10,Credit Card,Delivered,38,13.0272,6.9947,4.0,18.0,172.94
ORD-100244,2022-06-28 05:43:54.556370,India,Clothing,Product_131,5,33.12,0,Crypto,Cancelled,68,-22.9225,101.7558,4.0,5.0,165.6
ORD-100245,2022-06-28 23:15:48.632421,Australia,Home & Garden,Product_44,6,131.73,0,Gift Card,Cancelled,53,38.636,121.8726,5.0,18.0,790.38
ORD-100246,2022-06-29 16:47:42.708472,USA,Beauty,Product_97,3,8.51,0,Crypto,Delivered,24,52.3913,30.1436,5.0,,25.53
ORD-100247,2022-06-30 10:19:36.784523,Australia,Home & Garden,Product_42,5,82.35,5,PayPal,Shipped,53,36.4994,-34.9072,4.0,8.0,391.16
ORD-100248,2022-07-01 03:51:30.860573,France,Beauty,Product_6,8,85.64,20,Crypto,Shipped,42,38.583,160.7409,,1.0,548.1
ORD-100249,2022-07-01 21:23:24.936624,USA,Toys,Product_167,6,85.03,25,PayPal,Processing,28,9.1841,-91.2523,,15.0,382.64
ORD-100250,2022-07-02 14:55:19.012675,Australia,Books,Product_180,4,12.58,10,Credit Card,Delivered,61,36.1359,109.114,2.0,3.0,45.29
ORD-100251,2022-07-03 08:27:13.088725,France,Toys,Product_23,2,4.34,15,PayPal,Processing,31,-2.9373,40.3379,4.0,15.0,7.38
ORD-100252,2022-07-04 01:59:07.164776,India,Toys,Product_89,9,64.82,5,PayPal,Delivered,62,27.951,-44.3178,5.0,14.0,554.21
ORD-100253,2022-07-04 19:31:01.240827,Australia,Books,Product_123,1,41.47,0,Gift Card,Cancelled,46,-25.0297,-179.5075,4.0,1.0,41.47
ORD-100254,2022-07-05 13:02:55.316877,,Home & Garden,Product_178,1,110.53,20,Crypto,Delivered,27,-50.5828,-19.2243,,8.0,88.42
ORD-100255,2022-07-06 06:34:49.392928,UK,Food,Product_171,4,14.29,15,Gift Card,Delivered,67,-4.1811,-80.3808,4.0,7.0,48.59
ORD-100256,2022-07-07 00:06:43.468979,Japan,Home & Garden,Product_147,7,82.45,5,Bank Transfer,Processing,65,2.3401,-142.4352,4.0,9.0,548.29
ORD-100257,2022-07-07 17:38:37.545030,UK,Beauty,Product_197,1,117.37,20,PayPal,Processing,22,-25.385,-152.9429,5.0,18.0,93.9
ORD-100258,2022-07-08 11:10:31.621080,Japan,Clothing,Product_51,9,29.54,25,Bank Transfer,Delivered,25,38.2408,-54.879,4.0,12.0,199.4
ORD-100259,2022-07-09 04:42:25.697131,Germany,Beauty,Product_11,4,54.62,10,Gift Card,Delivered,63,-50.0707,41.3127,5.0,8.0,196.63
ORD-100260,2022-07-09 22:14:19.773182,Germany,Clothing,Product_12,3,52.37,0,Crypto,Delivered,22,-29.929,121.507,5.0,8.0,157.11
ORD-100261,2022-07-10 15:46:13.849232,Germany,Toys,Product_74,1,12.36,25,Gift Card,Returned,41,41.0562,-113.9172,5.0,6.0,9.27
ORD-100262,2022-07-11 09:18:07.925283,India,Books,Product_8,4,62.63,0,Crypto,Processing,57,-0.9882,-27.1282,,3.0,250.52
ORD-100263,2022-07-12 02:50:02.001334,UK,Toys,Product_152,9,232.06,0,Crypto,Processing,74,35.2133,-38.8958,3.0,2.0,2088.54
ORD-100264,2022-07-12 20:21:56.077384,Japan,Electronics,Product_41,6,34.01,0,Credit Card,Delivered,43,16.6106,4.8218,,14.0,204.06
ORD-100265,2022-07-13 13:53:50.153435,France,Home & Garden,Product_164,6,5.74,5,PayPal,Delivered,23,68.3462,111.4514,4.0,8.0,32.72
ORD-100266,2022-07-14 07:25:44.229486,USA,Clothing,Product_85,1,14.52,0,Gift Card,Shipped,33,20.7024,19.3123,4.0,6.0,14.52
ORD-100267,2022-07-15 00:57:38.305537,France,Beauty,Product_72,2,3.91,15,Crypto,Processing,53,-57.9927,124.7958,3.0,4.0,6.65
ORD-100268,2022-07-15 18:29:32.381587,USA,Books,Product_55,6,155.76,25,Gift Card,Delivered,29,-12.3616,6.6786,,5.0,700.92
ORD-100269,2022-07-16 12:01:26.457638,,Clothing,Product_137,2,82.84,25,Gift Card,Cancelled,28,-40.6868,37.3851,4.0,13.0,124.26
ORD-100270,2022-07-17 05:33:20.533689,,Beauty,Product_47,3,18.14,10,Crypto,Delivered,20,64.8255,-22.542,3.0,9.0,48.98
ORD-100271,2022-07-17 23:05:14.609739,Australia,Home & Garden,Product_143,4,6.04,0,Bank Transfer,Delivered,61,-45.9583,116.3144,3.0,13.0,24.16
ORD-100272,2022-07-18 16:37:08.685790,Australia,Toys,Product_176,5,12.18,15,PayPal,Delivered,54,-7.6596,152.5778,2.0,9.0,51.76
ORD-100273,2022-07-19 10:09:02.761841,Canada,Home & Garden,Product_104,9,15.4,25,PayPal,Delivered,23,-29.4766,50.0921,,16.0,103.95
ORD-100274,2022-07-20 03:40:56.837891,UK,Sports,Product_42,4,37.76,0,Credit Card,Delivered,36,54.3075,115.4817,5.0,12.0,151.04
ORD-100275,2022-07-20 21:12:50.913942,USA,Electronics,Product_60,9,36.27,0,Credit Card,Delivered,35,-18.3435,-158.7588,5.0,2.0,326.43
ORD-100276,2022-07-21 14:44:44.989993,USA,Sports,Product_198,3,165.62,0,Credit Card,Delivered,33,73.9056,146.2002,1.0,19.0,496.86
ORD-100277,2022-07-22 08:16:39.066044,UK,Books,Product_12,8,14.42,0,PayPal,Processing,40,-54.7868,-111.987,3.0,16.0,115.36
ORD-100278,2022-07-23 01:48:33.142094,India,Clothing,Product_130,1,5.42,25,Bank Transfer,Delivered,60,-42.6826,-87.6526,4.0,13.0,4.06
ORD-100279,2022-07-23 19:20:27.218145,Canada,Books,Product_7,9,8.26,20,PayPal,Delivered,54,-29.6738,-160.8012,4.0,5.0,59.47
ORD-100280,2022-07-24 12:52:21.294196,India,Toys,Product_80,9,32.21,0,PayPal,Delivered,26,49.4993,167.544,5.0,6.0,289.89
ORD-100281,2022-07-25 06:24:15.370246,India,Beauty,Product_131,2,13.81,0,PayPal,Delivered,20,58.5998,126.7239,5.0,17.0,27.62
ORD-100282,2022-07-25 23:56:09.446297,India,Home & Garden,Product_109,4,23.33,20,PayPal,Processing,25,-50.3541,148.7465,5.0,17.0,74.66
ORD-100283,2022-07-26 17:28:03.522348,UK,Sports,Product_3,8,19.2,20,Bank Transfer,Delivered,55,-55.6179,124.9978,4.0,,122.88
ORD-100284,2022-07-27 10:59:57.598398,India,Food,Product_27,7,108.67,10,Credit Card,Processing,21,40.5152,-7.369,4.0,3.0,684.62
ORD-100285,2022-07-28 04:31:51.674449,Australia,Sports,Product_114,1,16.37,15,Gift Card,Shipped,29,-41.9975,152.6695,4.0,13.0,13.91
ORD-100286,2022-07-28 22:03:45.750500,Germany,Toys,Product_107,5,21.06,5,Credit Card,Delivered,61,-42.0452,169.0102,2.0,12.0,100.04
ORD-100287,2022-07-29 15:35:39.826551,,Sports,Product_40,7,78.32,0,Credit Card,Delivered,48,-56.9805,0.9241,,6.0,548.24
ORD-100288,2022-07-30 09:07:33.902601,USA,Toys,Product_161,4,16.81,0,Gift Card,Delivered,42,-53.2759,-116.7751,1.0,13.0,67.24
ORD-100289,2022-07-31 02:39:27.978652,USA,Food,Product_129,1,55.03,0,PayPal,Delivered,70,-24.4038,57.1041,4.0,14.0,55.03
ORD-100290,2022-07-31 20:11:22.054703,Brazil,Books,Product_8,9,49.29,5,Bank Transfer,Shipped,33,-51.2243,171.1578,3.0,7.0,421.43
ORD-100291,2022-08-01 13:43:16.130753,UK,Home & Garden,Product_101,5,39.26,15,Bank Transfer,Delivered,59,-10.2013,133.9729,3.0,5.0,166.86
ORD-100292,2022-08-02 07:15:10.206804,France,Clothing,Product_160,2,8.49,20,Credit Card,Delivered,71,52.4246,130.2535,4.0,14.0,13.58
ORD-100293,2022-08-03 00:47:04.282855,UK,Beauty,Product_124,8,144.85,15,Gift Card,Delivered,31,-15.9468,156.1745,5.0,18.0,984.98
ORD-100294,2022-08-03 18:18:58.358905,USA,Clothing,Product_176,2,475.72,25,Crypto,Delivered,30,38.2576,141.8228,3.0,4.0,713.58
ORD-100295,2022-08-04 11:50:52.434956,USA,Books,Product_107,3,33.47,0,PayPal,Delivered,58,-47.3222,99.4614,4.0,1.0,100.41
ORD-100296,2022-08-05 05:22:46.511007,Brazil,Beauty,Product_101,1,9.43,15,Credit Card,Delivered,24,29.0157,78.5782,2.0,7.0,8.02
ORD-100297,2022-08-05 22:54:40.587058,India,Sports,Product_4,2,34.29,15,Bank Transfer,Delivered,29,-17.2391,-84.6838,,13.0,58.29
ORD-100298,2022-08-06 16:26:34.663108,UK,Food,Product_198,7,108.62,0,Gift Card,Delivered,54,41.2166,43.6824,3.0,4.0,760.34
ORD-100299,2022-08-07 09:58:28.739159,Japan,Food,Product_110,2,15.83,25,Gift Card,Shipped,67,-41.606,7.7359,5.0,13.0,23.74
ORD-100300,2022-08-08 03:30:22.815210,Brazil,Electronics,Product_19,6,28.37,25,Credit Card,Cancelled,21,61.2143,130.2999,3.0,4.0,127.66
ORD-100301,2022-08-08 21:02:16.891260,Australia,Books,Product_32,3,49.84,20,Crypto,Delivered,19,-27.2521,-2.9835,5.0,3.0,119.62
ORD-100302,2022-08-09 14:34:10.967311,USA,Books,Product_137,4,140.28,0,Bank Transfer,Delivered,52,-12.3264,-134.0126,3.0,8.0,561.12
ORD-100303,2022-08-10 08:06:05.043362,,Home & Garden,Product_12,8,83.97,0,Credit Card,Returned,61,68.2744,-178.2099,3.0,8.0,671.76
ORD-100304,2022-08-11 01:37:59.119412,UK,Clothing,Product_139,3,88.26,0,Crypto,Delivered,20,18.0951,64.0343,3.0,17.0,264.78
ORD-100305,2022-08-11 19:09:53.195463,USA,Books,Product_46,6,19.86,15,Gift Card,Delivered,21,-10.6208,17.967,3.0,15.0,101.29
ORD-100306,2022-08-12 12:41:47.271514,France,Books,Product_119,1,53.64,15,PayPal,Delivered,55,68.1963,-60.8534,,4.0,45.59
ORD-100307,2022-08-13 06:13:41.347565,Brazil,Sports,Product_16,7,13.92,25,Bank Transfer,Shipped,29,-15.5745,-119.17,,6.0,73.08
ORD-100308,2022-08-13 23:45:35.423615,Canada,Sports,Product_129,8,91.34,15,Bank Transfer,Delivered,36,-47.1925,-11.9825,4.0,6.0,621.11
ORD-100309,2022-08-14 17:17:29.499666,USA,Beauty,Product_63,8,131.82,10,Crypto,Returned,27,74.5746,-143.8969,5.0,10.0,949.1
ORD-100310,2022-08-15 10:49:23.575717,UK,Toys,Product_109,3,64.33,0,Credit Card,Shipped,18,-23.8409,-59.0009,,4.0,192.99
ORD-100311,2022-08-16 04:21:17.651767,Germany,Toys,Product_119,1,21.31,5,Gift Card,Processing,34,54.9198,-43.4837,5.0,9.0,20.24
ORD-100312,2022-08-16 21:53:11.727818,Japan,Electronics,Product_21,9,25.93,25,Crypto,Shipped,33,-37.652,-12.3773,3.0,16.0,175.03
ORD-100313,2022-08-17 15:25:05.803869,Mexico,Toys,Product_158,6,289.4,0,PayPal,Delivered,26,38.7328,-12.0165,5.0,7.0,1736.4
ORD-100314,2022-08-18 08:56:59.879919,India,Home & Garden,Product_13,9,21.74,25,PayPal,Delivered,74,10.8007,-87.478,1.0,14.0,146.74
ORD-100315,2022-08-19 02:28:53.955970,Mexico,Electronics,Product_162,7,116.75,20,PayPal,Cancelled,70,72.4224,126.076,4.0,6.0,653.8
ORD-100316,2022-08-19 20:00:48.032021,UK,Beauty,Product_4,1,49.73,5,Crypto,Returned,26,14.6321,-52.0043,,1.0,47.24
ORD-100317,2022-08-20 13:32:42.108072,Australia,Sports,Product_156,1,22.18,20,Gift Card,Delivered,72,-56.623,-97.3486,4.0,18.0,17.74
ORD-100318,2022-08-21 07:04:36.184122,Australia,Toys,Product_102,6,6.6,0,Bank Transfer,Cancelled,26,21.5235,-116.7084,4.0,12.0,39.6
ORD-100319,2022-08-22 00:36:30.260173,Germany,Clothing,Product_59,5,42.69,0,Credit Card,Delivered,29,-40.3823,-63.8718,4.0,15.0,213.45
ORD-100320,2022-08-22 18:08:24.336224,India,Sports,Product_128,9,36.94,20,Bank Transfer,Delivered,72,47.803,-155.681,5.0,1.0,265.97
ORD-100321,2022-08-23 11:40:18.412274,Canada,Food,Product_27,2,289.41,15,Gift Card,Delivered,58,55.6367,-168.1533,,15.0,492.0
ORD-100322,2022-08-24 05:12:12.488325,Germany,Home & Garden,Product_69,8,11.8,5,Bank Transfer,Delivered,32,5.0826,37.8512,5.0,15.0,89.68
ORD-100323,2022-08-24 22:44:06.564376,Mexico,Sports,Product_25,5,519.94,15,Crypto,Delivered,19,45.7349,42.893,,16.0,2209.75
ORD-100324,2022-08-25 16:16:00.640426,Germany,Home & Garden,Product_131,2,52.17,25,PayPal,Delivered,28,-40.4101,10.6518,5.0,1.0,78.26
ORD-100325,2022-08-26 09:47:54.716477,Mexico,Home & Garden,Product_97,6,52.11,10,Gift Card,Delivered,28,6.4306,94.4227,,3.0,281.39
ORD-100326,2022-08-27 03:19:48.792528,USA,Home & Garden,Product_196,8,16.25,0,Gift Card,Delivered,25,-6.8175,-165.9058,5.0,12.0,130.0
ORD-100327,2022-08-27 20:51:42.868579,,Beauty,Product_25,4,48.31,0,Bank Transfer,Delivered,72,22.5278,156.9503,4.0,7.0,193.24
ORD-100328,2022-08-28 14:23:36.944629,USA,Home & Garden,Product_148,2,58.42,5,Crypto,Returned,49,-53.9956,-145.7766,5.0,5.0,111.0
ORD-100329,2022-08-29 07:55:31.020680,Japan,Home & Garden,Product_162,5,101.98,0,Bank Transfer,Delivered,23,41.5366,62.6483,5.0,1.0,509.9
ORD-100330,2022-08-30 01:27:25.096731,India,Food,Product_154,2,10.24,10,Bank Transfer,Delivered,70,-49.3175,-131.9772,5.0,,18.43
ORD-100331,2022-08-30 18:59:19.172781,Canada,Clothing,Product_126,2,179.13,10,Gift Card,Delivered,37,28.6237,136.766,4.0,15.0,322.43
ORD-100332,2022-08-31 12:31:13.248832,Mexico,Electronics,Product_133,6,51.1,10,Bank Transfer,Delivered,56,-57.5083,3.8568,2.0,8.0,275.94
ORD-100333,2022-09-01 06:03:07.324883,Canada,,Product_189,9,68.71,0,PayPal,Processing,52,52.3049,-150.3743,5.0,,618.39
ORD-100334,2022-09-01 23:35:01.400933,Mexico,,Product_9,4,25.4,10,Bank Transfer,Delivered,25,-36.4155,42.0207,5.0,14.0,91.44
ORD-100335,2022-09-02 17:06:55.476984,UK,Electronics,Product_116,6,10.87,10,PayPal,Processing,67,9.5922,-176.7204,,13.0,58.7
ORD-100336,2022-09-03 10:38:49.553035,Germany,Home & Garden,Product_178,7,36.14,0,Gift Card,Delivered,66,-24.6985,99.368,3.0,19.0,252.98
ORD-100337,2022-09-04 04:10:43.629086,Japan,Clothing,Product_134,6,41.46,15,Crypto,Delivered,60,37.5574,54.2106,4.0,12.0,211.45
ORD-100338,2022-09-04 21:42:37.705136,Australia,Sports,Product_60,8,6.28,25,PayPal,Delivered,51,-16.6176,-103.4551,4.0,19.0,37.68
ORD-100339,2022-09-05 15:14:31.781187,Mexico,Clothing,Product_172,4,85.79,0,Crypto,Delivered,74,37.8222,-45.0897,4.0,4.0,343.16
ORD-100340,2022-09-06 08:46:25.857238,Canada,,Product_121,1,109.49,0,Crypto,Delivered,70,-21.5424,-177.1896,4.0,4.0,109.49
ORD-100341,2022-09-07 02:18:19.933288,Japan,Home & Garden,Product_139,7,13.8,10,PayPal,Delivered,73,41.5839,69.7262,,3.0,86.94
ORD-100342,2022-09-07 19:50:14.009339,France,Clothing,Product_194,3,9.71,0,Gift Card,Delivered,36,-55.8683,-63.8395,5.0,6.0,29.13
ORD-100343,2022-09-08 13:22:08.085390,France,Toys,Product_175,6,23.02,5,Credit Card,Delivered,24,-21.753,25.772,,5.0,131.21
ORD-100344,2022-09-09 06:54:02.161440,USA,Clothing,Product_108,2,34.08,0,Crypto,Returned,48,7.3155,164.4219,,11.0,68.16
ORD-100345,2022-09-10 00:25:56.237491,Australia,Home & Garden,Product_108,9,24.12,20,Crypto,Delivered,35,-53.917,-72.192,4.0,9.0,173.66
ORD-100346,2022-09-10 17:57:50.313542,UK,Beauty,Product_131,1,30.78,15,Gift Card,Delivered,57,-34.8854,176.4856,2.0,3.0,26.16
ORD-100347,2022-09-11 11:29:44.389593,Canada,Toys,Product_76,6,43.2,25,Gift Card,Delivered,31,66.1625,47.7822,4.0,9.0,194.4
ORD-100348,2022-09-12 05:01:38.465643,Germany,Clothing,Product_30,6,6.41,0,Bank Transfer,Delivered,56,71.8726,-92.8481,5.0,12.0,38.46
ORD-100349,2022-09-12 22:33:32.541694,Germany,Books,Product_21,5,7.36,0,Gift Card,Delivered,70,39.8662,-22.76,,3.0,36.8
ORD-100350,2022-09-13 16:05:26.617745,Canada,Books,Product_156,5,1.26,0,Crypto,Cancelled,53,-25.953,86.5631,5.0,17.0,6.3
ORD-100351,2022-09-14 09:37:20.693795,,Clothing,Product_190,1,102.62,0,PayPal,Returned,34,-24.8301,-19.268,4.0,12.0,102.62
ORD-100352,2022-09-15 03:09:14.769846,UK,Beauty,Product_161,5,33.73,0,Credit Card,Delivered,54,27.1817,-155.3373,3.0,18.0,168.65
ORD-100353,2022-09-15 20:41:08.845897,Japan,Sports,Product_163,2,116.45,0,Bank Transfer,Delivered,61,-44.1241,-119.3027,2.0,4.0,232.9
ORD-100354,2022-09-16 14:13:02.921947,Mexico,Home & Garden,Product_180,7,8.45,5,PayPal,Delivered,26,68.0218,104.8672,,10.0,56.19
ORD-100355,2022-09-17 07:44:56.997998,India,Books,Product_34,3,34.1,0,Credit Card,Shipped,37,-29.6503,53.4143,5.0,18.0,102.3
ORD-100356,2022-09-18 01:16:51.074049,Mexico,Sports,Product_41,4,42.85,0,Credit Card,Delivered,62,74.9508,25.1372,4.0,8.0,171.4
ORD-100357,2022-09-18 18:48:45.150100,Mexico,Clothing,Product_51,3,16.88,0,Credit Card,Delivered,74,6.9241,-119.6561,4.0,9.0,50.64
ORD-100358,2022-09-19 12:20:39.226150,India,Food,Product_175,3,5.13,0,PayPal,Delivered,45,44.143,121.5927,5.0,19.0,15.39
ORD-100359,2022-09-20 05:52:33.302201,USA,Sports,Product_82,4,269.09,0,Bank Transfer,Shipped,67,-59.7051,165.8664,5.0,13.0,1076.36
ORD-100360,2022-09-20 23:24:27.378252,France,Toys,Product_58,5,177.53,0,Bank Transfer,Delivered,37,59.9808,-165.2806,3.0,6.0,887.65
ORD-100361,2022-09-21 16:56:21.454302,Mexico,Electronics,Product_75,1,20.94,15,Credit Card,Delivered,58,-23.5497,-151.9085,5.0,7.0,17.8
ORD-100362,2022-09-22 10:28:15.530353,India,Books,Product_185,4,61.09,15,PayPal,Shipped,53,30.1715,138.5008,4.0,6.0,207.71
ORD-100363,2022-09-23 04:00:09.606404,India,Clothing,Product_23,8,18.51,5,Credit Card,Delivered,70,48.858,113.5988,,11.0,140.68
ORD-100364,2022-09-23 21:32:03.682454,Brazil,Food,Product_176,7,10.03,20,Gift Card,Cancelled,44,-37.8401,42.4564,4.0,17.0,56.17
ORD-100365,2022-09-24 15:03:57.758505,USA,Home & Garden,Product_128,9,296.7,10,Bank Transfer,Delivered,25,-0.2612,160.1875,3.0,19.0,2403.27
ORD-100366,2022-09-25 08:35:51.834556,Australia,Food,Product_150,5,4.54,0,Crypto,Processing,49,6.6679,52.715,3.0,12.0,22.7
ORD-100367,2022-09-26 02:07:45.910607,Brazil,Beauty,Product_17,4,23.51,15,Credit Card,Shipped,18,-17.8639,-102.2453,4.0,13.0,79.93
ORD-100368,2022-09-26 19:39:39.986657,Brazil,Toys,Product_69,8,36.64,20,Gift Card,Delivered,34,5.037,82.3112,4.0,18.0,234.5
ORD-100369,2022-09-27 13:11:34.062708,Canada,Clothing,Product_108,9,240.2,25,Bank Transfer,Shipped,74,-17.1313,52.4557,4.0,7.0,1621.35
ORD-100370,2022-09-28 06:43:28.138759,France,Home & Garden,Product_139,7,97.12,25,PayPal,Delivered,26,-11.2991,174.8681,4.0,5.0,509.88
ORD-100371,2022-09-29 00:15:22.214809,India,Beauty,Product_94,7,4.45,0,Bank Transfer,Cancelled,37,30.3597,-102.9975,2.0,16.0,31.15
ORD-100372,2022-09-29 17:47:16.290860,France,Beauty,Product_15,5,33.01,25,PayPal,Delivered,62,25.4001,35.2386,5.0,4.0,123.79
ORD-100373,2022-09-30 11:19:10.366911,UK,Clothing,Product_91,4,33.96,15,PayPal,Shipped,49,-28.6441,100.8603,4.0,1.0,115.46
ORD-100374,2022-10-01 04:51:04.442961,Canada,Toys,Product_163,1,25.18,5,Credit Card,Delivered,19,61.1602,-57.9661,4.0,4.0,23.92
ORD-100375,2022-10-01 22:22:58.519012,Australia,Sports,Product_33,7,69.67,10,Credit Card,Returned,49,56.4765,-43.3154,5.0,3.0,438.92
ORD-100376,2022-10-02 15:54:52.595063,France,Sports,Product_125,1,6.1,15,Bank Transfer,Delivered,62,8.7262,139.6447,,4.0,5.18
ORD-100377,2022-10-03 09:26:46.671114,Germany,Beauty,Product_16,1,20.28,5,Gift Card,Returned,26,-1.5111,-34.4898,4.0,1.0,19.27
ORD-100378,2022-10-04 02:58:40.747164,Mexico,Sports,Product_162,5,58.83,25,Bank Transfer,Cancelled,47,-9.1244,44.9038,4.0,,220.61
ORD-100379,2022-10-04 20:30:34.823215,UK,Electronics,Product_66,9,74.85,0,Crypto,Delivered,37,35.4812,140.1257,5.0,13.0,673.65
ORD-100380,2022-10-05 14:02:28.899266,USA,Beauty,Product_168,6,39.62,10,PayPal,Processing,55,30.6749,-104.4624,,2.0,213.95
ORD-100381,2022-10-06 07:34:22.975316,Australia,Beauty,Product_156,3,23.43,5,PayPal,Returned,18,-33.5156,173.4758,3.0,9.0,66.78
ORD-100382,2022-10-07 01:06:17.051367,UK,Home & Garden,Product_47,3,28.68,20,Credit Card,Delivered,74,30.6468,72.7033,,7.0,68.83
ORD-100383,2022-10-07 18:38:11.127418,Mexico,Sports,Product_167,7,80.52,15,Gift Card,Delivered,22,-25.9218,-1.3962,2.0,13.0,479.09
ORD-100384,2022-10-08 12:10:05.203468,Canada,Toys,Product_198,6,34.49,0,Credit Card,Delivered,52,-57.4946,-24.8686,5.0,,206.94
ORD-100385,2022-10-09 05:41:59.279519,Mexico,Beauty,Product_148,9,9.49,20,Crypto,Delivered,53,34.3932,163.5713,4.0,1.0,68.33
ORD-100386,2022-10-09 23:13:53.355570,Brazil,Food,Product_124,6,7.54,5,Bank Transfer,Delivered,18,27.0471,-105.9391,5.0,18.0,42.98
ORD-100387,2022-10-10 16:45:47.431621,Mexico,Toys,Product_1,5,5.54,5,Bank Transfer,Delivered,31,-4.5407,-67.794,4.0,7.0,26.32
ORD-100388,2022-10-11 10:17:41.507671,Brazil,Electronics,Product_87,7,189.94,25,Gift Card,Delivered,26,10.9676,-69.1946,,,997.18
ORD-100389,2022-10-12 03:49:35.583722,Canada,Home & Garden,Product_128,1,87.27,20,Credit Card,Delivered,47,67.8678,-75.9577,,19.0,69.82
ORD-100390,2022-10-12 21:21:29.659773,Japan,Clothing,Product_191,7,29.14,15,Credit Card,Delivered,41,20.352,-11.3263,5.0,8.0,173.38
ORD-100391,2022-10-13 14:53:23.735823,Brazil,Toys,Product_67,3,19.21,10,Crypto,Cancelled,21,28.8143,176.1045,3.0,12.0,51.87
ORD-100392,2022-10-14 08:25:17.811874,USA,Beauty,Product_4,9,16.63,0,Bank Transfer,Shipped,67,-51.372,139.9632,4.0,11.0,149.67
ORD-100393,2022-10-15 01:57:11.887925,Mexico,Electronics,Product_186,6,122.96,25,Credit Card,Delivered,31,-37.5907,-61.9382,4.0,9.0,553.32
ORD-100394,2022-10-15 19:29:05.963975,Mexico,Books,Product_153,9,325.49,0,Gift Card,Shipped,42,-19.3714,-27.7668,4.0,4.0,2929.41
ORD-100395,2022-10-16 13:01:00.040026,USA,Electronics,Product_47,5,16.02,0,Bank Transfer,Shipped,21,12.8162,61.0131,4.0,7.0,80.1
ORD-100396,2022-10-17 06:32:54.116077,Germany,Electronics,Product_38,7,129.81,10,Crypto,Returned,42,44.8398,-173.8254,4.0,17.0,817.8
ORD-100397,2022-10-18 00:04:48.192128,India,Home & Garden,Product_143,4,34.25,25,Gift Card,Delivered,27,-16.6325,115.2553,4.0,11.0,102.75
ORD-100398,2022-10-18 17:36:42.268178,Japan,Clothing,Product_191,7,25.66,0,PayPal,Delivered,52,-11.8884,136.7273,3.0,2.0,179.62
ORD-100399,2022-10-19 11:08:36.344229,Australia,Books,Product_21,1,201.35,20,Crypto,Cancelled,72,-25.4196,128.5921,4.0,18.0,161.08
ORD-100400,2022-10-20 04:40:30.420280,,Sports,Product_57,7,32.71,5,Gift Card,Cancelled,24,-25.6277,-44.9804,3.0,12.0,217.52
ORD-100401,2022-10-20 22:12:24.496330,USA,,Product_117,8,47.26,20,Credit Card,Shipped,59,68.0966,-13.6802,3.0,9.0,302.46
ORD-100402,2022-10-21 15:44:18.572381,Canada,Toys,Product_181,5,44.61,25,PayPal,Processing,30,25.7867,-175.5402,5.0,11.0,167.29
ORD-100403,2022-10-22 09:16:12.648432,Brazil,Electronics,Product_46,2,4.71,0,Crypto,Delivered,21,-38.9533,-36.2177,,5.0,9.42
ORD-100404,2022-10-23 02:48:06.724482,India,Food,Product_142,5,46.81,20,Credit Card,Delivered,67,37.5036,-14.2463,,7.0,187.24
ORD-100405,2022-10-23 20:20:00.800533,Canada,Home & Garden,Product_145,6,16.86,20,PayPal,Delivered,60,37.4729,146.5107,4.0,1.0,80.93
ORD-100406,2022-10-24 13:51:54.876584,UK,Food,Product_39,2,6.02,0,Bank Transfer,Delivered,74,29.9735,141.8356,4.0,5.0,12.04
ORD-100407,2022-10-25 07:23:48.952635,Mexico,Home & Garden,Product_137,6,17.8,15,Credit Card,Processing,53,-41.8127,167.7949,5.0,6.0,90.78
ORD-100408,2022-10-26 00:55:43.028685,UK,Sports,Product_99,6,17.63,25,Gift Card,Delivered,73,-4.9211,138.6378,4.0,13.0,79.34
ORD-100409,2022-10-26 18:27:37.104736,Brazil,Toys,Product_77,1,113.96,0,Crypto,Delivered,31,-45.5879,-177.0477,3.0,11.0,113.96
ORD-100410,2022-10-27 11:59:31.180787,India,Toys,Product_115,1,9.24,25,PayPal,Cancelled,35,50.2438,50.9259,5.0,8.0,6.93
ORD-100411,2022-10-28 05:31:25.256837,Japan,Toys,Product_134,3,12.84,0,Credit Card,Delivered,25,28.4482,-155.4344,,2.0,38.52
ORD-100412,2022-10-28 23:03:19.332888,Brazil,Books,Product_151,3,43.92,0,Bank Transfer,Returned,49,8.4725,-81.8661,1.0,,131.76
ORD-100413,2022-10-29 16:35:13.408939,USA,Clothing,Product_187,4,6.75,0,Crypto,Returned,44,-13.6929,28.1907,,10.0,27.0
ORD-100414,2022-10-30 10:07:07.484989,France,Books,Product_91,2,15.02,10,Crypto,Delivered,59,-35.1263,72.221,,8.0,27.04
ORD-100415,2022-10-31 03:39:01.561040,Brazil,Beauty,Product_98,9,4.49,10,Credit Card,Delivered,54,-45.6296,55.6675,3.0,,36.37
ORD-100416,2022-10-31 21:10:55.637091,Mexico,Beauty,Product_120,7,99.88,20,Bank Transfer,Delivered,40,70.8475,-162.339,,15.0,559.33
ORD-100417,2022-11-01 14:42:49.713142,Mexico,Food,Product_46,7,23.07,20,PayPal,Delivered,24,-33.0474,-142.7026,4.0,6.0,129.19
ORD-100418,2022-11-02 08:14:43.789192,Brazil,,Product_38,6,32.49,5,Credit Card,Delivered,29,-51.9169,-133.7087,3.0,5.0,185.19
ORD-100419,2022-11-03 01:46:37.865243,Canada,Sports,Product_142,3,99.41,0,PayPal,Delivered,42,69.825,-147.0908,5.0,3.0,298.23
ORD-100420,2022-11-03 19:18:31.941294,France,Clothing,Product_100,6,13.92,25,Crypto,Returned,20,14.1085,-115.8356,4.0,11.0,62.64
ORD-100421,2022-11-04 12:50:26.017344,USA,Home & Garden,Product_72,8,22.77,5,PayPal,Delivered,43,47.5487,67.8556,4.0,11.0,173.05
ORD-100422,2022-11-05 06:22:20.093395,Brazil,Beauty,Product_190,8,9.32,0,Bank Transfer,Shipped,21,-54.0916,119.1014,,16.0,74.56
ORD-100423,2022-11-05 23:54:14.169446,Canada,,Product_35,9,9.3,0,Gift Card,Delivered,59,16.5377,-32.827,,3.0,83.7
ORD-100424,2022-11-06 17:26:08.245497,Mexico,Electronics,Product_147,1,10.97,10,Bank Transfer,Delivered,53,-6.2417,69.4013,4.0,9.0,9.87
ORD-100425,2022-11-07 10:58:02.321547,Mexico,Sports,Product_30,1,18.34,20,PayPal,Cancelled,32,44.2152,-107.9941,4.0,3.0,14.67
ORD-100426,2022-11-08 04:29:56.397598,India,Home & Garden,Product_78,3,20.87,10,Credit Card,Delivered,49,-54.8125,170.3809,,19.0,56.35
ORD-100427,2022-11-08 22:01:50.473649,Brazil,Food,Product_84,3,46.82,0,Crypto,Delivered,46,-5.7718,-54.0009,4.0,,140.46
ORD-100428,2022-11-09 15:33:44.549699,France,Books,Product_113,8,11.37,5,Gift Card,Shipped,27,47.8749,124.5121,1.0,14.0,86.41
ORD-100429,2022-11-10 09:05:38.625750,Germany,Home & Garden,Product_25,1,48.6,5,Credit Card,Shipped,38,10.5641,160.3319,3.0,,46.17
ORD-100430,2022-11-11 02:37:32.701801,France,Electronics,Product_168,2,59.26,0,Credit Card,Shipped,71,14.2552,131.297,,7.0,118.52
ORD-100431,2022-11-11 20:09:26.777851,Mexico,,Product_88,2,18.89,20,Bank Transfer,Delivered,33,-46.8828,-155.8556,5.0,10.0,30.22
ORD-100432,2022-11-12 13:41:20.853902,Mexico,Food,Product_14,3,12.61,20,PayPal,Delivered,64,-42.1354,54.1106,1.0,10.0,30.26
ORD-100433,2022-11-13 07:13:14.929953,UK,Beauty,Product_154,6,36.67,25,Bank Transfer,Returned,36,31.3949,-136.7673,,1.0,165.02
ORD-100434,2022-11-14 00:45:09.006004,Mexico,Home & Garden,Product_102,1,25.96,20,PayPal,Cancelled,46,31.1313,-177.9613,,6.0,20.77
ORD-100435,2022-11-14 18:17:03.082054,USA,Home & Garden,Product_150,2,43.14,0,Bank Transfer,Delivered,69,72.179,-161.358,4.0,14.0,86.28
ORD-100436,2022-11-15 11:48:57.158105,Australia,Electronics,Product_176,1,217.86,5,Credit Card,Processing,68,36.1137,149.8137,4.0,2.0,206.97
ORD-100437,2022-11-16 05:20:51.234156,Brazil,Books,Product_83,5,35.96,0,Crypto,Delivered,35,6.5879,147.0469,2.0,6.0,179.8
ORD-100438,2022-11-16 22:52:45.310206,France,,Product_110,7,15.38,5,PayPal,Delivered,61,55.7393,-98.7032,5.0,1.0,102.28
ORD-100439,2022-11-17 16:24:39.386257,Australia,Toys,Product_179,8,11.37,10,Gift Card,Delivered,74,-45.8961,16.942,2.0,3.0,81.86
ORD-100440,2022-11-18 09:56:33.462308,Canada,Sports,Product_131,1,11.91,0,Gift Card,Delivered,33,0.6549,163.8102,5.0,4.0,11.91
ORD-100441,2022-11-19 03:28:27.538358,Germany,,Product_170,7,5.72,20,Credit Card,Delivered,18,-21.2403,-1.1858,,13.0,32.03
ORD-100442,2022-11-19 21:00:21.614409,USA,Sports,Product_19,5,101.42,25,Bank Transfer,Delivered,65,-45.8739,-38.312,4.0,3.0,380.33
ORD-100443,2022-11-20 14:32:15.690460,France,Electronics,Product_28,1,2.27,25,Bank Transfer,Delivered,19,43.0728,-6.0305,3.0,15.0,1.7
ORD-100444,2022-11-21 08:04:09.766511,Australia,Electronics,Product_173,3,59.49,25,Credit Card,Processing,73,8.9569,104.4777,4.0,13.0,133.85
ORD-100445,2022-11-22 01:36:03.842561,Germany,Food,Product_71,7,11.69,15,Gift Card,Shipped,32,15.1638,-8.1801,4.0,11.0,69.56
ORD-100446,2022-11-22 19:07:57.918612,UK,Home & Garden,Product_63,1,17.91,0,Gift Card,Shipped,56,-4.4805,101.98,4.0,4.0,17.91
ORD-100447,2022-11-23 12:39:51.994663,USA,Food,Product_73,7,11.27,0,Bank Transfer,Cancelled,45,2.1455,-24.5889,4.0,17.0,78.89
ORD-100448,2022-11-24 06:11:46.070713,,Home & Garden,Product_124,5,187.74,10,PayPal,Delivered,18,-44.3377,-89.278,5.0,5.0,844.83
ORD-100449,2022-11-24 23:43:40.146764,UK,Toys,Product_119,1,33.77,20,Crypto,Delivered,22,30.8439,-62.4698,4.0,8.0,27.02
ORD-100450,2022-11-25 17:15:34.222815,Brazil,Toys,Product_121,1,85.49,10,PayPal,Processing,59,-1.6196,-151.9836,5.0,10.0,76.94
ORD-100451,2022-11-26 10:47:28.298865,UK,Beauty,Product_19,1,157.69,10,Gift Card,Delivered,39,50.2636,-0.9428,5.0,7.0,141.92
ORD-100452,2022-11-27 04:19:22.374916,,Home & Garden,Product_175,9,40.29,20,PayPal,Delivered,70,-33.5012,-126.6801,3.0,17.0,290.09
ORD-100453,2022-11-27 21:51:16.450967,USA,Books,Product_142,3,7.89,10,Crypto,Delivered,53,-32.3176,112.1569,,7.0,21.3
ORD-100454,2022-11-28 15:23:10.527018,Australia,Sports,Product_120,5,25.41,25,PayPal,Cancelled,63,27.1775,-28.5874,3.0,,95.29
ORD-100455,2022-11-29 08:55:04.603068,Mexico,Home & Garden,Product_166,9,13.59,0,PayPal,Delivered,30,54.2105,95.4008,,9.0,122.31
ORD-100456,2022-11-30 02:26:58.679119,Germany,Clothing,Product_181,6,18.1,0,PayPal,Cancelled,18,3.7467,163.6058,2.0,,108.6
ORD-100457,2022-11-30 19:58:52.755170,UK,Beauty,Product_61,9,29.56,15,PayPal,Delivered,33,38.1388,125.8121,4.0,19.0,226.13
ORD-100458,2022-12-01 13:30:46.831220,Germany,Clothing,Product_164,8,28.19,10,Credit Card,Shipped,72,74.9095,162.5269,5.0,6.0,202.97
ORD-100459,2022-12-02 07:02:40.907271,,Electronics,Product_168,8,54.3,10,Gift Card,Processing,58,73.6859,24.4571,3.0,10.0,390.96
ORD-100460,2022-12-03 00:34:34.983322,Canada,Toys,Product_30,1,64.64,5,Crypto,Shipped,39,40.4855,-120.4832,5.0,13.0,61.41
ORD-100461,2022-12-03 18:06:29.059372,USA,Sports,Product_9,9,28.19,0,Gift Card,Delivered,49,39.8442,156.7425,4.0,2.0,253.71
ORD-100462,2022-12-04 11:38:23.135423,Mexico,Home & Garden,Product_64,6,53.74,0,Credit Card,Delivered,33,-26.5715,132.6616,4.0,10.0,322.44
ORD-100463,2022-12-05 05:10:17.211474,Australia,Clothing,Product_161,9,17.13,0,Credit Card,Processing,68,52.5279,131.1887,4.0,10.0,154.17
ORD-100464,2022-12-05 22:42:11.287525,Mexico,Sports,Product_120,3,160.41,0,Credit Card,Delivered,32,-5.3112,69.5788,5.0,5.0,481.23
ORD-100465,2022-12-06 16:14:05.363575,Mexico,Electronics,Product_52,3,16.8,20,Credit Card,Delivered,63,69.8692,44.9699,3.0,4.0,40.32
ORD-100466,2022-12-07 09:45:59.439626,Mexico,Toys,Product_89,6,139.3,20,PayPal,Delivered,69,-49.0073,-174.6994,5.0,2.0,668.64
ORD-100467,2022-12-08 03:17:53.515677,Germany,Books,Product_142,9,5.63,20,Gift Card,Cancelled,59,-1.1616,89.2995,,7.0,40.54
ORD-100468,2022-12-08 20:49:47.591727,UK,Beauty,Product_53,7,20.98,15,Bank Transfer,Delivered,70,15.0385,-147.0474,5.0,18.0,124.83
ORD-100469,2022-12-09 14:21:41.667778,Japan,Sports,Product_187,3,22.26,25,Crypto,Shipped,29,-5.3039,-86.4897,5.0,17.0,50.08
ORD-100470,2022-12-10 07:53:35.743829,,Sports,Product_78,3,46.28,0,Credit Card,Delivered,18,-31.5718,18.5365,4.0,11.0,138.84
ORD-100471,2022-12-11 01:25:29.819879,France,Books,Product_41,2,93.15,15,Gift Card,Delivered,70,20.0534,-17.3763,5.0,18.0,158.36
ORD-100472,2022-12-11 18:57:23.895930,Mexico,Sports,Product_196,9,7.39,10,Credit Card,Shipped,34,42.0489,-174.3212,,8.0,59.86
ORD-100473,2022-12-12 12:29:17.971981,Brazil,Electronics,Product_68,3,8.76,20,Credit Card,Delivered,58,27.0532,116.6346,5.0,12.0,21.02
ORD-100474,2022-12-13 06:01:12.048032,Germany,Electronics,Product_8,5,6.16,10,Credit Card,Delivered,72,-28.3494,136.3683,,1.0,27.72
ORD-100475,2022-12-13 23:33:06.124082,Australia,Books,Product_2,9,161.45,20,Credit Card,Processing,68,38.7671,65.4743,,12.0,1162.44
ORD-100476,2022-12-14 17:05:00.200133,France,Beauty,Product_105,8,47.33,0,Credit Card,Processing,74,-25.3188,14.7844,4.0,6.0,378.64
ORD-100477,2022-12-15 10:36:54.276184,Japan,Home & Garden,Product_125,2,9.01,15,Crypto,Delivered,67,-36.3477,165.8656,4.0,3.0,15.32
ORD-100478,2022-12-16 04:08:48.352234,Brazil,Clothing,Product_110,3,19.46,15,Gift Card,Cancelled,45,33.2402,-136.8158,4.0,5.0,49.62
ORD-100479,2022-12-16 21:40:42.428285,Japan,Home & Garden,Product_86,2,136.74,25,Credit Card,Shipped,24,53.7763,85.6476,2.0,14.0,205.11
ORD-100480,2022-12-17 15:12:36.504336,France,Sports,Product_169,8,23.72,0,Credit Card,Cancelled,26,5.0078,-133.7902,4.0,12.0,189.76
ORD-100481,2022-12-18 08:44:30.580386,Mexico,Clothing,Product_120,6,22.1,5,Credit Card,Delivered,39,11.7379,-42.5359,3.0,13.0,125.97
ORD-100482,2022-12-19 02:16:24.656437,Brazil,Food,Product_127,6,12.97,0,Credit Card,Delivered,43,-19.1291,30.7744,,13.0,77.82
ORD-100483,2022-12-19 19:48:18.732488,Japan,Books,Product_183,9,9.68,0,PayPal,Cancelled,70,6.7734,85.3516,4.0,17.0,87.12
ORD-100484,2022-12-20 13:20:12.808539,Australia,Books,Product_16,8,137.0,15,PayPal,Cancelled,29,-42.1823,-178.6622,5.0,15.0,931.6
ORD-100485,2022-12-21 06:52:06.884589,UK,Beauty,Product_62,4,246.83,0,Bank Transfer,Delivered,24,69.0372,-86.1848,4.0,6.0,987.32
ORD-100486,2022-12-22 00:24:00.960640,USA,Clothing,Product_113,4,10.15,0,Credit Card,Delivered,63,48.0487,13.7521,,12.0,40.6
ORD-100487,2022-12-22 17:55:55.036691,,Electronics,Product_176,9,178.74,5,Bank Transfer,Delivered,64,30.1764,11.8345,,2.0,1528.23
ORD-100488,2022-12-23 11:27:49.112741,France,Clothing,Product_158,1,18.45,25,Crypto,Delivered,32,12.6562,49.5455,4.0,4.0,13.84
ORD-100489,2022-12-24 04:59:43.188792,Germany,Sports,Product_12,2,62.83,15,Bank Transfer,Delivered,55,46.9428,-70.6127,5.0,12.0,106.81
ORD-100490,2022-12-24 22:31:37.264843,USA,Electronics,Product_35,2,179.87,15,Gift Card,Delivered,38,6.7922,14.5905,5.0,3.0,305.78
ORD-100491,2022-12-25 16:03:31.340893,Canada,Toys,Product_11,6,27.82,0,PayPal,Cancelled,31,-19.5035,-111.6768,3.0,17.0,166.92
ORD-100492,2022-12-26 09:35:25.416944,Australia,Toys,Product_64,4,22.34,25,PayPal,Delivered,19,-38.3495,-112.726,4.0,6.0,67.02
ORD-100493,2022-12-27 03:07:19.492995,Canada,Food,Product_50,3,86.6,25,Credit Card,Shipped,25,27.4241,27.563,5.0,17.0,194.85
ORD-100494,2022-12-27 20:39:13.569046,,Toys,Product_149,3,8.74,20,Credit Card,Delivered,62,65.4725,66.7701,3.0,17.0,20.98
ORD-100495,2022-12-28 14:11:07.645096,USA,Books,Product_69,3,131.17,5,Crypto,Delivered,72,-39.2615,-136.656,,11.0,373.83
ORD-100496,2022-12-29 07:43:01.721147,Canada,Clothing,Product_48,6,39.31,0,Crypto,Delivered,23,-35.6976,-135.7956,4.0,7.0,235.86
ORD-100497,2022-12-30 01:14:55.797198,Canada,Toys,Product_20,8,16.56,10,Gift Card,Delivered,54,-1.4632,23.509,2.0,,119.23
ORD-100498,2022-12-30 18:46:49.873248,Japan,Home & Garden,Product_101,7,16.04,0,Credit Card,Processing,54,48.9314,-82.7655,,19.0,112.28
ORD-100499,2022-12-31 12:18:43.949299,UK,Beauty,Product_195,4,6.3,25,Credit Card,Cancelled,74,-20.3204,-38.7363,,,18.9
ORD-100500,2023-01-01 05:50:38.025350,Japan,Home & Garden,Product_172,4,17.4,0,Crypto,Delivered,50,-25.7218,-35.7306,,13.0,69.6
ORD-100501,2023-01-01 23:22:32.101400,USA,Toys,Product_161,2,24.12,15,Crypto,Delivered,58,23.6954,-115.721,2.0,,41.0
ORD-100502,2023-01-02 16:54:26.177451,USA,Food,Product_189,1,9.27,10,Crypto,Delivered,23,12.308,-179.5267,4.0,,8.34
ORD-100503,2023-01-03 10:26:20.253502,France,Beauty,Product_137,9,31.36,0,PayPal,Cancelled,69,-51.8703,127.1347,1.0,11.0,282.24
ORD-100504,2023-01-04 03:58:14.329553,Japan,Sports,Product_68,2,58.41,5,Bank Transfer,Processing,43,-48.9989,77.4007,4.0,9.0,110.98
ORD-100505,2023-01-04 21:30:08.405603,India,Home & Garden,Product_35,8,25.63,25,Bank Transfer,Delivered,56,26.8068,68.5939,2.0,9.0,153.78
ORD-100506,2023-01-05 15:02:02.481654,UK,Food,Product_65,9,73.35,0,Credit Card,Shipped,58,2.7917,16.7418,4.0,14.0,660.15
ORD-100507,2023-01-06 08:33:56.557705,USA,Clothing,Product_8,4,12.57,25,PayPal,Processing,54,71.0819,72.3491,,13.0,37.71
ORD-100508,2023-01-07 02:05:50.633755,France,Clothing,Product_45,8,110.39,0,Crypto,Delivered,31,31.6017,156.8478,4.0,11.0,883.12
ORD-100509,2023-01-07 19:37:44.709806,Japan,Home & Garden,Product_87,9,38.33,25,Credit Card,Delivered,54,-58.6401,59.6425,4.0,12.0,258.73
ORD-100510,2023-01-08 13:09:38.785857,,Toys,Product_175,5,211.52,25,PayPal,Cancelled,25,4.9375,-84.5671,2.0,3.0,793.2
ORD-100511,2023-01-09 06:41:32.861907,Japan,Food,Product_168,7,600.08,25,Gift Card,Shipped,56,-4.0495,25.4016,4.0,1.0,3150.42
ORD-100512,2023-01-10 00:13:26.937958,Canada,Clothing,Product_76,4,18.83,15,PayPal,Delivered,30,-45.5936,-20.7632,3.0,8.0,64.02
ORD-100513,2023-01-10 17:45:21.014009,France,Sports,Product_182,1,19.79,15,Credit Card,Delivered,30,64.6332,20.3109,2.0,19.0,16.82
ORD-100514,2023-01-11 11:17:15.090060,UK,Electronics,Product_76,3,24.64,10,Bank Transfer,Delivered,57,48.6765,6.3398,,13.0,66.53
ORD-100515,2023-01-12 04:49:09.166110,Mexico,Toys,Product_174,5,67.68,10,Crypto,Delivered,60,-28.9384,129.1591,5.0,7.0,304.56
ORD-100516,2023-01-12 22:21:03.242161,Brazil,Food,Product_47,3,162.58,0,Gift Card,Shipped,45,-25.4426,54.648,,13.0,487.74
ORD-100517,2023-01-13 15:52:57.318212,Brazil,Sports,Product_15,7,15.13,5,PayPal,Delivered,35,-55.6776,-112.0469,1.0,6.0,100.61
ORD-100518,2023-01-14 09:24:51.394262,UK,Food,Product_105,9,52.33,0,Credit Card,Shipped,74,-19.9431,-157.314,5.0,3.0,470.97
ORD-100519,2023-01-15 02:56:45.470313,Japan,Beauty,Product_147,6,28.13,20,Credit Card,Cancelled,36,18.924,-27.229,2.0,6.0,135.02
ORD-100520,2023-01-15 20:28:39.546364,France,Sports,Product_26,1,69.53,5,Crypto,Delivered,55,-3.1861,-174.3802,5.0,3.0,66.05
ORD-100521,2023-01-16 14:00:33.622414,Brazil,Toys,Product_52,7,202.62,5,Credit Card,Delivered,49,70.8495,-65.4129,4.0,13.0,1347.42
ORD-100522,2023-01-17 07:32:27.698465,France,,Product_93,3,24.82,5,Credit Card,Delivered,39,-52.4292,-47.5123,4.0,13.0,70.74
ORD-100523,2023-01-18 01:04:21.774516,Brazil,Toys,Product_150,5,4.46,20,Crypto,Shipped,19,19.8431,-44.788,4.0,13.0,17.84
ORD-100524,2023-01-18 18:36:15.850567,Canada,Clothing,Product_21,4,80.86,0,Gift Card,Delivered,30,55.8718,172.566,5.0,1.0,323.44
ORD-100525,2023-01-19 12:08:09.926617,Japan,Electronics,Product_51,5,12.19,20,Bank Transfer,Shipped,40,4.9,-70.5957,5.0,8.0,48.76
ORD-100526,2023-01-20 05:40:04.002668,Canada,Toys,Product_38,5,27.89,0,Bank Transfer,Cancelled,42,-59.6,-84.5181,4.0,5.0,139.45
ORD-100527,2023-01-20 23:11:58.078719,Brazil,Toys,Product_20,6,85.15,20,PayPal,Delivered,45,-27.2218,-133.4229,5.0,17.0,408.72
ORD-100528,2023-01-21 16:43:52.154769,Mexico,Clothing,Product_157,6,47.32,0,Gift Card,Cancelled,28,-16.2912,3.9632,4.0,9.0,283.92
ORD-100529,2023-01-22 10:15:46.230820,Mexico,Books,Product_179,8,29.31,25,PayPal,Returned,50,70.4093,-124.6772,5.0,13.0,175.86
ORD-100530,2023-01-23 03:47:40.306871,Canada,Clothing,Product_132,8,16.59,5,Bank Transfer,Delivered,41,63.0894,41.8661,5.0,13.0,126.08
ORD-100531,2023-01-23 21:19:34.382921,Mexico,Beauty,Product_55,9,1.02,25,Crypto,Delivered,19,68.138,-124.1425,1.0,5.0,6.88
ORD-100532,2023-01-24 14:51:28.458972,,Clothing,Product_199,8,76.55,0,Credit Card,Returned,47,51.4774,27.6024,,14.0,612.4
ORD-100533,2023-01-25 08:23:22.535023,UK,Clothing,Product_92,2,24.45,20,Bank Transfer,Returned,34,-12.5276,117.4569,5.0,11.0,39.12
ORD-100534,2023-01-26 01:55:16.611074,Canada,Electronics,Product_28,1,203.57,0,Gift Card,Delivered,57,62.2933,-164.6911,5.0,14.0,203.57
ORD-100535,2023-01-26 19:27:10.687124,Germany,Clothing,Product_4,2,53.39,20,Bank Transfer,Delivered,51,72.5274,-28.8911,,7.0,85.42
ORD-100536,2023-01-27 12:59:04.763175,Japan,Food,Product_150,2,17.3,25,Gift Card,Delivered,55,-12.7404,-14.0224,3.0,17.0,25.95
ORD-100537,2023-01-28 06:30:58.839226,Mexico,Toys,Product_76,3,119.13,15,Gift Card,Returned,39,-24.8249,104.786,5.0,4.0,303.78
ORD-100538,2023-01-29 00:02:52.915276,Mexico,Food,Product_173,7,131.81,0,Gift Card,Delivered,22,13.8337,-11.5504,,10.0,922.67
ORD-100539,2023-01-29 17:34:46.991327,USA,Electronics,Product_67,2,25.46,5,PayPal,Delivered,65,-34.7345,24.3129,,10.0,48.37
ORD-100540,2023-01-30 11:06:41.067378,India,Home & Garden,Product_86,1,138.71,0,Crypto,Processing,57,-55.5957,104.8335,3.0,15.0,138.71
ORD-100541,2023-01-31 04:38:35.143428,,Books,Product_194,6,17.01,5,Bank Transfer,Delivered,68,67.6872,21.5131,,12.0,96.96
ORD-100542,2023-01-31 22:10:29.219479,Australia,Food,Product_162,9,40.11,0,Crypto,Shipped,33,64.975,-51.0122,3.0,9.0,360.99
ORD-100543,2023-02-01 15:42:23.295530,Mexico,Electronics,Product_91,3,65.74,0,Credit Card,Delivered,30,-38.0417,-149.0968,3.0,3.0,197.22
ORD-100544,2023-02-02 09:14:17.371581,Japan,Beauty,Product_183,6,84.92,15,Bank Transfer,Cancelled,43,-4.9551,82.7696,3.0,15.0,433.09
ORD-100545,2023-02-03 02:46:11.447631,Germany,Home & Garden,Product_105,3,69.81,25,Crypto,Delivered,48,52.1899,133.6097,5.0,,157.07
ORD-100546,2023-02-03 20:18:05.523682,Mexico,Electronics,Product_1,1,22.22,15,Crypto,Shipped,69,29.235,169.2232,5.0,15.0,18.89
ORD-100547,2023-02-04 13:49:59.599733,Germany,Electronics,Product_72,5,123.03,0,Credit Card,Shipped,56,-6.7037,153.576,5.0,1.0,615.15
ORD-100548,2023-02-05 07:21:53.675783,Brazil,Books,Product_87,4,28.52,15,Gift Card,Delivered,65,40.4631,107.0704,4.0,15.0,96.97
ORD-100549,2023-02-06 00:53:47.751834,Brazil,Toys,Product_166,7,16.73,10,Bank Transfer,Delivered,40,61.1014,51.6499,5.0,11.0,105.4
ORD-100550,2023-02-06 18:25:41.827885,India,Food,Product_6,6,17.03,0,Bank Transfer,Delivered,65,65.0314,101.3257,5.0,5.0,102.18
ORD-100551,2023-02-07 11:57:35.903935,UK,Beauty,Product_153,7,339.67,25,Credit Card,Delivered,29,-8.8553,-24.4499,5.0,7.0,1783.27
ORD-100552,2023-02-08 05:29:29.979986,Australia,Sports,Product_145,5,13.59,25,Gift Card,Processing,31,-36.5693,34.1194,5.0,12.0,50.96
ORD-100553,2023-02-08 23:01:24.056037,USA,Food,Product_61,4,156.02,0,Bank Transfer,Processing,73,63.2332,-54.4681,4.0,6.0,624.08
ORD-100554,2023-02-09 16:33:18.132088,India,Sports,Product_12,7,8.48,25,Bank Transfer,Delivered,35,-47.505,-62.3847,4.0,3.0,44.52
ORD-100555,2023-02-10 10:05:12.208138,France,Electronics,Product_6,7,59.47,15,Bank Transfer,Shipped,44,37.4279,92.409,5.0,10.0,353.85
ORD-100556,2023-02-11 03:37:06.284189,USA,Clothing,Product_27,6,47.3,0,Gift Card,Shipped,45,-41.0329,-16.5842,,4.0,283.8
ORD-100557,2023-02-11 21:09:00.360240,Canada,Beauty,Product_136,8,231.71,5,Credit Card,Processing,35,-7.4328,-103.6219,4.0,,1761.0
ORD-100558,2023-02-12 14:40:54.436290,Japan,,Product_124,4,15.1,15,Bank Transfer,Delivered,33,-4.44,-107.3023,2.0,19.0,51.34
ORD-100559,2023-02-13 08:12:48.512341,France,Clothing,Product_106,5,10.84,20,Crypto,Delivered,69,-38.5677,129.3021,5.0,5.0,43.36
ORD-100560,2023-02-14 01:44:42.588392,France,Clothing,Product_193,4,28.79,0,Gift Card,Delivered,33,64.562,63.9938,4.0,18.0,115.16
ORD-100561,2023-02-14 19:16:36.664442,India,Food,Product_185,1,244.14,0,PayPal,Delivered,30,-59.6398,16.5766,3.0,,244.14
ORD-100562,2023-02-15 12:48:30.740493,UK,Beauty,Product_93,8,11.46,25,Credit Card,Delivered,46,60.6642,-35.6621,5.0,16.0,68.76
ORD-100563,2023-02-16 06:20:24.816544,India,Toys,Product_109,1,1.48,0,Crypto,Delivered,26,59.317,-24.9057,4.0,16.0,1.48
ORD-100564,2023-02-16 23:52:18.892595,Canada,Electronics,Product_99,5,35.58,5,Bank Transfer,Delivered,43,-17.2099,-159.3233,,16.0,169.0
ORD-100565,2023-02-17 17:24:12.968645,Mexico,Electronics,Product_168,6,103.49,10,PayPal,Shipped,45,35.0784,-16.2323,5.0,19.0,558.85
ORD-100566,2023-02-18 10:56:07.044696,Mexico,Electronics,Product_142,6,9.81,5,Credit Card,Delivered,58,-25.8708,106.3638,,16.0,55.92
ORD-100567,2023-02-19 04:28:01.120747,UK,Electronics,Product_35,5,91.61,15,Gift Card,Delivered,30,42.4344,-40.3249,2.0,1.0,389.34
ORD-100568,2023-02-19 21:59:55.196797,Canada,Food,Product_176,3,9.55,0,PayPal,Delivered,53,15.7512,-41.9107,,10.0,28.65
ORD-100569,2023-02-20 15:31:49.272848,UK,Sports,Product_84,5,27.77,5,PayPal,Delivered,26,-19.4696,-174.342,2.0,2.0,131.91
ORD-100570,2023-02-21 09:03:43.348899,Germany,Electronics,Product_56,8,81.71,10,Crypto,Delivered,64,-5.9683,-15.1793,3.0,14.0,588.31
ORD-100571,2023-02-22 02:35:37.424949,,Sports,Product_177,2,7.96,20,Credit Card,Delivered,31,33.135,-170.8784,1.0,8.0,12.74
ORD-100572,2023-02-22 20:07:31.501000,France,Sports,Product_141,6,41.17,0,Crypto,Delivered,68,62.3232,25.3258,3.0,6.0,247.02
ORD-100573,2023-02-23 13:39:25.577051,Australia,Toys,Product_189,9,142.3,0,Crypto,Delivered,29,-42.3519,2.442,4.0,3.0,1280.7
ORD-100574,2023-02-24 07:11:19.653102,Japan,Electronics,Product_49,8,58.48,0,Bank Transfer,Delivered,70,17.1341,122.4031,,16.0,467.84
ORD-100575,2023-02-25 00:43:13.729152,Canada,Books,Product_46,8,13.95,10,Gift Card,Delivered,74,-25.7466,29.441,5.0,17.0,100.44
ORD-100576,2023-02-25 18:15:07.805203,USA,Home & Garden,Product_113,8,204.89,25,PayPal,Cancelled,49,48.1853,-63.5662,4.0,12.0,1229.34
ORD-100577,2023-02-26 11:47:01.881254,UK,Clothing,Product_190,7,72.97,15,Credit Card,Delivered,55,-50.518,5.8432,,19.0,434.17
ORD-100578,2023-02-27 05:18:55.957304,Japan,Sports,Product_136,8,3.55,15,Gift Card,Delivered,20,33.009,71.8943,4.0,3.0,24.14
ORD-100579,2023-02-27 22:50:50.033355,USA,Beauty,Product_43,6,93.42,15,Gift Card,Delivered,74,-36.3823,-146.173,5.0,,476.44
ORD-100580,2023-02-28 16:22:44.109406,Japan,,Product_148,2,16.68,25,Credit Card,Delivered,71,20.512,43.5867,,16.0,25.02
ORD-100581,2023-03-01 09:54:38.185456,Australia,Home & Garden,Product_124,2,41.92,25,Gift Card,Delivered,69,52.8185,149.9855,4.0,11.0,62.88
ORD-100582,2023-03-02 03:26:32.261507,USA,Beauty,Product_97,8,111.01,0,Bank Transfer,Delivered,33,41.9359,-72.3131,,16.0,888.08
ORD-100583,2023-03-02 20:58:26.337558,India,Books,Product_90,1,17.12,5,Gift Card,Shipped,37,41.6473,45.585,4.0,2.0,16.26
ORD-100584,2023-03-03 14:30:20.413609,Brazil,Beauty,Product_39,6,4.6,0,Bank Transfer,Delivered,49,9.9091,115.6786,4.0,4.0,27.6
ORD-100585,2023-03-04 08:02:14.489659,India,Clothing,Product_85,6,201.67,15,PayPal,Delivered,73,60.2507,4.2503,4.0,4.0,1028.52
ORD-100586,2023-03-05 01:34:08.565710,Mexico,Clothing,Product_177,4,133.95,20,PayPal,Processing,40,19.3942,78.4726,5.0,17.0,428.64
ORD-100587,2023-03-05 19:06:02.641761,Brazil,Sports,Product_192,3,29.82,10,Crypto,Cancelled,34,63.8649,-68.0363,3.0,1.0,80.51
ORD-100588,2023-03-06 12:37:56.717811,India,Electronics,Product_62,3,92.21,0,Bank Transfer,Delivered,33,13.7805,-69.819,2.0,1.0,276.63
ORD-100589,2023-03-07 06:09:50.793862,Brazil,Toys,Product_106,1,21.26,0,PayPal,Delivered,55,8.3054,60.3302,4.0,5.0,21.26
ORD-100590,2023-03-07 23:41:44.869913,Brazil,Books,Product_107,3,37.2,0,Gift Card,Delivered,25,-29.9823,73.9472,5.0,,111.6
ORD-100591,2023-03-08 17:13:38.945963,France,Sports,Product_54,4,27.85,15,Credit Card,Delivered,36,13.5462,157.3235,,,94.69
ORD-100592,2023-03-09 10:45:33.022014,UK,Books,Product_126,5,22.32,25,Credit Card,Delivered,47,-41.021,-99.0581,,6.0,83.7
ORD-100593,2023-03-10 04:17:27.098065,UK,Electronics,Product_9,3,50.97,0,Bank Transfer,Delivered,74,57.4082,-11.4417,3.0,17.0,152.91
ORD-100594,2023-03-10 21:49:21.174116,France,Food,Product_88,6,7.77,20,Crypto,Shipped,51,31.2454,-89.8151,4.0,13.0,37.3
ORD-100595,2023-03-11 15:21:15.250166,Japan,Beauty,Product_37,5,24.49,0,Gift Card,Delivered,31,74.1408,-151.1668,5.0,8.0,122.45
ORD-100596,2023-03-12 08:53:09.326217,Germany,Beauty,Product_49,3,48.3,15,Bank Transfer,Delivered,39,-47.5668,-34.837,5.0,12.0,123.16
ORD-100597,2023-03-13 02:25:03.402268,,Toys,Product_41,6,300.58,5,Credit Card,Delivered,61,-27.5092,-45.3309,2.0,15.0,1713.31
ORD-100598,2023-03-13 19:56:57.478318,USA,Electronics,Product_17,6,8.16,0,Bank Transfer,Processing,34,58.4164,-82.6437,4.0,19.0,48.96
ORD-100599,2023-03-14 13:28:51.554369,USA,Sports,Product_88,8,61.85,0,Gift Card,Delivered,32,-6.6407,-73.0818,4.0,17.0,494.8
ORD-100600,2023-03-15 07:00:45.630420,Brazil,Toys,Product_21,2,70.54,20,PayPal,Shipped,67,2.9509,-50.2517,1.0,9.0,112.86
ORD-100601,2023-03-16 00:32:39.706470,India,Electronics,Product_51,1,3.48,0,Gift Card,Delivered,65,56.188,175.9815,,18.0,3.48
ORD-100602,2023-03-16 18:04:33.782521,India,Home & Garden,Product_59,4,54.2,0,PayPal,Delivered,49,10.4461,101.8648,4.0,2.0,216.8
ORD-100603,2023-03-17 11:36:27.858572,UK,Clothing,Product_167,7,95.23,15,PayPal,Delivered,30,-33.8808,-154.2956,3.0,11.0,566.62
ORD-100604,2023-03-18 05:08:21.934623,Canada,Toys,Product_183,3,67.11,15,PayPal,Delivered,38,60.4241,134.0687,5.0,17.0,171.13
ORD-100605,2023-03-18 22:40:16.010673,Japan,Toys,Product_41,3,29.94,20,Bank Transfer,Delivered,66,-55.8067,47.9892,3.0,18.0,71.86
ORD-100606,2023-03-19 16:12:10.086724,Mexico,Sports,Product_39,5,49.4,15,Credit Card,Delivered,57,60.8785,140.6138,5.0,15.0,209.95
ORD-100607,2023-03-20 09:44:04.162775,Australia,Books,Product_141,5,40.6,25,Bank Transfer,Delivered,50,-53.1798,-56.9845,5.0,7.0,152.25
ORD-100608,2023-03-21 03:15:58.238825,India,Home & Garden,Product_192,3,4.36,20,Credit Card,Shipped,74,29.8897,-12.7732,,16.0,10.46
ORD-100609,2023-03-21 20:47:52.314876,Australia,Sports,Product_11,9,41.76,15,Gift Card,Delivered,44,-50.3233,142.6417,2.0,1.0,319.46
ORD-100610,2023-03-22 14:19:46.390927,Brazil,Electronics,Product_147,4,21.32,0,Crypto,Delivered,52,35.3388,-81.8737,5.0,18.0,85.28
ORD-100611,2023-03-23 07:51:40.466977,Australia,Electronics,Product_139,3,14.21,10,Gift Card,Delivered,33,-55.4139,149.5803,5.0,8.0,38.37
ORD-100612,2023-03-24 01:23:34.543028,Mexico,Electronics,Product_77,2,653.25,0,Bank Transfer,Shipped,45,53.7318,118.2599,3.0,7.0,1306.5
ORD-100613,2023-03-24 18:55:28.619079,France,Food,Product_127,9,148.88,0,Bank Transfer,Returned,51,2.9024,173.0009,,2.0,1339.92
ORD-100614,2023-03-25 12:27:22.695130,Mexico,,Product_46,4,8.33,15,Credit Card,Delivered,64,-47.3837,-63.2673,3.0,12.0,28.32
ORD-100615,2023-03-26 05:59:16.771180,Australia,Books,Product_45,3,50.2,5,Bank Transfer,Delivered,18,35.4206,-95.1289,5.0,16.0,143.07
ORD-100616,2023-03-26 23:31:10.847231,Mexico,Home & Garden,Product_1,7,190.5,0,PayPal,Delivered,58,6.0542,-60.8879,5.0,9.0,1333.5
ORD-100617,2023-03-27 17:03:04.923282,Germany,Beauty,Product_168,8,5.5,0,Bank Transfer,Cancelled,65,-34.2219,163.6739,5.0,11.0,44.0
ORD-100618,2023-03-28 10:34:58.999332,Brazil,Clothing,Product_108,2,36.32,5,Credit Card,Processing,48,-57.8842,-60.0936,,15.0,69.01
ORD-100619,2023-03-29 04:06:53.075383,Japan,Books,Product_19,7,38.43,25,Credit Card,Delivered,53,-3.5702,23.4763,,3.0,201.76
ORD-100620,2023-03-29 21:38:47.151434,France,Books,Product_76,5,7.18,5,PayPal,Delivered,61,-48.4401,-34.6755,3.0,13.0,34.1
ORD-100621,2023-03-30 15:10:41.227484,India,Food,Product_72,5,52.22,15,Credit Card,Delivered,50,-47.2871,-37.3607,3.0,,221.94
ORD-100622,2023-03-31 08:42:35.303535,USA,Beauty,Product_189,3,126.41,0,Crypto,Delivered,50,-23.9105,-110.3837,3.0,2.0,379.23
ORD-100623,2023-04-01 02:14:29.379586,Japan,Beauty,Product_109,5,202.28,0,Gift Card,Shipped,56,25.1119,13.3486,4.0,6.0,1011.4
ORD-100624,2023-04-01 19:46:23.455637,USA,Clothing,Product_12,2,24.55,0,Bank Transfer,Delivered,35,11.5379,125.7855,,6.0,49.1
ORD-100625,2023-04-02 13:18:17.531687,Brazil,Clothing,Product_189,4,666.46,0,Crypto,Delivered,40,-50.6867,-162.1854,,12.0,2665.84
ORD-100626,2023-04-03 06:50:11.607738,,Beauty,Product_161,6,2.8,5,Bank Transfer,Shipped,40,70.7382,140.1216,3.0,4.0,15.96
ORD-100627,2023-04-04 00:22:05.683789,UK,Electronics,Product_45,1,50.78,25,Crypto,Processing,32,59.7678,59.5703,5.0,5.0,38.08
ORD-100628,2023-04-04 17:53:59.759839,India,Books,Product_90,4,6.08,0,Bank Transfer,Delivered,43,-25.0046,42.0257,4.0,8.0,24.32
ORD-100629,2023-04-05 11:25:53.835890,Germany,Sports,Product_103,6,36.9,10,PayPal,Shipped,47,-43.4843,45.3241,4.0,6.0,199.26
ORD-100630,2023-04-06 04:57:47.911941,UK,Clothing,Product_197,9,17.7,5,Credit Card,Delivered,42,67.2244,-73.3429,5.0,3.0,151.33
ORD-100631,2023-04-06 22:29:41.987992,Brazil,Food,Product_8,2,60.84,0,Credit Card,Cancelled,62,2.2541,-30.548,,8.0,121.68
ORD-100632,2023-04-07 16:01:36.064042,Japan,Food,Product_153,7,28.44,0,PayPal,Processing,33,-17.9925,107.7444,5.0,19.0,199.08
ORD-100633,2023-04-08 09:33:30.140093,Germany,Clothing,Product_91,6,12.29,15,Crypto,Delivered,56,6.1983,-69.7028,,11.0,62.68
ORD-100634,2023-04-09 03:05:24.216144,Mexico,Beauty,Product_174,2,13.3,0,Gift Card,Shipped,65,44.3205,-10.7927,5.0,18.0,26.6
ORD-100635,2023-04-09 20:37:18.292194,Australia,Home & Garden,Product_87,8,336.62,0,Crypto,Cancelled,62,-37.268,-172.9324,3.0,10.0,2692.96
ORD-100636,2023-04-10 14:09:12.368245,Germany,Sports,Product_158,7,56.39,5,Credit Card,Delivered,31,43.6119,84.081,3.0,12.0,374.99
ORD-100637,2023-04-11 07:41:06.444296,,Sports,Product_175,5,4.29,20,Gift Card,Delivered,34,41.1753,-29.6272,4.0,8.0,17.16
ORD-100638,2023-04-12 01:13:00.520346,Canada,Clothing,Product_177,5,64.13,20,Bank Transfer,Processing,29,12.812,9.1292,5.0,19.0,256.52
ORD-100639,2023-04-12 18:44:54.596397,Australia,Electronics,Product_175,7,26.22,25,Gift Card,Delivered,46,56.8887,-138.7118,5.0,16.0,137.66
ORD-100640,2023-04-13 12:16:48.672448,USA,Home & Garden,Product_84,9,33.3,0,Crypto,Delivered,49,-42.1606,177.0171,,18.0,299.7
ORD-100641,2023-04-14 05:48:42.748499,India,Sports,Product_82,9,88.58,0,PayPal,Cancelled,73,20.3897,-71.1116,,9.0,797.22
ORD-100642,2023-04-14 23:20:36.824549,,Clothing,Product_146,9,136.99,15,Bank Transfer,Shipped,41,0.6613,48.5963,4.0,4.0,1047.97
ORD-100643,2023-04-15 16:52:30.900600,Germany,Food,Product_194,6,11.82,15,Crypto,Delivered,69,-2.9906,29.2451,3.0,,60.28
ORD-100644,2023-04-16 10:24:24.976651,,Sports,Product_68,6,31.95,0,Bank Transfer,Delivered,30,-25.9043,102.6332,5.0,2.0,191.7
ORD-100645,2023-04-17 03:56:19.052701,Brazil,Toys,Product_161,3,17.2,0,Gift Card,Delivered,73,-9.7422,-74.2187,,9.0,51.6
ORD-100646,2023-04-17 21:28:13.128752,Mexico,Home & Garden,Product_127,1,67.78,15,Credit Card,Delivered,37,-45.3996,92.1338,3.0,,57.61
ORD-100647,2023-04-18 15:00:07.204803,Japan,Home & Garden,Product_164,7,25.06,20,Crypto,Delivered,32,-26.0341,-42.2994,,18.0,140.34
ORD-100648,2023-04-19 08:32:01.280853,India,Toys,Product_82,4,34.3,0,PayPal,Shipped,73,-23.2847,-31.9821,4.0,11.0,137.2
ORD-100649,2023-04-20 02:03:55.356904,USA,Books,Product_147,1,23.94,5,Gift Card,Delivered,70,37.2902,62.1765,3.0,,22.74
ORD-100650,2023-04-20 19:35:49.432955,USA,Food,Product_156,8,29.16,10,Crypto,Delivered,21,-53.4457,102.3429,5.0,6.0,209.95
ORD-100651,2023-04-21 13:07:43.509006,Germany,Toys,Product_168,6,256.1,0,PayPal,Delivered,71,27.911,60.072,4.0,,1536.6
ORD-100652,2023-04-22 06:39:37.585056,Japan,Beauty,Product_84,6,583.43,25,Crypto,Returned,51,-30.1097,143.9566,2.0,16.0,2625.44
ORD-100653,2023-04-23 00:11:31.661107,UK,Beauty,Product_113,2,52.07,25,Gift Card,Delivered,45,-48.9487,-77.3427,,4.0,78.1
ORD-100654,2023-04-23 17:43:25.737158,USA,Clothing,Product_76,1,29.37,15,Crypto,Delivered,67,-19.3912,144.222,5.0,2.0,24.96
ORD-100655,2023-04-24 11:15:19.813208,Brazil,Home & Garden,Product_122,2,4.88,5,Bank Transfer,Delivered,19,-29.6962,-132.8891,5.0,7.0,9.27
ORD-100656,2023-04-25 04:47:13.889259,Canada,Books,Product_143,4,13.3,10,Gift Card,Delivered,74,14.5244,57.4309,5.0,,47.88
ORD-100657,2023-04-25 22:19:07.965310,India,,Product_41,2,28.44,25,Crypto,Delivered,64,-11.7542,17.147,2.0,,42.66
ORD-100658,2023-04-26 15:51:02.041360,USA,Sports,Product_167,1,14.04,0,Credit Card,Delivered,47,70.4092,-1.9311,5.0,,14.04
ORD-100659,2023-04-27 09:22:56.117411,Brazil,Sports,Product_2,7,15.93,0,Crypto,Delivered,43,70.0792,-68.0717,4.0,17.0,111.51
ORD-100660,2023-04-28 02:54:50.193462,Brazil,Toys,Product_191,8,219.31,0,Bank Transfer,Delivered,68,-0.0984,1.3438,,4.0,1754.48
ORD-100661,2023-04-28 20:26:44.269513,India,Books,Product_29,6,34.28,10,PayPal,Delivered,64,47.3368,-121.7616,5.0,19.0,185.11
ORD-100662,2023-04-29 13:58:38.345563,,Toys,Product_105,4,38.16,0,PayPal,Delivered,43,-58.2087,-47.0445,2.0,7.0,152.64
ORD-100663,2023-04-30 07:30:32.421614,Brazil,Food,Product_194,6,14.75,25,PayPal,Delivered,37,13.9546,-144.4749,4.0,11.0,66.38
ORD-100664,2023-05-01 01:02:26.497665,Canada,Toys,Product_51,3,136.05,0,Credit Card,Delivered,59,40.3454,25.8648,1.0,13.0,408.15
ORD-100665,2023-05-01 18:34:20.573715,Brazil,Sports,Product_75,8,25.66,20,Bank Transfer,Delivered,45,-30.7127,-145.5236,4.0,3.0,164.22
ORD-100666,2023-05-02 12:06:14.649766,Brazil,Home & Garden,Product_10,2,17.72,15,Gift Card,Delivered,73,-51.7418,-122.2759,3.0,14.0,30.12
ORD-100667,2023-05-03 05:38:08.725817,Brazil,Toys,Product_142,5,4.97,25,PayPal,Shipped,37,-38.9509,-149.232,5.0,,18.64
ORD-100668,2023-05-03 23:10:02.801867,Mexico,Electronics,Product_51,1,30.77,25,Bank Transfer,Delivered,28,-0.3505,-42.7282,,18.0,23.08
ORD-100669,2023-05-04 16:41:56.877918,Mexico,Home & Garden,Product_118,6,17.07,25,Crypto,Delivered,27,8.3601,123.105,4.0,5.0,76.82
ORD-100670,2023-05-05 10:13:50.953969,UK,Books,Product_121,2,250.01,0,Credit Card,Delivered,40,-8.5805,146.4827,5.0,13.0,500.02
ORD-100671,2023-05-06 03:45:45.030020,USA,Books,Product_39,4,302.68,5,Bank Transfer,Returned,54,-0.6035,-154.1198,5.0,13.0,1150.18
ORD-100672,2023-05-06 21:17:39.106070,Brazil,Toys,Product_28,6,7.52,25,Bank Transfer,Cancelled,58,3.4817,48.4381,4.0,14.0,33.84
ORD-100673,2023-05-07 14:49:33.182121,Japan,Home & Garden,Product_3,8,8.61,0,Gift Card,Delivered,69,43.8739,66.3788,4.0,,68.88
ORD-100674,2023-05-08 08:21:27.258172,USA,Sports,Product_84,8,23.77,20,Bank Transfer,Delivered,36,-45.7923,12.1572,,13.0,152.13
ORD-100675,2023-05-09 01:53:21.334222,UK,Sports,Product_198,6,12.44,25,Gift Card,Delivered,62,43.8083,60.1146,,18.0,55.98
ORD-100676,2023-05-09 19:25:15.410273,France,Beauty,Product_155,4,42.99,0,Credit Card,Delivered,35,32.9647,-95.8713,,,171.96
ORD-100677,2023-05-10 12:57:09.486324,USA,Books,Product_117,8,22.38,0,Credit Card,Delivered,66,40.1242,-3.7281,2.0,4.0,179.04
ORD-100678,2023-05-11 06:29:03.562374,USA,Clothing,Product_2,8,46.37,5,Crypto,Shipped,44,39.1532,-39.2847,4.0,10.0,352.41
ORD-100679,2023-05-12 00:00:57.638425,Australia,,Product_93,1,112.09,10,Gift Card,Delivered,23,3.5299,-147.7051,1.0,5.0,100.88
ORD-100680,2023-05-12 17:32:51.714476,Germany,Sports,Product_166,4,9.23,0,Gift Card,Cancelled,27,-31.461,45.2003,,18.0,36.92
ORD-100681,2023-05-13 11:04:45.790527,Australia,Home & Garden,Product_131,4,109.32,20,PayPal,Delivered,19,12.4449,-1.7225,4.0,8.0,349.82
ORD-100682,2023-05-14 04:36:39.866577,Canada,Food,Product_144,7,13.81,15,PayPal,Processing,41,69.3276,-80.9374,2.0,14.0,82.17
ORD-100683,2023-05-14 22:08:33.942628,Mexico,Sports,Product_94,7,436.23,20,Crypto,Processing,55,19.451,-9.4733,3.0,2.0,2442.89
ORD-100684,2023-05-15 15:40:28.018679,Mexico,Home & Garden,Product_40,8,231.64,0,Credit Card,Delivered,45,-58.5086,99.1073,4.0,8.0,1853.12
ORD-100685,2023-05-16 09:12:22.094729,Germany,Beauty,Product_2,5,28.91,0,PayPal,Delivered,45,-51.939,108.5968,5.0,16.0,144.55
ORD-100686,2023-05-17 02:44:16.170780,India,Books,Product_81,7,10.42,5,Bank Transfer,Delivered,70,74.0366,53.8294,4.0,7.0,69.29
ORD-100687,2023-05-17 20:16:10.246831,India,Sports,Product_169,8,8.28,10,Credit Card,Delivered,62,-50.2872,-11.6108,5.0,,59.62
ORD-100688,2023-05-18 13:48:04.322881,UK,Toys,Product_12,9,94.48,10,Bank Transfer,Delivered,67,-53.7839,27.2699,2.0,4.0,765.29
ORD-100689,2023-05-19 07:19:58.398932,Germany,Home & Garden,Product_163,3,31.93,5,Gift Card,Delivered,56,-12.3417,-41.3945,,7.0,91.0
ORD-100690,2023-05-20 00:51:52.474983,,Books,Product_65,3,100.71,25,Credit Card,Delivered,19,70.8578,-134.4397,1.0,4.0,226.6
ORD-100691,2023-05-20 18:23:46.551034,India,Food,Product_55,4,466.41,20,Crypto,Cancelled,63,-16.9789,-41.1766,4.0,9.0,1492.51
ORD-100692,2023-05-21 11:55:40.627084,Brazil,Food,Product_45,5,13.14,0,Gift Card,Delivered,22,-4.6656,10.9198,,17.0,65.7
ORD-100693,2023-05-22 05:27:34.703135,Japan,Clothing,Product_101,1,7.57,20,Gift Card,Returned,67,25.6004,35.5802,2.0,,6.06
ORD-100694,2023-05-22 22:59:28.779186,USA,Home & Garden,Product_62,7,41.72,20,Bank Transfer,Delivered,28,-56.7449,156.8884,4.0,,233.63
ORD-100695,2023-05-23 16:31:22.855236,Canada,Beauty,Product_49,9,130.81,0,Gift Card,Processing,27,61.1981,99.84,,14.0,1177.29
ORD-100696,2023-05-24 10:03:16.931287,Brazil,Clothing,Product_127,8,10.71,0,PayPal,Delivered,60,10.1248,-125.2827,5.0,13.0,85.68
ORD-100697,2023-05-25 03:35:11.007338,Brazil,Clothing,Product_153,5,34.52,10,Credit Card,Delivered,19,3.0195,-117.2944,5.0,,155.34
ORD-100698,2023-05-25 21:07:05.083388,Germany,Electronics,Product_23,4,171.41,15,PayPal,Cancelled,32,56.1981,-143.8219,5.0,13.0,582.79
ORD-100699,2023-05-26 14:38:59.159439,UK,Sports,Product_152,7,4.67,20,Bank Transfer,Delivered,56,68.6653,85.7454,,17.0,26.15
ORD-100700,2023-05-27 08:10:53.235490,Canada,Home & Garden,Product_38,5,43.92,0,Bank Transfer,Shipped,58,-2.8376,74.204,5.0,15.0,219.6
ORD-100701,2023-05-28 01:42:47.311541,India,Clothing,Product_28,7,17.32,20,Credit Card,Delivered,54,-36.7205,175.0906,,18.0,96.99
ORD-100702,2023-05-28 19:14:41.387591,Germany,Electronics,Product_21,1,38.44,0,Gift Card,Delivered,24,50.1208,7.9284,4.0,11.0,38.44
ORD-100703,2023-05-29 12:46:35.463642,India,,Product_182,1,77.61,25,Crypto,Delivered,37,-5.5598,117.5094,,4.0,58.21
ORD-100704,2023-05-30 06:18:29.539693,Germany,Books,Product_107,3,43.16,0,Bank Transfer,Shipped,51,66.2986,27.5183,4.0,11.0,129.48
ORD-100705,2023-05-30 23:50:23.615743,Germany,Toys,Product_146,2,9.85,0,Credit Card,Delivered,52,68.2364,134.6712,,,19.7
ORD-100706,2023-05-31 17:22:17.691794,Germany,Toys,Product_164,2,18.15,5,Crypto,Shipped,51,-44.4981,79.5676,,13.0,34.48
ORD-100707,2023-06-01 10:54:11.767845,UK,Home & Garden,Product_99,7,183.44,0,Gift Card,Cancelled,70,69.1348,51.4382,,8.0,1284.08
ORD-100708,2023-06-02 04:26:05.843895,Germany,Clothing,Product_173,2,49.14,20,Bank Transfer,Delivered,39,-10.2835,23.4442,5.0,13.0,78.62
ORD-100709,2023-06-02 21:57:59.919946,France,Toys,Product_119,4,90.77,5,Credit Card,Delivered,48,27.2441,80.2694,4.0,9.0,344.93
ORD-100710,2023-06-03 15:29:53.995997,Japan,Sports,Product_73,2,44.72,5,Credit Card,Shipped,40,-55.3087,-28.9246,,1.0,84.97
ORD-100711,2023-06-04 09:01:48.072048,India,Toys,Product_181,6,87.44,5,Credit Card,Delivered,36,59.9994,-145.2324,4.0,1.0,498.41
ORD-100712,2023-06-05 02:33:42.148098,USA,Toys,Product_122,8,20.59,0,Bank Transfer,Delivered,21,26.6156,-165.605,5.0,15.0,164.72
ORD-100713,2023-06-05 20:05:36.224149,Australia,Toys,Product_30,4,13.18,10,Crypto,Delivered,41,26.8799,-7.5515,4.0,4.0,47.45
ORD-100714,2023-06-06 13:37:30.300200,Canada,Food,Product_188,5,82.8,20,Credit Card,Delivered,37,61.7938,35.745,4.0,1.0,331.2
ORD-100715,2023-06-07 07:09:24.376250,Mexico,Electronics,Product_108,4,128.1,0,Gift Card,Delivered,56,8.6269,-151.6143,4.0,12.0,512.4
ORD-100716,2023-06-08 00:41:18.452301,UK,Clothing,Product_98,3,11.05,0,Credit Card,Delivered,45,-4.5803,-76.7147,4.0,11.0,33.15
ORD-100717,2023-06-08 18:13:12.528352,USA,Sports,Product_32,5,16.59,10,Crypto,Processing,71,56.9274,-64.0684,5.0,19.0,74.66
ORD-100718,2023-06-09 11:45:06.604402,Brazil,Clothing,Product_195,9,27.22,20,Bank Transfer,Delivered,56,40.2268,22.6064,2.0,,195.98
ORD-100719,2023-06-10 05:17:00.680453,France,Food,Product_195,8,231.32,25,Credit Card,Delivered,34,68.1117,-79.7463,4.0,10.0,1387.92
ORD-100720,2023-06-10 22:48:54.756504,Mexico,Home & Garden,Product_156,8,65.09,25,Credit Card,Returned,36,66.9165,-145.5665,3.0,1.0,390.54
ORD-100721,2023-06-11 16:20:48.832555,Australia,Home & Garden,Product_172,8,6.76,0,Gift Card,Shipped,71,-8.386,-120.6516,,3.0,54.08
ORD-100722,2023-06-12 09:52:42.908605,USA,Home & Garden,Product_79,8,29.62,5,Gift Card,Processing,65,0.3431,-117.3788,3.0,14.0,225.11
ORD-100723,2023-06-13 03:24:36.984656,Mexico,Beauty,Product_41,7,24.65,0,Credit Card,Delivered,52,-25.442,123.3702,,,172.55
ORD-100724,2023-06-13 20:56:31.060707,,Toys,Product_63,8,8.1,20,Credit Card,Processing,49,29.1875,-77.6449,3.0,1.0,51.84
ORD-100725,2023-06-14 14:28:25.136757,France,Beauty,Product_23,8,29.2,0,Gift Card,Delivered,64,-10.7868,77.289,,,233.6
ORD-100726,2023-06-15 08:00:19.212808,Australia,Electronics,Product_104,8,23.38,20,Crypto,Delivered,63,46.1236,24.4219,5.0,1.0,149.63
ORD-100727,2023-06-16 01:32:13.288859,Brazil,Home & Garden,Product_75,7,21.46,10,PayPal,Delivered,64,-43.5906,171.734,3.0,15.0,135.2
ORD-100728,2023-06-16 19:04:07.364909,Germany,Food,Product_48,1,20.31,25,PayPal,Delivered,63,-44.2856,-81.7838,5.0,3.0,15.23
ORD-100729,2023-06-17 12:36:01.440960,India,Sports,Product_160,4,193.58,15,Credit Card,Processing,56,-32.3985,-122.9857,3.0,12.0,658.17
ORD-100730,2023-06-18 06:07:55.517011,Brazil,Clothing,Product_57,4,21.4,10,Gift Card,Delivered,74,-48.6206,-161.2664,4.0,19.0,77.04
ORD-100731,2023-06-18 23:39:49.593062,Germany,Toys,Product_118,5,35.15,20,Bank Transfer,Shipped,52,23.7043,-93.2545,4.0,16.0,140.6
ORD-100732,2023-06-19 17:11:43.669112,UK,,Product_100,6,30.86,0,Bank Transfer,Shipped,47,-40.1074,66.2655,4.0,8.0,185.16
ORD-100733,2023-06-20 10:43:37.745163,Japan,Sports,Product_124,4,18.07,20,PayPal,Delivered,34,-38.405,-149.307,,14.0,57.82
ORD-100734,2023-06-21 04:15:31.821214,Canada,,Product_161,2,36.43,20,Crypto,Delivered,59,-58.0792,-91.9073,4.0,,58.29
ORD-100735,2023-06-21 21:47:25.897264,Canada,Beauty,Product_152,6,35.82,0,PayPal,Delivered,64,45.5822,127.911,3.0,,214.92
ORD-100736,2023-06-22 15:19:19.973315,India,Beauty,Product_167,8,36.44,0,Credit Card,Delivered,46,49.66,29.8631,4.0,2.0,291.52
ORD-100737,2023-06-23 08:51:14.049366,Australia,Sports,Product_34,8,11.81,0,Crypto,Delivered,23,-38.127,-154.9722,,12.0,94.48
ORD-100738,2023-06-24 02:23:08.125416,France,Beauty,Product_184,7,25.86,20,Bank Transfer,Returned,34,39.8358,-162.8341,5.0,17.0,144.82
ORD-100739,2023-06-24 19:55:02.201467,Australia,Home & Garden,Product_156,6,82.47,5,Gift Card,Delivered,34,-1.4714,-157.9958,,2.0,470.08
ORD-100740,2023-06-25 13:26:56.277518,France,Electronics,Product_165,2,26.69,0,Gift Card,Delivered,31,-27.6547,159.075,3.0,17.0,53.38
ORD-100741,2023-06-26 06:58:50.353569,Australia,Clothing,Product_7,7,40.21,10,Credit Card,Cancelled,41,23.8869,125.9537,3.0,7.0,253.32
ORD-100742,2023-06-27 00:30:44.429619,Japan,Electronics,Product_196,5,40.47,0,PayPal,Delivered,74,-35.9046,124.1784,1.0,6.0,202.35
ORD-100743,2023-06-27 18:02:38.505670,,,Product_165,6,54.65,10,Credit Card,Shipped,67,42.1793,152.718,5.0,6.0,295.11
ORD-100744,2023-06-28 11:34:32.581721,UK,Clothing,Product_56,8,64.74,25,Gift Card,Delivered,74,-53.5719,1.8919,5.0,8.0,388.44
ORD-100745,2023-06-29 05:06:26.657771,Germany,Food,Product_65,8,26.87,20,Bank Transfer,Delivered,54,69.4827,-90.9559,4.0,5.0,171.97
ORD-100746,2023-06-29 22:38:20.733822,Mexico,,Product_193,3,11.09,10,Gift Card,Delivered,57,-50.2968,-35.5147,4.0,,29.94
ORD-100747,2023-06-30 16:10:14.809873,UK,Electronics,Product_47,7,7.67,10,Crypto,Delivered,56,18.2255,78.7911,3.0,7.0,48.32
ORD-100748,2023-07-01 09:42:08.885923,UK,Sports,Product_148,1,112.31,0,Gift Card,Delivered,72,61.7962,135.3718,4.0,,112.31
ORD-100749,2023-07-02 03:14:02.961974,,Clothing,Product_19,1,83.45,10,Gift Card,Shipped,49,-58.3929,-23.3673,5.0,10.0,75.1
ORD-100750,2023-07-02 20:45:57.038025,Brazil,Food,Product_157,7,72.19,5,Crypto,Delivered,53,7.2995,12.7371,4.0,3.0,480.06
ORD-100751,2023-07-03 14:17:51.114076,Germany,Food,Product_188,9,87.66,5,PayPal,Cancelled,67,-12.7491,155.4419,5.0,14.0,749.49
ORD-100752,2023-07-04 07:49:45.190126,Mexico,Food,Product_146,7,27.28,0,Gift Card,Delivered,54,18.3448,-141.3005,4.0,3.0,190.96
ORD-100753,2023-07-05 01:21:39.266177,India,Electronics,Product_163,5,15.64,20,Credit Card,Delivered,65,-29.5633,130.4277,,1.0,62.56
ORD-100754,2023-07-05 18:53:33.342228,,Clothing,Product_171,8,10.21,15,Gift Card,Delivered,31,-51.2386,-122.6493,4.0,1.0,69.43
ORD-100755,2023-07-06 12:25:27.418278,India,Books,Product_126,2,8.96,25,Credit Card,Cancelled,44,24.501,-5.8099,,19.0,13.44
ORD-100756,2023-07-07 05:57:21.494329,USA,Sports,Product_139,9,141.82,10,Crypto,Delivered,36,-3.7254,-101.3677,,4.0,1148.74
ORD-100757,2023-07-07 23:29:15.570380,Brazil,Home & Garden,Product_49,6,18.32,10,Gift Card,Delivered,48,24.0355,37.0611,4.0,2.0,98.93
ORD-100758,2023-07-08 17:01:09.646430,Japan,Clothing,Product_113,9,117.43,0,Crypto,Cancelled,63,-31.5772,21.0864,4.0,11.0,1056.87
ORD-100759,2023-07-09 10:33:03.722481,,Food,Product_38,2,26.46,0,Crypto,Delivered,26,-14.2699,-43.1973,5.0,12.0,52.92
ORD-100760,2023-07-10 04:04:57.798532,Germany,Books,Product_64,3,14.71,15,PayPal,Cancelled,55,15.827,130.7893,4.0,13.0,37.51
ORD-100761,2023-07-10 21:36:51.874583,USA,Home & Garden,Product_69,8,8.91,0,Gift Card,Delivered,34,20.0702,57.5328,4.0,16.0,71.28
ORD-100762,2023-07-11 15:08:45.950633,Mexico,Home & Garden,Product_136,1,16.35,25,Credit Card,Shipped,36,-9.7375,79.6338,,16.0,12.26
ORD-100763,2023-07-12 08:40:40.026684,Japan,Toys,Product_162,7,181.61,15,Credit Card,Cancelled,61,-22.1928,-125.7625,4.0,19.0,1080.58
ORD-100764,2023-07-13 02:12:34.102735,Mexico,Clothing,Product_176,7,9.02,10,Gift Card,Shipped,21,-23.0504,137.9396,3.0,9.0,56.83
ORD-100765,2023-07-13 19:44:28.178785,,Electronics,Product_116,1,419.93,0,PayPal,Delivered,65,-36.4156,-119.8655,,16.0,419.93
ORD-100766,2023-07-14 13:16:22.254836,Japan,Clothing,Product_184,9,12.08,20,PayPal,Delivered,74,-16.0703,-99.7974,1.0,7.0,86.98
ORD-100767,2023-07-15 06:48:16.330887,India,Books,Product_65,8,81.45,0,PayPal,Cancelled,28,-33.0756,-133.9002,3.0,13.0,651.6
ORD-100768,2023-07-16 00:20:10.406937,Australia,Home & Garden,Product_31,4,27.82,20,Credit Card,Delivered,39,25.5651,-21.4707,4.0,4.0,89.02
ORD-100769,2023-07-16 17:52:04.482988,USA,Clothing,Product_132,5,22.54,0,Crypto,Delivered,21,16.824,139.5753,3.0,13.0,112.7
ORD-100770,2023-07-17 11:23:58.559039,Mexico,Electronics,Product_113,2,7.2,15,PayPal,Shipped,34,-8.3505,-89.1189,5.0,,12.24
ORD-100771,2023-07-18 04:55:52.635090,France,Toys,Product_109,9,29.43,0,Credit Card,Delivered,25,-16.0129,-45.4488,4.0,2.0,264.87
ORD-100772,2023-07-18 22:27:46.711140,USA,Clothing,Product_178,6,8.25,10,Credit Card,Delivered,63,-27.9221,124.5839,4.0,7.0,44.55
ORD-100773,2023-07-19 15:59:40.787191,Australia,Sports,Product_69,3,4.4,0,Crypto,Delivered,51,12.2869,42.4135,3.0,11.0,13.2
ORD-100774,2023-07-20 09:31:34.863242,USA,Toys,Product_158,7,38.23,20,Gift Card,Delivered,28,64.0519,90.5819,3.0,17.0,214.09
ORD-100775,2023-07-21 03:03:28.939292,UK,Electronics,Product_120,9,15.45,0,Gift Card,Delivered,48,32.5699,-102.96,4.0,14.0,139.05
ORD-100776,2023-07-21 20:35:23.015343,France,Books,Product_88,3,249.94,0,PayPal,Shipped,28,40.496,77.9364,,13.0,749.82
ORD-100777,2023-07-22 14:07:17.091394,Australia,Home & Garden,Product_187,2,109.95,5,PayPal,Delivered,73,52.641,-98.0602,,,208.9
ORD-100778,2023-07-23 07:39:11.167444,India,Clothing,Product_67,7,253.89,0,Crypto,Processing,71,-12.5293,175.433,3.0,,1777.23
ORD-100779,2023-07-24 01:11:05.243495,,Electronics,Product_75,7,14.63,15,PayPal,Cancelled,73,-51.5118,21.559,5.0,3.0,87.05
ORD-100780,2023-07-24 18:42:59.319546,Canada,Toys,Product_45,4,38.99,0,Crypto,Shipped,55,24.0454,70.4301,3.0,13.0,155.96
ORD-100781,2023-07-25 12:14:53.395597,Australia,Sports,Product_4,9,1.43,0,Credit Card,Delivered,70,-34.5292,-137.3754,,13.0,12.87
ORD-100782,2023-07-26 05:46:47.471647,,Electronics,Product_154,8,23.61,10,PayPal,Shipped,38,16.8209,-89.7638,4.0,9.0,169.99
ORD-100783,2023-07-26 23:18:41.547698,,Beauty,Product_155,1,37.27,10,Credit Card,Delivered,63,39.8339,-129.6934,2.0,18.0,33.54
ORD-100784,2023-07-27 16:50:35.623749,Australia,Food,Product_174,1,39.84,5,Bank Transfer,Delivered,47,45.7912,-39.5385,4.0,,37.85
ORD-100785,2023-07-28 10:22:29.699799,UK,Sports,Product_107,5,31.47,15,Crypto,Shipped,27,-19.2517,-77.7111,1.0,11.0,133.75
ORD-100786,2023-07-29 03:54:23.775850,Canada,Toys,Product_192,6,35.87,20,Bank Transfer,Delivered,43,9.1785,83.852,4.0,2.0,172.18
ORD-100787,2023-07-29 21:26:17.851901,UK,Books,Product_51,3,1.28,0,PayPal,Cancelled,44,23.8303,-140.8648,,17.0,3.84
ORD-100788,2023-07-30 14:58:11.927951,Canada,Home & Garden,Product_50,9,45.04,0,Credit Card,Delivered,25,50.6299,90.7414,2.0,4.0,405.36
ORD-100789,2023-07-31 08:30:06.004002,Germany,Toys,Product_6,6,59.15,0,PayPal,Shipped,56,42.7875,-163.5463,5.0,18.0,354.9
ORD-100790,2023-08-01 02:02:00.080053,Mexico,Food,Product_59,4,164.95,20,Bank Transfer,Delivered,25,73.3767,-107.2736,4.0,8.0,527.84
ORD-100791,2023-08-01 19:33:54.156104,India,Books,Product_125,7,51.55,0,PayPal,Cancelled,25,-58.9086,105.1074,5.0,19.0,360.85
ORD-100792,2023-08-02 13:05:48.232154,UK,Clothing,Product_143,8,28.31,0,Gift Card,Delivered,72,-0.9389,87.3996,2.0,12.0,226.48
ORD-100793,2023-08-03 06:37:42.308205,UK,Electronics,Product_30,9,124.7,15,Bank Transfer,Delivered,51,-25.434,-8.5226,5.0,11.0,953.96
ORD-100794,2023-08-04 00:09:36.384256,Japan,Beauty,Product_170,6,1.96,0,PayPal,Delivered,33,-43.8144,-162.0062,2.0,16.0,11.76
ORD-100795,2023-08-04 17:41:30.460306,Canada,Sports,Product_122,6,17.85,0,Credit Card,Delivered,58,63.0546,39.5617,4.0,5.0,107.1
ORD-100796,2023-08-05 11:13:24.536357,Brazil,Sports,Product_125,8,13.21,5,PayPal,Delivered,30,74.7249,-33.5793,,3.0,100.4
ORD-100797,2023-08-06 04:45:18.612408,Mexico,,Product_37,5,31.77,0,Credit Card,Delivered,40,-35.6195,-66.0499,3.0,12.0,158.85
ORD-100798,2023-08-06 22:17:12.688458,Canada,Beauty,Product_170,3,2.37,0,Gift Card,Delivered,29,-54.8115,50.5478,,15.0,7.11
ORD-100799,2023-08-07 15:49:06.764509,Japan,Electronics,Product_124,3,161.35,0,PayPal,Delivered,44,-22.8676,-22.8188,5.0,,484.05
ORD-100800,2023-08-08 09:21:00.840560,USA,Clothing,Product_101,6,24.54,10,Gift Card,Delivered,39,52.7064,-146.7284,4.0,13.0,132.52
ORD-100801,2023-08-09 02:52:54.916611,Canada,Food,Product_35,2,48.55,10,Bank Transfer,Processing,49,-20.3248,149.7422,4.0,7.0,87.39
ORD-100802,2023-08-09 20:24:48.992661,India,Books,Product_87,6,43.28,5,Credit Card,Shipped,74,-52.3183,100.2575,,,246.7
ORD-100803,2023-08-10 13:56:43.068712,Mexico,,Product_134,6,150.65,0,Bank Transfer,Shipped,66,-52.9136,-159.7039,5.0,3.0,903.9
ORD-100804,2023-08-11 07:28:37.144763,Japan,Sports,Product_196,8,3.55,5,Credit Card,Shipped,44,-2.2979,9.023,3.0,12.0,26.98
ORD-100805,2023-08-12 01:00:31.220813,USA,Clothing,Product_18,7,37.89,0,Gift Card,Delivered,19,65.7965,-149.9841,5.0,8.0,265.23
ORD-100806,2023-08-12 18:32:25.296864,France,Books,Product_113,8,131.03,0,Crypto,Delivered,62,-21.4007,121.4243,5.0,12.0,1048.24
ORD-100807,2023-08-13 12:04:19.372915,Japan,,Product_29,9,29.44,0,PayPal,Delivered,50,-2.3337,40.685,5.0,18.0,264.96
ORD-100808,2023-08-14 05:36:13.448965,France,Beauty,Product_77,6,10.57,15,Gift Card,Processing,43,-46.2389,-117.9183,3.0,3.0,53.91
ORD-100809,2023-08-14 23:08:07.525016,Mexico,Sports,Product_59,3,16.04,20,Credit Card,Returned,45,6.6323,-172.5331,5.0,12.0,38.5
ORD-100810,2023-08-15 16:40:01.601067,UK,Toys,Product_175,3,20.67,0,Credit Card,Delivered,36,34.0339,-168.6308,4.0,2.0,62.01
ORD-100811,2023-08-16 10:11:55.677118,Japan,Electronics,Product_126,1,13.94,0,Credit Card,Delivered,60,-23.3947,2.6516,5.0,14.0,13.94
ORD-100812,2023-08-17 03:43:49.753168,Germany,Electronics,Product_145,5,27.57,20,Credit Card,Delivered,22,-19.944,84.3745,3.0,,110.28
ORD-100813,2023-08-17 21:15:43.829219,France,Books,Product_109,4,202.33,15,PayPal,Delivered,50,53.6666,-136.4974,5.0,4.0,687.92
ORD-100814,2023-08-18 14:47:37.905270,India,Toys,Product_22,9,16.17,10,Bank Transfer,Delivered,37,-58.6009,-100.3377,4.0,17.0,130.98
ORD-100815,2023-08-19 08:19:31.981320,,Food,Product_68,9,18.44,5,Crypto,Delivered,47,25.9235,-62.1864,1.0,15.0,157.66
ORD-100816,2023-08-20 01:51:26.057371,,Home & Garden,Product_69,5,57.5,10,PayPal,Cancelled,62,-6.8256,-101.4924,4.0,16.0,258.75
ORD-100817,2023-08-20 19:23:20.133422,Australia,Beauty,Product_165,4,26.85,0,Credit Card,Delivered,25,-19.7186,-39.1188,3.0,5.0,107.4
ORD-100818,2023-08-21 12:55:14.209472,USA,Books,Product_49,7,6.72,10,PayPal,Cancelled,55,28.7752,21.4614,4.0,17.0,42.34
ORD-100819,2023-08-22 06:27:08.285523,UK,Home & Garden,Product_141,6,30.77,0,Gift Card,Processing,34,52.6803,66.5772,4.0,7.0,184.62
ORD-100820,2023-08-22 23:59:02.361574,Mexico,Clothing,Product_162,4,29.41,15,Credit Card,Processing,61,15.3829,166.9591,4.0,15.0,99.99
ORD-100821,2023-08-23 17:30:56.437625,Japan,Beauty,Product_109,2,106.78,10,Crypto,Shipped,18,-55.8022,155.1037,4.0,,192.2
ORD-100822,2023-08-24 11:02:50.513675,Brazil,Clothing,Product_86,1,10.31,0,Credit Card,Shipped,20,2.2892,25.2457,4.0,12.0,10.31
ORD-100823,2023-08-25 04:34:44.589726,India,Food,Product_53,4,107.64,0,Crypto,Shipped,63,2.4726,84.294,,11.0,430.56
ORD-100824,2023-08-25 22:06:38.665777,France,Toys,Product_123,4,29.45,20,Crypto,Shipped,43,13.4128,162.314,5.0,19.0,94.24
ORD-100825,2023-08-26 15:38:32.741827,Mexico,Sports,Product_87,1,8.76,15,Bank Transfer,Delivered,48,30.5795,-149.9501,5.0,11.0,7.45
ORD-100826,2023-08-27 09:10:26.817878,,Beauty,Product_179,6,6.89,10,Bank Transfer,Returned,25,-57.392,-177.9715,4.0,2.0,37.21
ORD-100827,2023-08-28 02:42:20.893929,Australia,Home & Garden,Product_131,4,337.4,5,PayPal,Shipped,60,7.7717,-169.2721,3.0,15.0,1282.12
ORD-100828,2023-08-28 20:14:14.969979,India,Food,Product_42,1,27.33,5,PayPal,Processing,63,19.4215,22.8058,4.0,5.0,25.96
ORD-100829,2023-08-29 13:46:09.046030,Brazil,Sports,Product_98,1,101.88,15,Crypto,Cancelled,25,-13.6473,94.62,5.0,18.0,86.6
ORD-100830,2023-08-30 07:18:03.122081,Japan,Electronics,Product_160,1,4.26,5,Credit Card,Delivered,52,30.2293,-47.853,5.0,16.0,4.05
ORD-100831,2023-08-31 00:49:57.198132,USA,Home & Garden,Product_109,8,784.65,10,Gift Card,Delivered,56,-29.196,16.2861,,4.0,5649.48
ORD-100832,2023-08-31 18:21:51.274182,Brazil,Books,Product_51,8,96.73,10,Gift Card,Delivered,45,-17.1547,5.8919,2.0,10.0,696.46
ORD-100833,2023-09-01 11:53:45.350233,India,Electronics,Product_85,2,24.37,15,Credit Card,Delivered,68,69.972,-145.8825,5.0,2.0,41.43
ORD-100834,2023-09-02 05:25:39.426284,Brazil,Food,Product_174,7,22.93,10,Credit Card,Processing,21,-13.0105,-64.2282,,15.0,144.46
ORD-100835,2023-09-02 22:57:33.502334,India,Electronics,Product_127,8,79.96,20,Bank Transfer,Delivered,74,-13.2224,-173.0033,3.0,4.0,511.74
ORD-100836,2023-09-03 16:29:27.578385,India,,Product_21,8,74.64,0,Gift Card,Delivered,33,20.4169,-140.146,2.0,16.0,597.12
ORD-100837,2023-09-04 10:01:21.654436,Canada,Beauty,Product_44,7,41.22,0,Crypto,Delivered,30,71.0817,112.269,4.0,7.0,288.54
ORD-100838,2023-09-05 03:33:15.730486,France,Electronics,Product_139,5,33.55,20,PayPal,Delivered,37,72.7159,118.5889,4.0,12.0,134.2
ORD-100839,2023-09-05 21:05:09.806537,Australia,Toys,Product_103,1,64.93,20,Bank Transfer,Shipped,68,18.2538,108.7007,5.0,3.0,51.94
ORD-100840,2023-09-06 14:37:03.882588,Canada,Home & Garden,Product_68,9,4.1,5,Gift Card,Processing,22,-59.8533,81.6547,5.0,17.0,35.06
ORD-100841,2023-09-07 08:08:57.958639,Japan,Sports,Product_129,7,21.21,0,Credit Card,Delivered,72,61.5886,105.5926,3.0,9.0,148.47
ORD-100842,2023-09-08 01:40:52.034689,Canada,Electronics,Product_92,2,4.59,15,Gift Card,Delivered,54,16.9821,61.5536,5.0,8.0,7.8
ORD-100843,2023-09-08 19:12:46.110740,UK,Home & Garden,Product_191,6,68.41,25,Crypto,Delivered,37,-10.5905,61.14,5.0,6.0,307.84
ORD-100844,2023-09-09 12:44:40.186791,UK,Clothing,Product_24,2,14.72,5,Bank Transfer,Delivered,41,51.9413,60.2502,4.0,15.0,27.97
ORD-100845,2023-09-10 06:16:34.262841,Australia,Home & Garden,Product_125,1,5.02,0,Credit Card,Delivered,53,-6.0226,5.0554,5.0,10.0,5.02
ORD-100846,2023-09-10 23:48:28.338892,,Sports,Product_141,7,12.77,10,Crypto,Returned,51,-55.404,-49.195,,6.0,80.45
ORD-100847,2023-09-11 17:20:22.414943,France,Home & Garden,Product_111,2,39.62,15,PayPal,Delivered,62,50.8448,82.8703,,15.0,67.35
ORD-100848,2023-09-12 10:52:16.490994,Australia,Books,Product_98,2,25.89,25,Bank Transfer,Delivered,65,13.691,-72.4874,5.0,14.0,38.84
ORD-100849,2023-09-13 04:24:10.567044,India,Food,Product_139,5,8.1,15,Crypto,Delivered,71,-14.3506,15.4448,5.0,19.0,34.42
ORD-100850,2023-09-13 21:56:04.643095,Germany,Sports,Product_179,5,4.28,25,Crypto,Shipped,51,-26.1295,-23.992,5.0,13.0,16.05
ORD-100851,2023-09-14 15:27:58.719146,,Food,Product_17,7,36.19,25,Credit Card,Shipped,36,20.1627,-80.416,5.0,14.0,190.0
ORD-100852,2023-09-15 08:59:52.795196,France,Beauty,Product_99,1,16.5,5,PayPal,Shipped,34,-31.9133,170.8884,,3.0,15.68
ORD-100853,2023-09-16 02:31:46.871247,India,Food,Product_82,8,24.3,10,Crypto,Delivered,22,-16.2801,-86.8494,5.0,,174.96
ORD-100854,2023-09-16 20:03:40.947298,India,Clothing,Product_104,3,27.34,5,Bank Transfer,Cancelled,42,25.9316,-68.6545,5.0,14.0,77.92
ORD-100855,2023-09-17 13:35:35.023348,USA,Books,Product_152,4,55.48,25,Crypto,Delivered,35,59.0085,-121.8285,4.0,14.0,166.44
ORD-100856,2023-09-18 07:07:29.099399,Australia,Beauty,Product_19,9,91.5,25,Gift Card,Delivered,72,11.9402,116.273,,8.0,617.62
ORD-100857,2023-09-19 00:39:23.175450,India,Home & Garden,Product_165,4,39.48,0,Bank Transfer,Delivered,70,42.4794,31.1722,5.0,10.0,157.92
ORD-100858,2023-09-19 18:11:17.251501,UK,Sports,Product_85,5,22.54,0,Bank Transfer,Delivered,67,43.0132,40.6941,1.0,9.0,112.7
ORD-100859,2023-09-20 11:43:11.327551,Japan,Clothing,Product_8,7,34.11,0,Crypto,Cancelled,25,29.6878,115.4021,5.0,14.0,238.77
ORD-100860,2023-09-21 05:15:05.403602,Germany,Books,Product_28,4,22.04,0,Credit Card,Cancelled,44,-26.8118,-56.5489,5.0,8.0,88.16
ORD-100861,2023-09-21 22:46:59.479653,Australia,Beauty,Product_5,1,4.61,0,Bank Transfer,Delivered,32,57.0165,-110.292,4.0,11.0,4.61
ORD-100862,2023-09-22 16:18:53.555703,Mexico,Beauty,Product_145,9,122.77,20,Gift Card,Cancelled,62,-1.1028,-108.5741,2.0,10.0,883.94
ORD-100863,2023-09-23 09:50:47.631754,,Clothing,Product_101,4,97.92,15,Credit Card,Processing,30,-54.0315,83.7431,3.0,18.0,332.93
ORD-100864,2023-09-24 03:22:41.707805,Brazil,Toys,Product_164,9,359.96,5,Credit Card,Cancelled,33,-26.9773,41.0815,4.0,4.0,3077.66
ORD-100865,2023-09-24 20:54:35.783855,India,Home & Garden,Product_118,6,511.12,0,Credit Card,Delivered,39,43.349,-105.718,5.0,4.0,3066.72
ORD-100866,2023-09-25 14:26:29.859906,Mexico,Clothing,Product_147,1,8.08,0,Bank Transfer,Delivered,37,-50.667,-127.7765,4.0,12.0,8.08
ORD-100867,2023-09-26 07:58:23.935957,India,Beauty,Product_64,3,22.14,15,Credit Card,Delivered,30,-40.1058,-136.5526,2.0,18.0,56.46
ORD-100868,2023-09-27 01:30:18.012008,France,Electronics,Product_91,2,674.42,15,Crypto,Processing,37,33.7206,46.0075,,8.0,1146.51
ORD-100869,2023-09-27 19:02:12.088058,UK,Books,Product_117,9,31.54,0,Credit Card,Delivered,19,60.5011,-179.9573,,3.0,283.86
ORD-100870,2023-09-28 12:34:06.164109,France,Clothing,Product_98,1,44.39,0,Gift Card,Delivered,52,25.5538,-173.405,4.0,18.0,44.39
ORD-100871,2023-09-29 06:06:00.240160,USA,Toys,Product_11,9,5.34,10,PayPal,Delivered,64,-29.9907,-39.7609,5.0,7.0,43.25
ORD-100872,2023-09-29 23:37:54.316210,France,Beauty,Product_54,9,39.66,0,Gift Card,Delivered,72,-52.7891,68.886,4.0,1.0,356.94
ORD-100873,2023-09-30 17:09:48.392261,USA,Home & Garden,Product_173,8,336.41,10,Bank Transfer,Shipped,36,23.0421,70.2142,5.0,13.0,2422.15
ORD-100874,2023-10-01 10:41:42.468312,USA,Food,Product_47,8,155.08,0,Credit Card,Cancelled,62,-53.6012,-25.1574,4.0,3.0,1240.64
ORD-100875,2023-10-02 04:13:36.544362,Mexico,Beauty,Product_140,1,15.93,10,Credit Card,Shipped,54,22.7175,68.7865,3.0,3.0,14.34
ORD-100876,2023-10-02 21:45:30.620413,India,Home & Garden,Product_149,8,20.58,0,Crypto,Cancelled,71,-29.5467,7.5946,5.0,15.0,164.64
ORD-100877,2023-10-03 15:17:24.696464,Brazil,Clothing,Product_139,3,8.52,0,Credit Card,Delivered,23,62.1286,171.6953,,19.0,25.56
ORD-100878,2023-10-04 08:49:18.772515,France,Home & Garden,Product_5,7,11.92,25,Gift Card,Delivered,31,4.1375,-121.5143,3.0,4.0,62.58
ORD-100879,2023-10-05 02:21:12.848565,UK,Sports,Product_184,1,3.35,15,Bank Transfer,Delivered,21,-29.7683,36.2402,5.0,13.0,2.85
ORD-100880,2023-10-05 19:53:06.924616,USA,Sports,Product_20,1,29.91,25,PayPal,Delivered,39,55.1746,-3.154,,13.0,22.43
ORD-100881,2023-10-06 13:25:01.000667,India,Sports,Product_169,5,202.78,0,Credit Card,Delivered,68,-25.7052,-109.9921,,15.0,1013.9
ORD-100882,2023-10-07 06:56:55.076717,Germany,Toys,Product_46,5,50.73,20,PayPal,Shipped,72,-18.6091,89.9966,4.0,19.0,202.92
ORD-100883,2023-10-08 00:28:49.152768,Australia,Toys,Product_12,8,170.63,0,Credit Card,Delivered,56,52.6275,-80.8171,5.0,,1365.04
ORD-100884,2023-10-08 18:00:43.228819,Mexico,Electronics,Product_70,7,120.05,20,Bank Transfer,Shipped,53,-18.3131,-42.5845,5.0,7.0,672.28
ORD-100885,2023-10-09 11:32:37.304869,Brazil,Toys,Product_17,8,17.18,0,Gift Card,Delivered,51,-4.6279,-45.061,3.0,3.0,137.44
ORD-100886,2023-10-10 05:04:31.380920,Canada,,Product_115,6,13.31,15,Bank Transfer,Delivered,44,-13.0651,-92.0864,,2.0,67.88
ORD-100887,2023-10-10 22:36:25.456971,Mexico,Clothing,Product_147,6,13.94,0,PayPal,Delivered,24,-44.286,-24.9461,4.0,18.0,83.64
ORD-100888,2023-10-11 16:08:19.533022,Germany,Beauty,Product_154,2,4.22,25,Credit Card,Delivered,20,-54.7491,-9.5955,,11.0,6.33
ORD-100889,2023-10-12 09:40:13.609072,Australia,Beauty,Product_48,6,34.43,20,PayPal,Delivered,64,37.813,87.9198,3.0,1.0,165.26
ORD-100890,2023-10-13 03:12:07.685123,Germany,Electronics,Product_108,5,1.01,15,Gift Card,Delivered,50,27.0935,95.4247,5.0,16.0,4.29
ORD-100891,2023-10-13 20:44:01.761174,France,Toys,Product_52,3,67.34,5,Bank Transfer,Delivered,19,-21.8806,-122.9199,1.0,17.0,191.92
ORD-100892,2023-10-14 14:15:55.837224,USA,Food,Product_96,6,36.1,5,PayPal,Delivered,59,-20.0941,33.398,5.0,,205.77
ORD-100893,2023-10-15 07:47:49.913275,Brazil,Home & Garden,Product_70,8,58.31,5,PayPal,Delivered,33,67.5758,142.6312,5.0,10.0,443.16
ORD-100894,2023-10-16 01:19:43.989326,Japan,Electronics,Product_183,9,117.73,10,Gift Card,Shipped,42,73.3356,-140.8368,3.0,17.0,953.61
ORD-100895,2023-10-16 18:51:38.065376,USA,Food,Product_102,1,42.04,0,Credit Card,Shipped,32,3.9137,-9.7509,4.0,3.0,42.04
ORD-100896,2023-10-17 12:23:32.141427,Japan,Home & Garden,Product_75,3,234.6,0,PayPal,Delivered,41,48.331,90.1271,4.0,18.0,703.8
ORD-100897,2023-10-18 05:55:26.217478,Australia,Food,Product_161,3,69.85,25,Gift Card,Processing,32,39.4526,40.1369,5.0,19.0,157.16
ORD-100898,2023-10-18 23:27:20.293529,India,Home & Garden,Product_190,8,13.35,0,Credit Card,Shipped,48,-19.8621,-143.7892,4.0,14.0,106.8
ORD-100899,2023-10-19 16:59:14.369579,Canada,Books,Product_151,1,24.9,10,Credit Card,Shipped,31,-52.094,-37.2218,5.0,2.0,22.41
ORD-100900,2023-10-20 10:31:08.445630,UK,Food,Product_143,5,2.2,0,Bank Transfer,Delivered,71,-40.7549,2.6062,5.0,12.0,11.0
ORD-100901,2023-10-21 04:03:02.521681,USA,Beauty,Product_155,3,11.22,20,Gift Card,Delivered,31,53.1697,178.5044,,11.0,26.93
ORD-100902,2023-10-21 21:34:56.597731,Brazil,Sports,Product_192,2,20.96,5,Credit Card,Shipped,23,38.7139,-115.7012,5.0,17.0,39.82
ORD-100903,2023-10-22 15:06:50.673782,Germany,Toys,Product_179,8,63.79,25,Bank Transfer,Delivered,31,29.6852,173.6726,4.0,6.0,382.74
ORD-100904,2023-10-23 08:38:44.749833,Brazil,Home & Garden,Product_181,3,13.46,0,Crypto,Cancelled,34,-42.3624,-44.5861,5.0,19.0,40.38
ORD-100905,2023-10-24 02:10:38.825883,Australia,Books,Product_82,7,7.42,0,Gift Card,Processing,35,26.3906,-107.8846,,13.0,51.94
ORD-100906,2023-10-24 19:42:32.901934,Japan,Food,Product_92,1,3.44,0,Crypto,Delivered,37,44.2406,-30.9207,3.0,7.0,3.44
ORD-100907,2023-10-25 13:14:26.977985,Germany,Beauty,Product_179,6,16.19,0,Credit Card,Delivered,68,56.1812,41.0382,4.0,,97.14
ORD-100908,2023-10-26 06:46:21.054036,UK,Sports,Product_175,3,344.13,0,Gift Card,Delivered,34,-58.2138,-103.1409,5.0,7.0,1032.39
ORD-100909,2023-10-27 00:18:15.130086,UK,Home & Garden,Product_4,8,45.85,0,Bank Transfer,Delivered,33,32.4041,-75.0819,5.0,13.0,366.8
ORD-100910,2023-10-27 17:50:09.206137,USA,Food,Product_135,6,102.26,0,Credit Card,Delivered,57,-57.4218,127.6367,2.0,13.0,613.56
ORD-100911,2023-10-28 11:22:03.282188,Australia,Food,Product_109,2,11.25,5,Gift Card,Delivered,56,35.4278,179.6434,5.0,1.0,21.38
ORD-100912,2023-10-29 04:53:57.358238,India,Home & Garden,Product_163,6,5.01,15,Gift Card,Delivered,69,25.8089,-65.4578,,19.0,25.55
ORD-100913,2023-10-29 22:25:51.434289,Australia,Electronics,Product_48,7,7.65,5,Crypto,Delivered,49,-39.973,-126.4116,4.0,19.0,50.87
ORD-100914,2023-10-30 15:57:45.510340,Japan,Electronics,Product_73,5,29.47,25,Credit Card,Returned,61,43.4264,105.5415,5.0,15.0,110.51
ORD-100915,2023-10-31 09:29:39.586390,Brazil,Beauty,Product_72,3,3.03,5,Bank Transfer,Delivered,26,-50.7731,36.164,3.0,14.0,8.64
ORD-100916,2023-11-01 03:01:33.662441,UK,Sports,Product_116,4,9.9,0,Bank Transfer,Cancelled,44,51.5638,-143.8556,3.0,3.0,39.6
ORD-100917,2023-11-01 20:33:27.738492,Brazil,Home & Garden,Product_173,4,16.39,20,Credit Card,Cancelled,63,-24.6396,160.8377,5.0,4.0,52.45
ORD-100918,2023-11-02 14:05:21.814543,Brazil,Beauty,Product_81,6,6.79,20,Credit Card,Delivered,69,32.995,-151.9022,4.0,7.0,32.59
ORD-100919,2023-11-03 07:37:15.890593,Brazil,Beauty,Product_81,1,2.59,0,PayPal,Shipped,50,64.6981,45.1283,3.0,1.0,2.59
ORD-100920,2023-11-04 01:09:09.966644,UK,Clothing,Product_113,4,46.88,0,Crypto,Delivered,27,-14.1234,-27.3826,5.0,19.0,187.52
ORD-100921,2023-11-04 18:41:04.042695,Mexico,Food,Product_96,4,34.99,0,Credit Card,Shipped,34,7.8907,20.3846,5.0,3.0,139.96
ORD-100922,2023-11-05 12:12:58.118745,France,Toys,Product_72,1,84.34,10,Credit Card,Delivered,66,2.5209,-103.2429,4.0,15.0,75.91
ORD-100923,2023-11-06 05:44:52.194796,Japan,Food,Product_147,9,8.74,10,PayPal,Delivered,66,-38.7225,67.7197,4.0,13.0,70.79
ORD-100924,2023-11-06 23:16:46.270847,Mexico,Electronics,Product_63,4,82.43,15,PayPal,Delivered,53,19.6921,165.4991,,14.0,280.26
ORD-100925,2023-11-07 16:48:40.346897,Japan,Sports,Product_38,7,207.51,0,Gift Card,Delivered,34,40.3053,-14.9667,5.0,,1452.57
ORD-100926,2023-11-08 10:20:34.422948,,Food,Product_67,3,45.36,15,Bank Transfer,Delivered,35,63.7781,8.265,2.0,1.0,115.67
ORD-100927,2023-11-09 03:52:28.498999,Australia,Home & Garden,Product_187,3,15.93,0,Crypto,Delivered,69,54.8584,-93.6678,,13.0,47.79
ORD-100928,2023-11-09 21:24:22.575050,Australia,Beauty,Product_69,8,39.41,15,Gift Card,Delivered,40,8.8526,141.0725,4.0,4.0,267.99
ORD-100929,2023-11-10 14:56:16.651100,Canada,Home & Garden,Product_13,8,15.04,0,Credit Card,Delivered,51,37.0673,169.6228,4.0,12.0,120.32
ORD-100930,2023-11-11 08:28:10.727151,Australia,Clothing,Product_175,1,12.32,25,PayPal,Delivered,25,48.1058,103.0669,4.0,7.0,9.24
ORD-100931,2023-11-12 02:00:04.803202,UK,Sports,Product_189,2,75.18,0,Bank Transfer,Delivered,30,6.621,15.3985,3.0,2.0,150.36
ORD-100932,2023-11-12 19:31:58.879252,India,Beauty,Product_31,8,28.03,10,Gift Card,Delivered,40,-44.4173,164.4469,1.0,17.0,201.82
ORD-100933,2023-11-13 13:03:52.955303,USA,Home & Garden,Product_114,1,140.63,20,Bank Transfer,Delivered,74,-0.8793,-124.614,1.0,1.0,112.5
ORD-100934,2023-11-14 06:35:47.031354,Canada,Electronics,Product_22,8,19.47,0,PayPal,Processing,71,53.7345,-7.7433,3.0,14.0,155.76
ORD-100935,2023-11-15 00:07:41.107404,,Toys,Product_93,8,21.99,25,Gift Card,Delivered,37,20.5466,13.5381,4.0,1.0,131.94
ORD-100936,2023-11-15 17:39:35.183455,Japan,Clothing,Product_171,2,16.78,0,Gift Card,Shipped,39,37.8019,-2.9101,4.0,3.0,33.56
ORD-100937,2023-11-16 11:11:29.259506,USA,Sports,Product_67,4,8.63,25,Bank Transfer,Delivered,64,-34.9888,108.8706,4.0,11.0,25.89
ORD-100938,2023-11-17 04:43:23.335557,,Clothing,Product_54,6,88.0,25,PayPal,Cancelled,69,70.1856,61.345,4.0,7.0,396.0
ORD-100939,2023-11-17 22:15:17.411607,Canada,Electronics,Product_138,9,456.16,15,Credit Card,Delivered,40,-5.4491,-134.403,,9.0,3489.62
ORD-100940,2023-11-18 15:47:11.487658,Germany,Sports,Product_42,8,20.93,10,Gift Card,Delivered,58,28.2408,-55.2775,,3.0,150.7
ORD-100941,2023-11-19 09:19:05.563709,Brazil,Clothing,Product_64,8,14.63,15,Credit Card,Delivered,52,-57.4522,-57.9323,2.0,1.0,99.48
ORD-100942,2023-11-20 02:50:59.639759,Australia,Books,Product_126,7,13.54,15,PayPal,Delivered,20,-42.8119,23.6276,2.0,19.0,80.56
ORD-100943,2023-11-20 20:22:53.715810,Australia,Electronics,Product_21,9,14.65,0,Gift Card,Delivered,51,45.5746,-75.075,3.0,2.0,131.85
ORD-100944,2023-11-21 13:54:47.791861,UK,Electronics,Product_194,2,239.78,0,Gift Card,Delivered,50,70.6759,-137.7822,5.0,5.0,479.56
ORD-100945,2023-11-22 07:26:41.867911,Canada,Electronics,Product_169,3,13.98,0,Credit Card,Returned,63,-16.7925,55.3258,,17.0,41.94
ORD-100946,2023-11-23 00:58:35.943962,UK,Books,Product_152,8,16.41,5,Crypto,Delivered,34,-54.9806,126.3733,,,124.72
ORD-100947,2023-11-23 18:30:30.020013,India,Books,Product_35,6,7.48,15,Credit Card,Delivered,62,-11.283,155.3789,4.0,5.0,38.15
ORD-100948,2023-11-24 12:02:24.096064,India,Home & Garden,Product_184,9,47.1,5,Credit Card,Shipped,36,-57.6418,170.1282,4.0,14.0,402.71
ORD-100949,2023-11-25 05:34:18.172114,UK,Beauty,Product_30,4,30.55,0,Crypto,Delivered,47,-34.0296,101.2021,5.0,10.0,122.2
ORD-100950,2023-11-25 23:06:12.248165,Canada,Toys,Product_57,8,8.46,5,PayPal,Processing,40,41.5837,-129.7071,2.0,7.0,64.3
ORD-100951,2023-11-26 16:38:06.324216,UK,Clothing,Product_47,3,11.34,15,PayPal,Delivered,32,66.5069,127.1203,,,28.92
ORD-100952,2023-11-27 10:10:00.400266,Australia,Home & Garden,Product_163,3,208.41,0,Gift Card,Shipped,74,-48.1944,-36.0144,5.0,,625.23
ORD-100953,2023-11-28 03:41:54.476317,Mexico,Clothing,Product_19,8,34.44,5,Bank Transfer,Delivered,31,15.3166,82.7681,4.0,7.0,261.74
ORD-100954,2023-11-28 21:13:48.552368,France,Toys,Product_114,5,37.41,0,Bank Transfer,Processing,19,-25.7261,11.2565,1.0,,187.05
ORD-100955,2023-11-29 14:45:42.628418,USA,Beauty,Product_8,3,37.59,0,Gift Card,Shipped,56,-41.227,118.2982,1.0,14.0,112.77
ORD-100956,2023-11-30 08:17:36.704469,France,Books,Product_26,1,176.54,20,Bank Transfer,Delivered,66,-30.4377,-26.8179,5.0,19.0,141.23
ORD-100957,2023-12-01 01:49:30.780520,Canada,Beauty,Product_113,3,9.45,20,Credit Card,Delivered,35,17.998,-157.7542,5.0,11.0,22.68
ORD-100958,2023-12-01 19:21:24.856571,France,Books,Product_71,9,20.58,0,Credit Card,Delivered,23,-51.2068,20.4565,,2.0,185.22
ORD-100959,2023-12-02 12:53:18.932621,India,Toys,Product_30,5,27.04,5,Crypto,Returned,49,-1.3805,-118.3354,,17.0,128.44
ORD-100960,2023-12-03 06:25:13.008672,Japan,Beauty,Product_135,2,4.2,5,Crypto,Delivered,38,-41.7442,167.5863,5.0,6.0,7.98
ORD-100961,2023-12-03 23:57:07.084723,USA,Home & Garden,Product_67,7,11.03,20,Gift Card,Delivered,57,-23.1886,9.7067,4.0,9.0,61.77
ORD-100962,2023-12-04 17:29:01.160773,,Sports,Product_65,2,116.28,0,Gift Card,Delivered,45,-34.2482,19.2812,,19.0,232.56
ORD-100963,2023-12-05 11:00:55.236824,Canada,Home & Garden,Product_36,4,82.46,10,Gift Card,Delivered,44,59.2017,146.6157,5.0,5.0,296.86
ORD-100964,2023-12-06 04:32:49.312875,USA,Clothing,Product_25,7,101.95,0,Credit Card,Delivered,19,35.5815,44.8507,4.0,9.0,713.65
ORD-100965,2023-12-06 22:04:43.388925,France,Home & Garden,Product_37,4,16.33,0,Bank Transfer,Returned,50,57.2424,-71.0174,4.0,7.0,65.32
ORD-100966,2023-12-07 15:36:37.464976,India,Toys,Product_1,7,18.94,0,Gift Card,Delivered,33,-8.2325,-73.4059,,4.0,132.58
ORD-100967,2023-12-08 09:08:31.541027,Germany,Electronics,Product_143,7,3.87,25,Gift Card,Processing,56,-17.6892,0.5683,5.0,18.0,20.32
ORD-100968,2023-12-09 02:40:25.617078,Mexico,Clothing,Product_37,1,101.32,25,Credit Card,Delivered,39,-8.6207,131.979,4.0,,75.99
ORD-100969,2023-12-09 20:12:19.693128,Brazil,Beauty,Product_141,6,123.47,0,Credit Card,Delivered,73,-57.496,106.1026,3.0,17.0,740.82
ORD-100970,2023-12-10 13:44:13.769179,Mexico,Clothing,Product_136,9,121.6,25,Credit Card,Delivered,60,37.8351,166.5866,3.0,4.0,820.8
ORD-100971,2023-12-11 07:16:07.845230,USA,Sports,Product_133,2,226.99,20,Bank Transfer,Delivered,64,-12.7807,-154.121,4.0,16.0,363.18
ORD-100972,2023-12-12 00:48:01.921280,India,Books,Product_188,3,54.96,20,Gift Card,Returned,30,-17.7013,-83.4026,4.0,5.0,131.9
ORD-100973,2023-12-12 18:19:55.997331,India,Beauty,Product_128,5,214.49,10,PayPal,Cancelled,73,20.749,-151.1252,4.0,9.0,965.2
ORD-100974,2023-12-13 11:51:50.073382,France,Food,Product_127,9,26.03,0,PayPal,Delivered,19,-1.1063,90.3885,2.0,2.0,234.27
ORD-100975,2023-12-14 05:23:44.149432,Australia,Clothing,Product_1,4,3.97,0,Gift Card,Delivered,31,72.4139,-129.2999,3.0,2.0,15.88
ORD-100976,2023-12-14 22:55:38.225483,France,Beauty,Product_164,1,93.03,5,Gift Card,Delivered,73,-11.9058,-144.0409,4.0,4.0,88.38
ORD-100977,2023-12-15 16:27:32.301534,Australia,Beauty,Product_35,4,3.8,0,Gift Card,Cancelled,55,22.8759,22.202,4.0,17.0,15.2
ORD-100978,2023-12-16 09:59:26.377585,Australia,Beauty,Product_194,6,40.62,15,Gift Card,Cancelled,58,-17.9271,-31.8655,4.0,,207.16
ORD-100979,2023-12-17 03:31:20.453635,,Books,Product_191,5,104.21,20,Bank Transfer,Processing,45,73.7303,77.4365,,3.0,416.84
ORD-100980,2023-12-17 21:03:14.529686,France,Food,Product_104,1,48.87,0,PayPal,Delivered,24,0.09,-4.6745,5.0,5.0,48.87
ORD-100981,2023-12-18 14:35:08.605737,Germany,Toys,Product_23,4,509.74,0,Crypto,Delivered,35,25.6074,-26.8795,,10.0,2038.96
ORD-100982,2023-12-19 08:07:02.681787,,Home & Garden,Product_9,6,3.13,20,PayPal,Delivered,73,-42.8926,-26.8198,,6.0,15.02
ORD-100983,2023-12-20 01:38:56.757838,UK,Beauty,Product_34,4,29.98,15,PayPal,Delivered,58,38.9583,133.8755,2.0,3.0,101.93
ORD-100984,2023-12-20 19:10:50.833889,France,Electronics,Product_174,9,33.82,0,Credit Card,Delivered,72,-23.6566,-37.7188,4.0,17.0,304.38
ORD-100985,2023-12-21 12:42:44.909939,France,Toys,Product_128,5,6.6,25,Gift Card,Delivered,53,0.5628,-59.977,4.0,10.0,24.75
ORD-100986,2023-12-22 06:14:38.985990,Mexico,Sports,Product_4,8,8.29,20,Gift Card,Delivered,58,59.223,-58.1274,2.0,12.0,53.06
ORD-100987,2023-12-22 23:46:33.062041,Brazil,Books,Product_158,9,12.01,0,Gift Card,Cancelled,53,71.0246,-109.2237,5.0,1.0,108.09
ORD-100988,2023-12-23 17:18:27.138092,France,Clothing,Product_102,5,8.85,20,Credit Card,Processing,61,-2.6828,129.848,4.0,18.0,35.4
ORD-100989,2023-12-24 10:50:21.214142,Mexico,Books,Product_75,6,29.09,10,Bank Transfer,Delivered,21,52.6984,-127.2129,4.0,19.0,157.09
ORD-100990,2023-12-25 04:22:15.290193,Australia,Clothing,Product_99,1,16.06,5,Bank Transfer,Delivered,74,-52.7979,147.0999,4.0,4.0,15.26
ORD-100991,2023-12-25 21:54:09.366244,India,,Product_72,7,48.5,5,Crypto,Delivered,47,54.4225,-77.9516,2.0,15.0,322.52
ORD-100992,2023-12-26 15:26:03.442294,India,Clothing,Product_3,4,72.19,0,Bank Transfer,Shipped,41,24.9839,143.7937,2.0,,288.76
ORD-100993,2023-12-27 08:57:57.518345,Australia,Beauty,Product_142,2,66.56,15,Bank Transfer,Processing,37,5.9753,104.6954,,6.0,113.15
ORD-100994,2023-12-28 02:29:51.594396,Canada,Home & Garden,Product_188,5,20.24,20,Gift Card,Processing,63,60.1451,29.5155,,12.0,80.96
ORD-100995,2023-12-28 20:01:45.670446,Mexico,Clothing,Product_173,3,46.59,0,PayPal,Shipped,73,54.1205,61.0092,3.0,18.0,139.77
ORD-100996,2023-12-29 13:33:39.746497,Mexico,Food,Product_34,6,114.68,0,Bank Transfer,Delivered,48,-19.9124,-62.6961,5.0,15.0,688.08
ORD-100997,2023-12-30 07:05:33.822548,Australia,Clothing,Product_45,8,56.52,0,Bank Transfer,Delivered,41,46.8509,26.7223,4.0,19.0,452.16
ORD-100998,2023-12-31 00:37:27.898599,Germany,Electronics,Product_61,7,308.21,20,Credit Card,Delivered,24,-46.5687,-74.735,,9.0,1725.98
ORD-100999,2023-12-31 18:09:21.974649,Japan,Clothing,Product_83,3,107.62,20,Crypto,Delivered,43,51.0731,-35.1818,4.0,13.0,258.29
ORD-101000,2024-01-01 11:41:16.050700,,Electronics,Product_123,8,260.37,0,Credit Card,Processing,30,31.1865,95.2785,4.0,16.0,2082.96
ORD-101001,2024-01-02 05:13:10.126751,Australia,Sports,Product_102,2,1.66,0,Gift Card,Delivered,71,-48.138,-92.1843,,13.0,3.32
ORD-101002,2024-01-02 22:45:04.202801,France,Beauty,Product_16,9,37.19,5,PayPal,Delivered,25,32.2158,121.9846,1.0,1.0,317.97
ORD-101003,2024-01-03 16:16:58.278852,France,,Product_66,4,22.45,0,Crypto,Delivered,72,18.3701,-44.6822,,18.0,89.8
ORD-101004,2024-01-04 09:48:52.354903,Brazil,Home & Garden,Product_168,1,28.5,25,Credit Card,Returned,22,20.2643,11.5812,2.0,3.0,21.38
ORD-101005,2024-01-05 03:20:46.430953,Australia,Toys,Product_145,8,12.6,0,Bank Transfer,Delivered,61,-20.7334,159.1058,4.0,17.0,100.8
ORD-101006,2024-01-05 20:52:40.507004,Brazil,Beauty,Product_119,7,53.27,25,Bank Transfer,Shipped,30,-24.0229,65.252,4.0,5.0,279.67
ORD-101007,2024-01-06 14:24:34.583055,Australia,Electronics,Product_162,5,3.78,5,Crypto,Delivered,46,42.9422,52.4175,,6.0,17.95
ORD-101008,2024-01-07 07:56:28.659106,Mexico,Beauty,Product_124,5,53.74,0,Bank Transfer,Delivered,37,-25.3302,76.1788,3.0,,268.7
ORD-101009,2024-01-08 01:28:22.735156,USA,Food,Product_144,7,13.12,0,Credit Card,Delivered,31,0.2454,150.5201,4.0,17.0,91.84
ORD-101010,2024-01-08 19:00:16.811207,Mexico,Beauty,Product_102,5,18.17,0,Credit Card,Shipped,49,33.7965,-90.5351,4.0,1.0,90.85
ORD-101011,2024-01-09 12:32:10.887258,Japan,Beauty,Product_188,8,56.05,20,Bank Transfer,Delivered,67,-49.2518,40.7668,,7.0,358.72
ORD-101012,2024-01-10 06:04:04.963308,India,,Product_66,6,36.4,15,Bank Transfer,Cancelled,44,20.264,-35.8582,,16.0,185.64
ORD-101013,2024-01-10 23:35:59.039359,UK,Home & Garden,Product_194,5,117.3,15,Gift Card,Delivered,73,19.5658,-175.7321,5.0,5.0,498.52
ORD-101014,2024-01-11 17:07:53.115410,,Books,Product_13,9,10.35,0,PayPal,Delivered,42,32.3709,-134.8917,1.0,16.0,93.15
ORD-101015,2024-01-12 10:39:47.191460,Japan,Books,Product_184,2,30.06,10,Crypto,Cancelled,69,-10.0597,-63.0029,,,54.11
ORD-101016,2024-01-13 04:11:41.267511,India,Electronics,Product_111,1,96.21,0,Credit Card,Delivered,21,0.6123,23.4,1.0,11.0,96.21
ORD-101017,2024-01-13 21:43:35.343562,Canada,Beauty,Product_159,8,51.08,0,Crypto,Delivered,38,-15.4541,137.3309,3.0,14.0,408.64
ORD-101018,2024-01-14 15:15:29.419613,USA,Electronics,Product_34,3,55.19,0,Gift Card,Processing,35,49.1027,104.8011,4.0,13.0,165.57
ORD-101019,2024-01-15 08:47:23.495663,Brazil,Sports,Product_39,7,125.17,25,Credit Card,Delivered,56,-42.3675,19.2001,2.0,8.0,657.14
ORD-101020,2024-01-16 02:19:17.571714,Brazil,Sports,Product_195,8,20.34,0,Gift Card,Shipped,32,69.9988,-153.4066,2.0,15.0,162.72
ORD-101021,2024-01-16 19:51:11.647765,Mexico,Clothing,Product_136,6,15.8,0,Gift Card,Delivered,70,25.7029,-77.0737,,18.0,94.8
ORD-101022,2024-01-17 13:23:05.723815,France,Food,Product_120,9,66.09,0,Bank Transfer,Delivered,55,59.7324,-47.9849,,7.0,594.81
ORD-101023,2024-01-18 06:54:59.799866,India,Sports,Product_126,7,27.68,10,Crypto,Delivered,65,-2.4588,43.8182,4.0,19.0,174.38
ORD-101024,2024-01-19 00:26:53.875917,Canada,Clothing,Product_55,5,127.31,5,Crypto,Processing,69,-15.1423,-156.6275,4.0,9.0,604.72
ORD-101025,2024-01-19 17:58:47.951967,Japan,Home & Garden,Product_27,8,51.61,10,Bank Transfer,Delivered,41,61.598,10.8697,5.0,11.0,371.59
ORD-101026,2024-01-20 11:30:42.028018,USA,Electronics,Product_118,2,15.67,20,Crypto,Shipped,25,-46.6521,144.5272,5.0,10.0,25.07
ORD-101027,2024-01-21 05:02:36.104069,India,Toys,Product_53,7,49.7,10,Bank Transfer,Cancelled,45,-44.1905,73.9558,5.0,14.0,313.11
ORD-101028,2024-01-21 22:34:30.180120,Canada,Home & Garden,Product_39,4,11.21,25,Credit Card,Delivered,38,-19.5882,106.9477,4.0,16.0,33.63
ORD-101029,2024-01-22 16:06:24.256170,UK,Sports,Product_65,9,103.16,5,Gift Card,Delivered,33,69.5696,65.4032,2.0,8.0,882.02
ORD-101030,2024-01-23 09:38:18.332221,Australia,Home & Garden,Product_145,1,6.19,20,Gift Card,Delivered,71,25.4643,-105.6279,3.0,1.0,4.95
ORD-101031,2024-01-24 03:10:12.408272,Brazil,,Product_158,7,143.52,5,Crypto,Delivered,33,14.8161,-140.2258,3.0,12.0,954.41
ORD-101032,2024-01-24 20:42:06.484322,Japan,Food,Product_181,6,48.67,15,PayPal,Delivered,52,35.2231,118.6166,2.0,3.0,248.22
ORD-101033,2024-01-25 14:14:00.560373,Brazil,Food,Product_13,8,27.18,5,Gift Card,Shipped,34,-3.6409,70.3816,1.0,2.0,206.57
ORD-101034,2024-01-26 07:45:54.636424,Japan,Food,Product_21,5,82.76,0,Bank Transfer,Returned,26,42.3399,27.0222,5.0,16.0,413.8
ORD-101035,2024-01-27 01:17:48.712474,Mexico,Home & Garden,Product_147,1,61.17,0,PayPal,Cancelled,74,-6.9139,-111.8582,,4.0,61.17
ORD-101036,2024-01-27 18:49:42.788525,France,Sports,Product_53,1,163.44,15,PayPal,Cancelled,52,51.559,37.2042,,,138.92
ORD-101037,2024-01-28 12:21:36.864576,Japan,Toys,Product_19,9,161.62,15,Gift Card,Cancelled,69,-23.9152,-168.7242,3.0,,1236.39
ORD-101038,2024-01-29 05:53:30.940627,Brazil,Beauty,Product_57,6,50.54,0,Gift Card,Delivered,46,-22.5312,-137.2179,2.0,17.0,303.24
ORD-101039,2024-01-29 23:25:25.016677,Mexico,Home & Garden,Product_25,5,11.63,25,Gift Card,Shipped,56,10.5217,-67.7195,,10.0,43.61
ORD-101040,2024-01-30 16:57:19.092728,Japan,Clothing,Product_31,1,17.29,15,Bank Transfer,Cancelled,35,-1.8472,-20.2542,3.0,8.0,14.7
ORD-101041,2024-01-31 10:29:13.168779,UK,Sports,Product_81,6,30.39,5,PayPal,Delivered,29,27.4956,-136.5968,5.0,18.0,173.22
ORD-101042,2024-02-01 04:01:07.244829,France,Home & Garden,Product_183,6,121.28,10,Crypto,Returned,36,-10.8207,-136.8215,2.0,18.0,654.91
ORD-101043,2024-02-01 21:33:01.320880,Japan,Toys,Product_23,3,19.15,0,Bank Transfer,Delivered,65,-28.8757,81.3217,3.0,18.0,57.45
ORD-101044,2024-02-02 15:04:55.396931,Mexico,Beauty,Product_32,8,21.17,25,Credit Card,Shipped,39,3.4242,25.099,2.0,2.0,127.02
ORD-101045,2024-02-03 08:36:49.472981,India,Food,Product_190,1,304.3,5,Gift Card,Shipped,73,15.7291,12.1471,,12.0,289.08
ORD-101046,2024-02-04 02:08:43.549032,Germany,Sports,Product_74,1,29.22,20,PayPal,Returned,66,-40.749,-17.1236,5.0,10.0,23.38
ORD-101047,2024-02-04 19:40:37.625083,Canada,Books,Product_10,6,15.46,20,Bank Transfer,Delivered,69,15.157,171.5555,5.0,8.0,74.21
ORD-101048,2024-02-05 13:12:31.701134,Germany,Beauty,Product_54,1,84.1,10,Credit Card,Shipped,32,-16.9003,-162.0719,,19.0,75.69
ORD-101049,2024-02-06 06:44:25.777184,Germany,Clothing,Product_52,6,30.96,25,Bank Transfer,Delivered,18,-7.019,-114.9742,3.0,10.0,139.32
ORD-101050,2024-02-07 00:16:19.853235,USA,Home & Garden,Product_148,1,6.25,25,Bank Transfer,Delivered,19,-22.2921,53.1028,3.0,11.0,4.69
ORD-101051,2024-02-07 17:48:13.929286,UK,Toys,Product_160,6,115.48,10,Crypto,Processing,25,65.7404,-130.9084,4.0,14.0,623.59
ORD-101052,2024-02-08 11:20:08.005336,India,,Product_114,3,13.51,25,Crypto,Delivered,39,32.2504,32.1771,5.0,15.0,30.4
ORD-101053,2024-02-09 04:52:02.081387,Australia,Toys,Product_14,8,34.89,15,Bank Transfer,Shipped,42,-24.5679,24.394,3.0,10.0,237.25
ORD-101054,2024-02-09 22:23:56.157438,Japan,Books,Product_178,6,30.52,0,Credit Card,Delivered,19,27.0792,169.5619,4.0,4.0,183.12
ORD-101055,2024-02-10 15:55:50.233488,Canada,Sports,Product_156,1,43.65,0,PayPal,Delivered,68,54.5573,138.0191,,7.0,43.65
ORD-101056,2024-02-11 09:27:44.309539,France,Books,Product_110,5,2.39,25,PayPal,Shipped,26,-5.7799,160.3992,3.0,11.0,8.96
ORD-101057,2024-02-12 02:59:38.385590,India,Clothing,Product_53,8,22.15,15,Gift Card,Delivered,26,52.0443,-139.1031,4.0,3.0,150.62
ORD-101058,2024-02-12 20:31:32.461641,Brazil,Clothing,Product_152,3,127.72,15,Gift Card,Delivered,30,-39.154,132.5334,,5.0,325.69
ORD-101059,2024-02-13 14:03:26.537691,Australia,Electronics,Product_79,6,151.19,0,PayPal,Returned,23,51.0755,-133.5274,1.0,2.0,907.14
ORD-101060,2024-02-14 07:35:20.613742,USA,Clothing,Product_22,5,10.08,0,Bank Transfer,Delivered,47,12.9397,47.8556,4.0,12.0,50.4
ORD-101061,2024-02-15 01:07:14.689793,USA,Beauty,Product_30,6,99.95,0,Bank Transfer,Shipped,32,-29.8984,79.2281,5.0,5.0,599.7
ORD-101062,2024-02-15 18:39:08.765843,India,Books,Product_191,1,13.28,0,Crypto,Delivered,68,-5.0359,-122.0927,,7.0,13.28
ORD-101063,2024-02-16 12:11:02.841894,Mexico,Clothing,Product_4,7,21.13,0,Crypto,Delivered,70,73.3791,47.7574,4.0,4.0,147.91
ORD-101064,2024-02-17 05:42:56.917945,Germany,,Product_59,9,22.5,0,Gift Card,Delivered,32,45.7801,-161.1142,,11.0,202.5
ORD-101065,2024-02-17 23:14:50.993996,Brazil,Toys,Product_8,2,37.73,10,PayPal,Delivered,67,17.6367,-74.4242,4.0,9.0,67.91
ORD-101066,2024-02-18 16:46:45.070046,USA,Food,Product_12,5,110.13,10,Bank Transfer,Delivered,24,-44.4529,151.6171,5.0,4.0,495.58
ORD-101067,2024-02-19 10:18:39.146097,Canada,Toys,Product_119,4,45.49,0,PayPal,Delivered,28,-3.5954,-118.1768,4.0,9.0,181.96
ORD-101068,2024-02-20 03:50:33.222148,USA,Electronics,Product_159,6,28.46,0,Credit Card,Delivered,57,-24.488,-156.5028,3.0,12.0,170.76
ORD-101069,2024-02-20 21:22:27.298198,France,Toys,Product_34,6,105.72,15,PayPal,Delivered,55,-50.4149,-20.2758,,16.0,539.17
ORD-101070,2024-02-21 14:54:21.374249,Japan,Books,Product_82,2,12.64,20,Credit Card,Delivered,57,13.1976,126.2226,5.0,1.0,20.22
ORD-101071,2024-02-22 08:26:15.450300,USA,Electronics,Product_98,2,30.18,0,Crypto,Delivered,19,60.0401,-152.3979,4.0,8.0,60.36
ORD-101072,2024-02-23 01:58:09.526350,France,Books,Product_127,4,109.39,5,Crypto,Delivered,68,31.206,-52.0073,4.0,1.0,415.68
ORD-101073,2024-02-23 19:30:03.602401,India,Sports,Product_75,1,62.5,10,Gift Card,Cancelled,65,-26.2931,143.9189,3.0,19.0,56.25
ORD-101074,2024-02-24 13:01:57.678452,India,Electronics,Product_105,9,18.92,0,PayPal,Shipped,56,17.4339,-137.464,,4.0,170.28
ORD-101075,2024-02-25 06:33:51.754503,Australia,Home & Garden,Product_49,7,5.39,0,PayPal,Shipped,27,67.3366,-68.1593,4.0,14.0,37.73
ORD-101076,2024-02-26 00:05:45.830553,USA,Beauty,Product_79,7,48.09,5,Credit Card,Delivered,61,37.5935,100.2314,,14.0,319.8
ORD-101077,2024-02-26 17:37:39.906604,Canada,Beauty,Product_185,3,4.98,0,Crypto,Cancelled,34,33.079,15.556,2.0,9.0,14.94
ORD-101078,2024-02-27 11:09:33.982655,USA,Books,Product_93,3,25.66,0,Credit Card,Shipped,24,70.7014,119.6399,4.0,9.0,76.98
ORD-101079,2024-02-28 04:41:28.058705,Canada,Toys,Product_154,1,136.28,0,Crypto,Processing,71,47.8479,-139.8257,5.0,,136.28
ORD-101080,2024-02-28 22:13:22.134756,UK,Food,Product_18,3,67.77,15,Credit Card,Delivered,57,-41.5558,151.3995,5.0,,172.81
ORD-101081,2024-02-29 15:45:16.210807,Australia,Food,Product_96,3,2.92,5,Crypto,Returned,56,-13.0693,156.5682,2.0,10.0,8.32
ORD-101082,2024-03-01 09:17:10.286857,UK,Home & Garden,Product_38,4,42.12,20,Credit Card,Processing,21,70.294,-124.0873,4.0,17.0,134.78
ORD-101083,2024-03-02 02:49:04.362908,USA,Electronics,Product_87,4,22.58,0,Crypto,Cancelled,52,6.1102,-167.8048,4.0,9.0,90.32
ORD-101084,2024-03-02 20:20:58.438959,Australia,Home & Garden,Product_88,3,7.18,15,Credit Card,Delivered,68,-44.9289,176.3429,5.0,4.0,18.31
ORD-101085,2024-03-03 13:52:52.515010,UK,Home & Garden,Product_50,8,49.5,25,PayPal,Delivered,64,1.9117,-6.3894,5.0,14.0,297.0
ORD-101086,2024-03-04 07:24:46.591060,Germany,Toys,Product_8,8,18.36,25,Gift Card,Delivered,53,34.0941,25.9471,5.0,3.0,110.16
ORD-101087,2024-03-05 00:56:40.667111,USA,Food,Product_169,1,18.49,0,Credit Card,Delivered,48,74.669,41.7257,5.0,12.0,18.49
ORD-101088,2024-03-05 18:28:34.743162,UK,Electronics,Product_134,7,38.43,25,Gift Card,Cancelled,42,-16.2728,104.2806,,1.0,201.76
ORD-101089,2024-03-06 12:00:28.819212,Germany,Sports,Product_69,2,15.63,0,PayPal,Delivered,58,9.4017,112.3157,,1.0,31.26
ORD-101090,2024-03-07 05:32:22.895263,Germany,Toys,Product_172,1,37.15,0,PayPal,Delivered,30,58.7569,-110.1869,4.0,13.0,37.15
ORD-101091,2024-03-07 23:04:16.971314,India,Home & Garden,Product_121,3,16.25,0,Crypto,Delivered,35,-12.0389,-94.8108,3.0,14.0,48.75
ORD-101092,2024-03-08 16:36:11.047364,USA,Home & Garden,Product_64,4,17.35,25,Gift Card,Delivered,38,-45.2497,135.6599,3.0,16.0,52.05
ORD-101093,2024-03-09 10:08:05.123415,Germany,Sports,Product_157,6,109.02,10,Bank Transfer,Delivered,65,68.1063,115.0263,2.0,7.0,588.71
ORD-101094,2024-03-10 03:39:59.199466,India,Home & Garden,Product_156,5,123.17,0,Crypto,Processing,18,5.9395,42.343,,10.0,615.85
ORD-101095,2024-03-10 21:11:53.275517,UK,Home & Garden,Product_139,4,4.26,0,Gift Card,Delivered,53,7.8758,178.0917,4.0,15.0,17.04
ORD-101096,2024-03-11 14:43:47.351567,France,Home & Garden,Product_121,8,81.17,0,Credit Card,Delivered,67,23.862,84.6662,5.0,8.0,649.36
ORD-101097,2024-03-12 08:15:41.427618,USA,Beauty,Product_65,4,177.38,0,Credit Card,Delivered,25,-59.5226,-102.2988,4.0,11.0,709.52
ORD-101098,2024-03-13 01:47:35.503669,Australia,Toys,Product_107,2,214.62,15,PayPal,Delivered,69,65.7027,124.7919,,14.0,364.85
ORD-101099,2024-03-13 19:19:29.579719,Canada,Clothing,Product_147,3,61.83,25,Bank Transfer,Delivered,65,-11.2041,-30.6963,,13.0,139.12
ORD-101100,2024-03-14 12:51:23.655770,,Toys,Product_137,6,9.31,20,Credit Card,Shipped,38,-6.4142,-166.985,4.0,13.0,44.69
ORD-101101,2024-03-15 06:23:17.731821,UK,Sports,Product_155,8,70.53,20,Gift Card,Shipped,60,-36.4953,-64.2883,4.0,9.0,451.39
ORD-101102,2024-03-15 23:55:11.807871,,Home & Garden,Product_162,8,11.67,5,Gift Card,Shipped,69,-8.9495,94.8784,3.0,17.0,88.69
ORD-101103,2024-03-16 17:27:05.883922,Mexico,Toys,Product_172,9,21.94,0,Credit Card,Shipped,70,48.5324,165.6742,,18.0,197.46
ORD-101104,2024-03-17 10:58:59.959973,UK,Beauty,Product_196,7,52.44,0,Gift Card,Delivered,70,47.9989,-80.5909,4.0,,367.08
ORD-101105,2024-03-18 04:30:54.036024,Germany,Food,Product_100,2,12.61,15,Gift Card,Returned,38,66.3326,-91.2541,1.0,13.0,21.44
ORD-101106,2024-03-18 22:02:48.112074,USA,Sports,Product_82,8,8.37,0,PayPal,Processing,44,-5.564,22.902,,12.0,66.96
ORD-101107,2024-03-19 15:34:42.188125,Canada,Books,Product_143,7,57.91,15,Bank Transfer,Cancelled,36,35.6774,112.2062,2.0,8.0,344.56
ORD-101108,2024-03-20 09:06:36.264176,Canada,Toys,Product_51,8,311.27,0,PayPal,Delivered,40,8.4771,88.7492,4.0,,2490.16
ORD-101109,2024-03-21 02:38:30.340226,Germany,Books,Product_141,3,147.21,0,Bank Transfer,Cancelled,68,48.5431,21.5852,4.0,7.0,441.63
ORD-101110,2024-03-21 20:10:24.416277,Canada,Home & Garden,Product_83,7,77.37,0,Gift Card,Processing,67,36.1932,47.3003,1.0,1.0,541.59
ORD-101111,2024-03-22 13:42:18.492328,Australia,Beauty,Product_177,9,107.23,5,Bank Transfer,Processing,68,-10.3331,-92.8444,5.0,10.0,916.82
ORD-101112,2024-03-23 07:14:12.568378,USA,Beauty,Product_198,3,71.18,10,Gift Card,Delivered,60,-14.549,-24.2733,5.0,15.0,192.19
ORD-101113,2024-03-24 00:46:06.644429,Japan,Toys,Product_112,6,56.82,0,Gift Card,Shipped,52,-25.9203,-88.0684,5.0,4.0,340.92
ORD-101114,2024-03-24 18:18:00.720480,Canada,Sports,Product_56,2,97.35,5,PayPal,Returned,57,17.8296,138.3905,3.0,1.0,184.96
ORD-101115,2024-03-25 11:49:54.796531,UK,Sports,Product_179,2,6.41,5,PayPal,Shipped,69,70.1188,-139.4804,3.0,11.0,12.18
ORD-101116,2024-03-26 05:21:48.872581,Australia,Beauty,Product_165,5,42.07,25,Crypto,Delivered,68,-32.991,64.7066,3.0,5.0,157.76
ORD-101117,2024-03-26 22:53:42.948632,Canada,Sports,Product_145,5,30.05,10,Credit Card,Cancelled,59,-47.1409,-86.298,5.0,19.0,135.22
ORD-101118,2024-03-27 16:25:37.024683,Australia,Beauty,Product_186,7,36.4,5,Crypto,Delivered,65,-43.8809,-8.7921,,19.0,242.06
ORD-101119,2024-03-28 09:57:31.100733,India,Toys,Product_157,2,19.04,0,Crypto,Delivered,22,45.7183,-72.2114,4.0,4.0,38.08
ORD-101120,2024-03-29 03:29:25.176784,Japan,Clothing,Product_161,7,61.84,0,Bank Transfer,Delivered,69,-12.7359,-63.6317,5.0,2.0,432.88
ORD-101121,2024-03-29 21:01:19.252835,Brazil,Beauty,Product_60,5,12.41,25,Gift Card,Cancelled,58,-29.7105,-86.2585,5.0,7.0,46.54
ORD-101122,2024-03-30 14:33:13.328885,UK,Books,Product_120,6,17.45,15,Gift Card,Delivered,25,-12.366,91.0055,5.0,13.0,88.99
ORD-101123,2024-03-31 08:05:07.404936,UK,Sports,Product_183,8,15.11,0,Gift Card,Delivered,28,27.1197,-48.3423,5.0,12.0,120.88
ORD-101124,2024-04-01 01:37:01.480987,USA,Beauty,Product_138,4,93.39,5,Credit Card,Shipped,33,13.8163,81.4885,4.0,2.0,354.88
ORD-101125,2024-04-01 19:08:55.557038,Australia,Beauty,Product_175,7,32.65,0,Bank Transfer,Processing,56,40.3846,-15.8148,4.0,9.0,228.55
ORD-101126,2024-04-02 12:40:49.633088,Germany,Toys,Product_23,6,19.05,0,Bank Transfer,Delivered,64,-14.225,17.0086,1.0,16.0,114.3
ORD-101127,2024-04-03 06:12:43.709139,UK,Sports,Product_149,2,21.16,20,Gift Card,Cancelled,41,1.0239,15.5835,3.0,8.0,33.86
ORD-101128,2024-04-03 23:44:37.785190,Australia,Clothing,Product_13,8,33.27,0,Crypto,Cancelled,38,-46.2343,171.3067,4.0,18.0,266.16
ORD-101129,2024-04-04 17:16:31.861240,Australia,Toys,Product_101,9,231.97,15,Credit Card,Delivered,69,-50.1371,-47.8575,3.0,4.0,1774.57
ORD-101130,2024-04-05 10:48:25.937291,France,Clothing,Product_161,5,7.51,0,Crypto,Delivered,40,2.4045,-105.2337,5.0,11.0,37.55
ORD-101131,2024-04-06 04:20:20.013342,France,Food,Product_24,4,74.49,25,PayPal,Delivered,66,-19.2845,148.2451,1.0,17.0,223.47
ORD-101132,2024-04-06 21:52:14.089392,Brazil,Toys,Product_108,6,58.34,15,Bank Transfer,Delivered,55,22.7281,-117.0579,3.0,8.0,297.53
ORD-101133,2024-04-07 15:24:08.165443,India,Sports,Product_11,8,11.48,20,Bank Transfer,Delivered,64,-54.1947,120.3922,5.0,,73.47
ORD-101134,2024-04-08 08:56:02.241494,Brazil,Electronics,Product_17,3,192.53,20,Crypto,Cancelled,25,-43.5615,-125.9226,3.0,8.0,462.07
ORD-101135,2024-04-09 02:27:56.317545,Canada,Sports,Product_196,1,63.25,25,Credit Card,Processing,24,56.8008,57.1408,,6.0,47.44
ORD-101136,2024-04-09 19:59:50.393595,Germany,Sports,Product_175,4,18.01,10,Bank Transfer,Delivered,19,16.4521,-125.8053,5.0,2.0,64.84
ORD-101137,2024-04-10 13:31:44.469646,Canada,Clothing,Product_25,4,3.56,25,Crypto,Delivered,47,36.1274,152.3109,5.0,15.0,10.68
ORD-101138,2024-04-11 07:03:38.545697,Mexico,Clothing,Product_94,1,43.6,0,Credit Card,Delivered,30,53.6662,23.403,4.0,1.0,43.6
ORD-101139,2024-04-12 00:35:32.621747,Canada,Sports,Product_21,9,31.38,0,Crypto,Delivered,40,2.6176,-61.4614,5.0,6.0,282.42
ORD-101140,2024-04-12 18:07:26.697798,USA,Sports,Product_84,3,9.61,10,Credit Card,Delivered,46,42.7432,-129.4838,2.0,19.0,25.95
ORD-101141,2024-04-13 11:39:20.773849,Canada,Sports,Product_140,5,9.47,20,Gift Card,Cancelled,55,10.8191,-46.3708,5.0,,37.88
ORD-101142,2024-04-14 05:11:14.849899,,Clothing,Product_37,6,93.9,0,Credit Card,Cancelled,54,-29.9289,73.8072,1.0,13.0,563.4
ORD-101143,2024-04-14 22:43:08.925950,UK,Sports,Product_42,8,3.17,15,PayPal,Delivered,37,-14.4164,-41.4177,3.0,,21.56
ORD-101144,2024-04-15 16:15:03.002001,UK,Sports,Product_145,6,48.29,10,Gift Card,Cancelled,50,6.1973,-91.4061,,9.0,260.77
ORD-101145,2024-04-16 09:46:57.078052,France,Food,Product_101,3,26.45,10,Crypto,Delivered,46,-17.2205,27.8674,4.0,3.0,71.41
ORD-101146,2024-04-17 03:18:51.154102,Germany,Home & Garden,Product_48,6,60.13,0,Gift Card,Shipped,67,-14.7038,-29.5841,5.0,2.0,360.78
ORD-101147,2024-04-17 20:50:45.230153,Germany,Electronics,Product_103,1,23.26,25,Gift Card,Delivered,32,-14.452,-120.3098,4.0,16.0,17.44
ORD-101148,2024-04-18 14:22:39.306204,USA,Books,Product_28,4,47.08,0,Crypto,Delivered,40,-43.4166,-124.5643,5.0,18.0,188.32
ORD-101149,2024-04-19 07:54:33.382254,Brazil,Electronics,Product_41,6,13.58,15,Crypto,Cancelled,59,-48.5732,74.6863,5.0,18.0,69.26
ORD-101150,2024-04-20 01:26:27.458305,,Home & Garden,Product_99,7,31.22,15,PayPal,Delivered,20,-53.723,170.8819,4.0,6.0,185.76
ORD-101151,2024-04-20 18:58:21.534356,Mexico,Books,Product_47,3,59.56,25,Crypto,Shipped,54,-45.0209,-96.0861,,18.0,134.01
ORD-101152,2024-04-21 12:30:15.610406,Germany,Toys,Product_146,9,39.69,10,Bank Transfer,Delivered,73,-13.5995,98.3335,4.0,11.0,321.49
ORD-101153,2024-04-22 06:02:09.686457,UK,Sports,Product_105,7,52.27,10,Bank Transfer,Delivered,46,20.1727,-148.4616,5.0,,329.3
ORD-101154,2024-04-22 23:34:03.762508,Canada,Home & Garden,Product_124,1,10.88,0,PayPal,Delivered,62,-34.6002,-42.6327,3.0,14.0,10.88
ORD-101155,2024-04-23 17:05:57.838559,Canada,Food,Product_199,2,16.3,0,Credit Card,Delivered,25,59.8812,2.4077,4.0,18.0,32.6
ORD-101156,2024-04-24 10:37:51.914609,France,Toys,Product_13,1,16.64,15,Credit Card,Shipped,39,49.1316,-83.2511,4.0,7.0,14.14
ORD-101157,2024-04-25 04:09:45.990660,Brazil,Sports,Product_141,9,23.76,20,Bank Transfer,Delivered,70,10.2712,10.6482,3.0,10.0,171.07
ORD-101158,2024-04-25 21:41:40.066711,Brazil,Clothing,Product_100,9,169.07,5,Crypto,Shipped,46,37.7683,137.7412,2.0,,1445.55
ORD-101159,2024-04-26 15:13:34.142761,India,Beauty,Product_31,7,21.65,5,PayPal,Shipped,19,-10.5456,159.9977,4.0,14.0,143.97
ORD-101160,2024-04-27 08:45:28.218812,,Home & Garden,Product_130,3,8.4,0,Credit Card,Shipped,58,-55.035,-143.7995,5.0,18.0,25.2
ORD-101161,2024-04-28 02:17:22.294863,Germany,,Product_16,5,63.43,0,Credit Card,Delivered,66,62.0849,-82.1355,4.0,,317.15
ORD-101162,2024-04-28 19:49:16.370913,Brazil,Home & Garden,Product_137,4,166.66,0,Gift Card,Cancelled,67,-42.7479,172.4882,,14.0,666.64
ORD-101163,2024-04-29 13:21:10.446964,UK,Food,Product_73,7,7.29,0,Bank Transfer,Delivered,62,67.9715,-82.6494,,10.0,51.03
ORD-101164,2024-04-30 06:53:04.523015,France,Home & Garden,Product_166,9,353.32,25,Crypto,Delivered,18,17.2041,69.3746,,15.0,2384.91
ORD-101165,2024-05-01 00:24:58.599066,Mexico,Clothing,Product_54,2,54.5,25,PayPal,Delivered,61,-18.749,-88.7567,,6.0,81.75
ORD-101166,2024-05-01 17:56:52.675116,India,Food,Product_184,8,114.51,5,Credit Card,Delivered,37,6.8958,-51.7084,,9.0,870.28
ORD-101167,2024-05-02 11:28:46.751167,Australia,Books,Product_100,9,192.58,10,Gift Card,Delivered,69,7.72,-111.1396,2.0,10.0,1559.9
ORD-101168,2024-05-03 05:00:40.827218,USA,Electronics,Product_109,9,106.39,5,Bank Transfer,Shipped,38,-56.8562,128.2681,,17.0,909.63
ORD-101169,2024-05-03 22:32:34.903268,Mexico,Sports,Product_87,7,29.0,10,Bank Transfer,Delivered,54,-12.0129,137.7536,5.0,1.0,182.7
ORD-101170,2024-05-04 16:04:28.979319,Australia,Home & Garden,Product_173,9,142.77,0,PayPal,Delivered,25,39.8819,-73.1115,5.0,14.0,1284.93
ORD-101171,2024-05-05 09:36:23.055370,Canada,Sports,Product_162,9,44.95,10,Credit Card,Processing,44,8.8593,116.4923,3.0,4.0,364.1
ORD-101172,2024-05-06 03:08:17.131420,USA,,Product_137,3,122.56,0,PayPal,Delivered,64,-27.0289,-51.033,,2.0,367.68
ORD-101173,2024-05-06 20:40:11.207471,Germany,Clothing,Product_8,4,139.75,10,PayPal,Delivered,52,-14.7602,-144.353,4.0,3.0,503.1
ORD-101174,2024-05-07 14:12:05.283522,UK,Sports,Product_7,2,8.94,0,Gift Card,Delivered,23,56.5123,92.9075,5.0,7.0,17.88
ORD-101175,2024-05-08 07:43:59.359573,USA,Clothing,Product_36,3,85.9,25,Bank Transfer,Processing,62,10.9492,34.7206,,14.0,193.28
ORD-101176,2024-05-09 01:15:53.435623,Japan,Sports,Product_18,5,26.62,0,Crypto,Delivered,61,11.3275,-81.2223,5.0,12.0,133.1
ORD-101177,2024-05-09 18:47:47.511674,Australia,Electronics,Product_3,5,39.09,25,Bank Transfer,Delivered,36,69.7981,-88.9201,5.0,19.0,146.59
ORD-101178,2024-05-10 12:19:41.587725,Germany,Electronics,Product_28,6,38.57,0,Bank Transfer,Delivered,35,-16.681,171.2244,5.0,18.0,231.42
ORD-101179,2024-05-11 05:51:35.663775,Japan,Food,Product_70,7,36.76,0,Gift Card,Shipped,73,4.7381,130.5004,4.0,15.0,257.32
ORD-101180,2024-05-11 23:23:29.739826,Canada,Electronics,Product_172,7,206.07,0,Crypto,Shipped,18,49.5813,111.5274,4.0,1.0,1442.49
ORD-101181,2024-05-12 16:55:23.815877,Japan,Food,Product_149,1,6.43,0,Credit Card,Processing,42,42.4532,-133.9136,5.0,3.0,6.43
ORD-101182,2024-05-13 10:27:17.891927,India,Electronics,Product_28,2,4.19,5,Crypto,Delivered,44,-24.1171,91.8674,4.0,,7.96
ORD-101183,2024-05-14 03:59:11.967978,India,Electronics,Product_54,9,3.25,0,Credit Card,Delivered,24,-39.6027,-102.7655,,4.0,29.25
ORD-101184,2024-05-14 21:31:06.044029,France,Electronics,Product_182,2,119.46,0,Crypto,Delivered,61,34.5951,171.86,3.0,15.0,238.92
ORD-101185,2024-05-15 15:03:00.120080,Mexico,Clothing,Product_65,6,13.09,20,PayPal,Delivered,59,-25.2164,-161.2479,,10.0,62.83
ORD-101186,2024-05-16 08:34:54.196130,Mexico,Home & Garden,Product_100,1,38.81,10,Crypto,Delivered,46,64.5612,-53.2301,,6.0,34.93
ORD-101187,2024-05-17 02:06:48.272181,Germany,Food,Product_21,3,28.86,0,Gift Card,Delivered,48,-42.5516,-25.6868,4.0,13.0,86.58
ORD-101188,2024-05-17 19:38:42.348232,Canada,Sports,Product_13,2,11.43,0,Credit Card,Delivered,61,-17.0274,116.713,2.0,7.0,22.86
ORD-101189,2024-05-18 13:10:36.424282,Brazil,Electronics,Product_57,3,92.0,0,Bank Transfer,Shipped,60,-52.6037,95.8402,,1.0,276.0
ORD-101190,2024-05-19 06:42:30.500333,India,Clothing,Product_49,5,28.42,10,Gift Card,Delivered,53,34.9462,-45.0028,3.0,11.0,127.89
ORD-101191,2024-05-20 00:14:24.576384,Germany,Clothing,Product_118,6,24.9,0,Credit Card,Shipped,36,60.3205,23.6017,5.0,14.0,149.4
ORD-101192,2024-05-20 17:46:18.652434,Brazil,Clothing,Product_54,9,43.79,5,Credit Card,Delivered,23,25.8431,120.8143,4.0,6.0,374.4
ORD-101193,2024-05-21 11:18:12.728485,Mexico,Food,Product_138,4,78.64,20,Bank Transfer,Delivered,42,66.5967,-173.4481,,5.0,251.65
ORD-101194,2024-05-22 04:50:06.804536,France,,Product_53,7,10.48,20,PayPal,Delivered,48,-42.652,108.7841,5.0,19.0,58.69
ORD-101195,2024-05-22 22:22:00.880587,Japan,Food,Product_44,6,94.4,0,Gift Card,Delivered,26,-48.1559,160.8826,5.0,19.0,566.4
ORD-101196,2024-05-23 15:53:54.956637,India,Sports,Product_47,2,188.64,0,Bank Transfer,Delivered,37,53.1857,-168.4568,5.0,13.0,377.28
ORD-101197,2024-05-24 09:25:49.032688,Germany,Home & Garden,Product_53,8,5.98,10,Bank Transfer,Delivered,27,55.494,-163.5908,,7.0,43.06
ORD-101198,2024-05-25 02:57:43.108739,USA,Books,Product_74,7,46.25,0,PayPal,Cancelled,54,52.1903,-55.975,2.0,8.0,323.75
ORD-101199,2024-05-25 20:29:37.184789,Brazil,Toys,Product_46,7,22.97,0,Gift Card,Shipped,44,47.8603,-148.403,5.0,14.0,160.79
ORD-101200,2024-05-26 14:01:31.260840,Japan,Clothing,Product_13,8,76.64,15,Bank Transfer,Delivered,30,-11.0992,-7.4606,4.0,,521.15
ORD-101201,2024-05-27 07:33:25.336891,India,Food,Product_165,1,7.69,25,PayPal,Processing,58,-30.6426,82.3358,4.0,19.0,5.77
ORD-101202,2024-05-28 01:05:19.412941,Mexico,Books,Product_102,1,233.86,0,Gift Card,Shipped,19,65.3885,24.0837,,12.0,233.86
ORD-101203,2024-05-28 18:37:13.488992,Canada,Beauty,Product_24,8,4.81,20,Crypto,Shipped,67,-18.555,-109.2845,5.0,9.0,30.78
ORD-101204,2024-05-29 12:09:07.565043,Brazil,Food,Product_2,4,24.7,20,Credit Card,Processing,38,-6.215,55.7321,,14.0,79.04
ORD-101205,2024-05-30 05:41:01.641094,Mexico,Electronics,Product_81,5,55.77,25,PayPal,Delivered,50,34.4405,66.5476,4.0,6.0,209.14
ORD-101206,2024-05-30 23:12:55.717144,,Toys,Product_100,8,14.53,20,Credit Card,Delivered,41,-20.3969,155.6805,5.0,15.0,92.99
ORD-101207,2024-05-31 16:44:49.793195,,Electronics,Product_142,5,12.04,5,Crypto,Delivered,70,50.5826,-127.1531,5.0,13.0,57.19
ORD-101208,2024-06-01 10:16:43.869246,Japan,Home & Garden,Product_138,4,43.24,0,Bank Transfer,Delivered,61,-50.5453,69.241,1.0,7.0,172.96
ORD-101209,2024-06-02 03:48:37.945296,India,Toys,Product_163,6,36.35,0,Bank Transfer,Delivered,59,46.8097,148.1138,,11.0,218.1
ORD-101210,2024-06-02 21:20:32.021347,Australia,Food,Product_153,5,33.35,0,Gift Card,Delivered,51,21.2499,0.5631,3.0,10.0,166.75
ORD-101211,2024-06-03 14:52:26.097398,Germany,Sports,Product_131,7,92.8,15,PayPal,Cancelled,26,17.3541,-49.7521,5.0,1.0,552.16
ORD-101212,2024-06-04 08:24:20.173448,Japan,Books,Product_111,7,20.63,20,PayPal,Cancelled,19,1.8809,-118.5302,,7.0,115.53
ORD-101213,2024-06-05 01:56:14.249499,Brazil,Sports,Product_102,4,48.59,0,Gift Card,Cancelled,72,-22.5988,132.0433,4.0,18.0,194.36
ORD-101214,2024-06-05 19:28:08.325550,Canada,Food,Product_17,5,18.03,20,Credit Card,Processing,73,2.6495,-38.0713,,3.0,72.12
ORD-101215,2024-06-06 13:00:02.401601,Mexico,Home & Garden,Product_12,3,11.95,0,Bank Transfer,Cancelled,47,0.7538,152.9577,3.0,9.0,35.85
ORD-101216,2024-06-07 06:31:56.477651,,Electronics,Product_182,4,23.53,5,Bank Transfer,Delivered,39,18.8068,125.193,3.0,5.0,89.41
ORD-101217,2024-06-08 00:03:50.553702,Mexico,Toys,Product_116,4,18.2,10,PayPal,Delivered,63,-21.9875,-44.4097,,13.0,65.52
ORD-101218,2024-06-08 17:35:44.629753,,Sports,Product_24,3,19.33,0,PayPal,Delivered,28,-49.5246,26.6092,3.0,16.0,57.99
ORD-101219,2024-06-09 11:07:38.705803,Mexico,Food,Product_29,5,134.07,0,Gift Card,Processing,72,-40.4129,-170.2173,5.0,16.0,670.35
ORD-101220,2024-06-10 04:39:32.781854,Germany,Sports,Product_171,5,24.41,0,Crypto,Delivered,60,34.389,-85.2403,4.0,12.0,122.05
ORD-101221,2024-06-10 22:11:26.857905,India,Food,Product_153,7,14.95,5,Credit Card,Shipped,34,-56.9635,75.6982,2.0,18.0,99.42
ORD-101222,2024-06-11 15:43:20.933955,USA,Electronics,Product_122,4,34.25,15,Crypto,Delivered,53,55.6198,64.0479,5.0,11.0,116.45
ORD-101223,2024-06-12 09:15:15.010006,UK,Toys,Product_188,4,37.53,10,Crypto,Delivered,30,33.7436,-52.787,4.0,17.0,135.11
ORD-101224,2024-06-13 02:47:09.086057,Brazil,Books,Product_90,9,7.97,20,PayPal,Shipped,24,43.6917,111.0989,2.0,,57.38
ORD-101225,2024-06-13 20:19:03.162108,France,Electronics,Product_65,6,23.15,0,PayPal,Delivered,33,52.8579,-95.099,4.0,15.0,138.9
ORD-101226,2024-06-14 13:50:57.238158,UK,Sports,Product_84,4,22.06,0,PayPal,Delivered,50,-43.4341,-13.9426,5.0,6.0,88.24
ORD-101227,2024-06-15 07:22:51.314209,Mexico,Books,Product_119,2,26.94,15,Crypto,Delivered,62,51.0309,-9.889,,6.0,45.8
ORD-101228,2024-06-16 00:54:45.390260,Brazil,Food,Product_156,6,79.09,10,Credit Card,Delivered,18,8.1267,-57.306,4.0,18.0,427.09
ORD-101229,2024-06-16 18:26:39.466310,Australia,Books,Product_16,2,39.02,0,PayPal,Shipped,28,59.5457,163.6798,4.0,19.0,78.04
ORD-101230,2024-06-17 11:58:33.542361,France,,Product_175,5,144.54,15,Bank Transfer,Delivered,23,59.6892,70.8063,1.0,19.0,614.29
ORD-101231,2024-06-18 05:30:27.618412,USA,Electronics,Product_104,6,32.66,5,Credit Card,Delivered,37,-56.736,14.1118,2.0,2.0,186.16
ORD-101232,2024-06-18 23:02:21.694462,Canada,Sports,Product_92,4,279.03,5,Bank Transfer,Delivered,52,-8.3132,3.7854,5.0,,1060.31
ORD-101233,2024-06-19 16:34:15.770513,Australia,Home & Garden,Product_186,3,19.05,10,Credit Card,Processing,61,11.0638,-122.6534,5.0,14.0,51.44
ORD-101234,2024-06-20 10:06:09.846564,UK,Sports,Product_27,7,13.15,20,PayPal,Delivered,54,31.5786,-46.0127,3.0,,73.64
ORD-101235,2024-06-21 03:38:03.922615,,Food,Product_181,2,63.86,25,Gift Card,Shipped,58,-21.3649,62.1984,4.0,,95.79
ORD-101236,2024-06-21 21:09:57.998665,Germany,Clothing,Product_170,6,170.19,0,PayPal,Shipped,43,-25.9608,152.8453,5.0,6.0,1021.14
ORD-101237,2024-06-22 14:41:52.074716,Canada,Toys,Product_187,4,6.33,5,Crypto,Delivered,29,-8.5291,113.9271,3.0,19.0,24.05
ORD-101238,2024-06-23 08:13:46.150767,,Beauty,Product_175,6,26.14,25,Crypto,Cancelled,47,7.6267,-71.8597,,9.0,117.63
ORD-101239,2024-06-24 01:45:40.226817,India,Home & Garden,Product_162,4,15.91,10,Credit Card,Shipped,45,68.4047,-23.7756,5.0,4.0,57.28
ORD-101240,2024-06-24 19:17:34.302868,India,Books,Product_165,4,39.31,5,Crypto,Delivered,44,42.8846,-150.1497,5.0,7.0,149.38
ORD-101241,2024-06-25 12:49:28.378919,Brazil,Home & Garden,Product_134,4,33.52,5,PayPal,Delivered,59,-2.0416,-143.218,3.0,4.0,127.38
ORD-101242,2024-06-26 06:21:22.454969,Australia,Toys,Product_135,9,166.41,15,Bank Transfer,Cancelled,36,-52.6606,-10.7171,,11.0,1273.04
ORD-101243,2024-06-26 23:53:16.531020,USA,Books,Product_153,7,29.08,25,PayPal,Processing,22,-37.2497,10.879,,,152.67
ORD-101244,2024-06-27 17:25:10.607071,Mexico,Toys,Product_33,3,172.39,15,Credit Card,Delivered,22,1.5498,-84.9502,4.0,10.0,439.59
ORD-101245,2024-06-28 10:57:04.683122,France,Books,Product_55,3,22.69,5,Crypto,Delivered,58,49.8665,51.4018,5.0,,64.67
ORD-101246,2024-06-29 04:28:58.759172,France,Home & Garden,Product_186,6,100.66,25,Bank Transfer,Processing,44,-8.6061,73.217,4.0,8.0,452.97
ORD-101247,2024-06-29 22:00:52.835223,UK,Books,Product_7,6,43.57,0,Gift Card,Shipped,45,12.697,-72.3182,4.0,15.0,261.42
ORD-101248,2024-06-30 15:32:46.911274,UK,Books,Product_57,4,263.98,25,Bank Transfer,Processing,43,60.3937,93.0329,4.0,13.0,791.94
ORD-101249,2024-07-01 09:04:40.987324,,Clothing,Product_126,9,5.63,15,Bank Transfer,Delivered,44,63.3625,-105.9822,3.0,2.0,43.07
ORD-101250,2024-07-02 02:36:35.063375,USA,Sports,Product_12,4,8.19,0,PayPal,Shipped,69,-30.8704,15.9305,1.0,1.0,32.76
ORD-101251,2024-07-02 20:08:29.139426,Germany,Sports,Product_16,9,298.25,10,Gift Card,Delivered,66,-54.1147,109.5412,5.0,15.0,2415.83
ORD-101252,2024-07-03 13:40:23.215476,Japan,Beauty,Product_43,4,13.74,10,Credit Card,Delivered,59,-18.7696,13.3233,,7.0,49.46
ORD-101253,2024-07-04 07:12:17.291527,Mexico,Beauty,Product_117,2,14.82,20,Credit Card,Shipped,38,33.9333,146.8666,3.0,18.0,23.71
ORD-101254,2024-07-05 00:44:11.367578,Germany,Food,Product_135,2,11.58,0,Bank Transfer,Returned,18,68.4001,-158.9396,4.0,10.0,23.16
ORD-101255,2024-07-05 18:16:05.443629,Brazil,Food,Product_111,5,131.39,0,Bank Transfer,Delivered,71,-49.6007,31.793,5.0,15.0,656.95
ORD-101256,2024-07-06 11:47:59.519679,Japan,Food,Product_51,4,7.36,0,Crypto,Delivered,45,-56.1547,22.232,,5.0,29.44
ORD-101257,2024-07-07 05:19:53.595730,Japan,Clothing,Product_160,7,34.02,20,Gift Card,Shipped,65,59.3599,57.7272,4.0,11.0,190.51
ORD-101258,2024-07-07 22:51:47.671781,Australia,Beauty,Product_75,5,24.08,0,Bank Transfer,Delivered,32,40.9996,120.0265,3.0,8.0,120.4
ORD-101259,2024-07-08 16:23:41.747831,USA,Toys,Product_8,6,114.87,0,Crypto,Processing,72,73.9536,81.3071,3.0,8.0,689.22
ORD-101260,2024-07-09 09:55:35.823882,USA,Food,Product_45,4,16.84,20,Gift Card,Processing,34,-6.433,104.5018,,6.0,53.89
ORD-101261,2024-07-10 03:27:29.899933,Japan,Food,Product_59,2,54.51,10,Credit Card,Delivered,43,-3.8331,-76.026,4.0,15.0,98.12
ORD-101262,2024-07-10 20:59:23.975984,Australia,Home & Garden,Product_132,9,8.12,0,Crypto,Returned,37,-36.7379,-40.5009,,15.0,73.08
ORD-101263,2024-07-11 14:31:18.052034,Mexico,Electronics,Product_104,7,507.11,20,Gift Card,Processing,42,-44.3606,45.6397,5.0,5.0,2839.82
ORD-101264,2024-07-12 08:03:12.128085,Japan,Toys,Product_195,4,24.84,5,Crypto,Cancelled,30,18.1269,19.2461,5.0,13.0,94.39
ORD-101265,2024-07-13 01:35:06.204136,Canada,Food,Product_157,3,33.47,5,Bank Transfer,Shipped,50,-10.8215,165.9974,,14.0,95.39
ORD-101266,2024-07-13 19:07:00.280186,UK,Food,Product_157,3,241.22,10,PayPal,Cancelled,42,-49.1573,-112.7396,3.0,11.0,651.29
ORD-101267,2024-07-14 12:38:54.356237,UK,Food,Product_98,9,16.38,5,Credit Card,Delivered,25,59.7433,-53.5398,,12.0,140.05
ORD-101268,2024-07-15 06:10:48.432288,Germany,Electronics,Product_156,5,244.9,0,Bank Transfer,Delivered,22,-33.2219,26.1919,1.0,1.0,1224.5
ORD-101269,2024-07-15 23:42:42.508338,Brazil,Electronics,Product_79,3,20.21,20,Bank Transfer,Cancelled,23,41.0589,132.467,5.0,3.0,48.5
ORD-101270,2024-07-16 17:14:36.584389,,Clothing,Product_124,5,74.15,0,Gift Card,Delivered,40,-21.8991,154.5655,5.0,8.0,370.75
ORD-101271,2024-07-17 10:46:30.660440,India,Toys,Product_172,2,16.66,0,Crypto,Delivered,69,49.7422,-59.0269,5.0,12.0,33.32
ORD-101272,2024-07-18 04:18:24.736491,Germany,Clothing,Product_4,4,6.51,5,Credit Card,Processing,47,-44.0164,-155.841,3.0,15.0,24.74
ORD-101273,2024-07-18 21:50:18.812541,UK,Books,Product_90,2,54.46,15,Bank Transfer,Processing,31,42.0697,-28.2169,,3.0,92.58
ORD-101274,2024-07-19 15:22:12.888592,Brazil,Electronics,Product_104,2,71.37,25,Gift Card,Delivered,71,-46.754,-38.0361,4.0,8.0,107.06
ORD-101275,2024-07-20 08:54:06.964643,USA,Home & Garden,Product_137,8,6.83,0,Credit Card,Cancelled,40,0.3336,175.1353,5.0,19.0,54.64
ORD-101276,2024-07-21 02:26:01.040693,USA,Beauty,Product_119,1,22.91,0,Crypto,Shipped,28,39.0906,-24.818,4.0,6.0,22.91
ORD-101277,2024-07-21 19:57:55.116744,Mexico,Home & Garden,Product_133,7,139.9,20,Bank Transfer,Delivered,48,-36.6155,-69.9397,,,783.44
ORD-101278,2024-07-22 13:29:49.192795,Japan,Beauty,Product_56,5,68.04,10,Bank Transfer,Processing,23,-21.4352,-48.4641,3.0,,306.18
ORD-101279,2024-07-23 07:01:43.268845,Canada,Electronics,Product_96,8,20.61,0,Bank Transfer,Delivered,28,56.7435,-37.1065,5.0,12.0,164.88
ORD-101280,2024-07-24 00:33:37.344896,USA,Electronics,Product_178,1,16.17,15,Credit Card,Delivered,30,59.4911,115.7545,5.0,2.0,13.74
ORD-101281,2024-07-24 18:05:31.420947,Australia,Electronics,Product_75,7,343.06,5,Credit Card,Delivered,29,-53.9337,-150.8346,5.0,5.0,2281.35
ORD-101282,2024-07-25 11:37:25.496998,,Clothing,Product_143,5,5.83,0,Credit Card,Delivered,71,-37.3078,-66.0575,5.0,4.0,29.15
ORD-101283,2024-07-26 05:09:19.573048,Australia,Toys,Product_32,4,30.84,10,Credit Card,Delivered,19,-44.1413,167.8747,4.0,9.0,111.02
ORD-101284,2024-07-26 22:41:13.649099,Brazil,Beauty,Product_28,7,5.71,0,Gift Card,Processing,70,-35.7414,-124.8831,,13.0,39.97
ORD-101285,2024-07-27 16:13:07.725150,,Toys,Product_22,2,160.42,10,PayPal,Processing,52,70.9753,87.3365,4.0,13.0,288.76
ORD-101286,2024-07-28 09:45:01.801200,Canada,Clothing,Product_17,1,32.83,25,Gift Card,Delivered,72,14.4735,-51.6983,,15.0,24.62
ORD-101287,2024-07-29 03:16:55.877251,Brazil,Clothing,Product_59,1,41.01,20,Bank Transfer,Processing,53,3.1952,29.4428,5.0,2.0,32.81
ORD-101288,2024-07-29 20:48:49.953302,India,Sports,Product_90,1,918.43,0,Gift Card,Delivered,34,72.9031,-144.1627,3.0,13.0,918.43
ORD-101289,2024-07-30 14:20:44.029352,India,Home & Garden,Product_199,5,16.25,5,Crypto,Delivered,45,15.1891,-69.6918,2.0,7.0,77.19
ORD-101290,2024-07-31 07:52:38.105403,Australia,Home & Garden,Product_106,7,269.96,20,Credit Card,Cancelled,45,29.2509,0.3114,4.0,17.0,1511.78
ORD-101291,2024-08-01 01:24:32.181454,,Books,Product_185,2,20.72,20,Crypto,Delivered,39,-15.076,-96.5878,3.0,8.0,33.15
ORD-101292,2024-08-01 18:56:26.257505,Germany,Food,Product_26,8,25.02,25,Crypto,Delivered,55,-8.4145,15.0732,4.0,18.0,150.12
ORD-101293,2024-08-02 12:28:20.333555,Japan,Clothing,Product_25,4,785.1,10,Bank Transfer,Shipped,24,20.2453,-100.8866,3.0,15.0,2826.36
ORD-101294,2024-08-03 06:00:14.409606,Mexico,Beauty,Product_138,3,27.29,0,Credit Card,Delivered,32,-50.5789,54.0362,3.0,15.0,81.87
ORD-101295,2024-08-03 23:32:08.485657,Japan,Sports,Product_45,8,6.36,0,Crypto,Cancelled,49,-25.4558,145.5676,4.0,5.0,50.88
ORD-101296,2024-08-04 17:04:02.561707,Mexico,Sports,Product_83,2,46.45,0,Bank Transfer,Delivered,28,-33.4304,-149.2241,4.0,2.0,92.9
ORD-101297,2024-08-05 10:35:56.637758,,Food,Product_11,3,26.92,0,Credit Card,Delivered,41,-57.8544,-102.0182,4.0,16.0,80.76
ORD-101298,2024-08-06 04:07:50.713809,Canada,Toys,Product_181,3,51.45,10,PayPal,Delivered,20,12.4817,123.9923,3.0,5.0,138.92
ORD-101299,2024-08-06 21:39:44.789859,USA,Food,Product_104,1,28.21,15,Bank Transfer,Delivered,47,15.7421,47.3593,5.0,6.0,23.98
ORD-101300,2024-08-07 15:11:38.865910,Canada,Food,Product_68,6,472.79,0,Gift Card,Delivered,23,-8.1682,-151.6648,2.0,12.0,2836.74
ORD-101301,2024-08-08 08:43:32.941961,Mexico,Food,Product_95,2,64.59,5,Credit Card,Delivered,19,-23.7218,-4.914,1.0,5.0,122.72
ORD-101302,2024-08-09 02:15:27.018012,Brazil,,Product_156,1,9.12,0,Crypto,Cancelled,31,28.0281,-104.4869,4.0,8.0,9.12
ORD-101303,2024-08-09 19:47:21.094062,India,Clothing,Product_65,2,38.45,25,Crypto,Cancelled,58,-41.821,-108.3253,,11.0,57.68
ORD-101304,2024-08-10 13:19:15.170113,Mexico,Books,Product_49,6,12.69,0,Gift Card,Delivered,35,10.013,158.6323,4.0,14.0,76.14
ORD-101305,2024-08-11 06:51:09.246164,Canada,Clothing,Product_175,4,24.6,10,Gift Card,Delivered,68,43.69,94.155,5.0,17.0,88.56
ORD-101306,2024-08-12 00:23:03.322214,Brazil,Toys,Product_52,6,11.11,0,Crypto,Delivered,61,-37.8198,70.643,5.0,10.0,66.66
ORD-101307,2024-08-12 17:54:57.398265,Canada,Electronics,Product_102,9,415.11,25,Credit Card,Cancelled,48,41.69,-93.9856,4.0,2.0,2801.99
ORD-101308,2024-08-13 11:26:51.474316,Japan,Food,Product_182,8,14.44,20,Bank Transfer,Returned,30,42.7073,-137.3136,4.0,3.0,92.42
ORD-101309,2024-08-14 04:58:45.550366,UK,Clothing,Product_188,1,75.57,0,Gift Card,Delivered,43,-51.9099,133.4997,3.0,13.0,75.57
ORD-101310,2024-08-14 22:30:39.626417,Australia,Toys,Product_57,8,22.46,20,Gift Card,Shipped,61,-57.4641,-177.8834,4.0,17.0,143.74
ORD-101311,2024-08-15 16:02:33.702468,Germany,Electronics,Product_47,9,8.25,0,Gift Card,Delivered,29,71.4813,-40.2853,4.0,3.0,74.25
ORD-101312,2024-08-16 09:34:27.778519,Canada,Electronics,Product_159,6,41.98,0,PayPal,Delivered,35,-33.8933,-80.0595,5.0,10.0,251.88
ORD-101313,2024-08-17 03:06:21.854569,Germany,Food,Product_174,5,53.56,25,Credit Card,Delivered,26,50.9888,25.3354,,8.0,200.85
ORD-101314,2024-08-17 20:38:15.930620,France,Books,Product_26,6,64.74,10,Credit Card,Delivered,66,15.8498,-89.817,,4.0,349.6
ORD-101315,2024-08-18 14:10:10.006671,Canada,Beauty,Product_114,6,1.42,10,Credit Card,Delivered,38,-24.2963,-67.9661,5.0,13.0,7.67
ORD-101316,2024-08-19 07:42:04.082721,UK,Home & Garden,Product_5,9,7.52,0,Credit Card,Delivered,65,-42.454,126.0143,5.0,7.0,67.68
ORD-101317,2024-08-20 01:13:58.158772,Germany,Clothing,Product_84,4,104.49,0,Credit Card,Shipped,66,7.0514,37.148,,7.0,417.96
ORD-101318,2024-08-20 18:45:52.234823,Mexico,Electronics,Product_52,2,10.93,10,Crypto,Delivered,70,-5.0071,-127.5543,4.0,,19.67
ORD-101319,2024-08-21 12:17:46.310873,Canada,Clothing,Product_105,9,42.25,15,Gift Card,Delivered,73,34.3496,81.5298,4.0,5.0,323.21
ORD-101320,2024-08-22 05:49:40.386924,USA,Beauty,Product_54,2,7.32,15,Crypto,Delivered,57,62.0628,-105.3147,,17.0,12.44
ORD-101321,2024-08-22 23:21:34.462975,Australia,Home & Garden,Product_161,9,79.67,20,PayPal,Delivered,60,48.7085,-24.1182,3.0,10.0,573.62
ORD-101322,2024-08-23 16:53:28.539026,UK,Beauty,Product_178,2,101.24,0,Bank Transfer,Delivered,41,-22.949,52.7786,3.0,4.0,202.48
ORD-101323,2024-08-24 10:25:22.615076,Germany,Home & Garden,Product_166,8,79.7,0,Gift Card,Delivered,51,58.656,-82.1054,5.0,14.0,637.6
ORD-101324,2024-08-25 03:57:16.691127,UK,Sports,Product_155,9,114.33,5,PayPal,Delivered,25,52.5078,-41.7215,,5.0,977.52
ORD-101325,2024-08-25 21:29:10.767178,Brazil,Home & Garden,Product_15,9,216.3,25,Crypto,Delivered,61,65.4334,84.2939,,2.0,1460.02
ORD-101326,2024-08-26 15:01:04.843228,Australia,Food,Product_61,9,8.09,0,Bank Transfer,Delivered,70,1.9192,157.6479,5.0,14.0,72.81
ORD-101327,2024-08-27 08:32:58.919279,Mexico,Books,Product_122,2,12.85,0,PayPal,Delivered,50,43.7576,10.5282,5.0,18.0,25.7
ORD-101328,2024-08-28 02:04:52.995330,Canada,Beauty,Product_21,4,97.23,10,Bank Transfer,Shipped,40,19.8738,-176.4105,2.0,11.0,350.03
ORD-101329,2024-08-28 19:36:47.071380,Canada,Electronics,Product_46,7,128.54,0,PayPal,Processing,30,-18.0821,-58.153,5.0,16.0,899.78
ORD-101330,2024-08-29 13:08:41.147431,Canada,Food,Product_197,2,14.74,5,Crypto,Delivered,71,74.2482,-36.4916,5.0,,28.01
ORD-101331,2024-08-30 06:40:35.223482,Australia,Sports,Product_134,1,13.56,5,Bank Transfer,Delivered,70,-54.8285,-57.8975,5.0,16.0,12.88
ORD-101332,2024-08-31 00:12:29.299533,USA,Books,Product_38,3,15.14,15,PayPal,Delivered,66,-38.0932,-22.9432,4.0,4.0,38.61
ORD-101333,2024-08-31 17:44:23.375583,France,Clothing,Product_62,4,4.83,0,Crypto,Delivered,31,60.4932,47.7599,3.0,1.0,19.32
ORD-101334,2024-09-01 11:16:17.451634,India,Food,Product_86,8,7.2,0,Gift Card,Delivered,31,-51.824,-136.3939,5.0,14.0,57.6
ORD-101335,2024-09-02 04:48:11.527685,Japan,Beauty,Product_190,6,7.41,0,Crypto,Delivered,33,59.7208,-81.853,4.0,12.0,44.46
ORD-101336,2024-09-02 22:20:05.603735,Germany,Toys,Product_78,2,23.27,0,Crypto,Delivered,66,36.5549,2.7533,4.0,10.0,46.54
ORD-101337,2024-09-03 15:51:59.679786,USA,Toys,Product_46,9,45.83,15,Gift Card,Cancelled,55,-55.0477,-66.3936,4.0,19.0,350.6
ORD-101338,2024-09-04 09:23:53.755837,Mexico,Electronics,Product_141,2,55.71,20,Crypto,Delivered,56,-2.0418,176.7907,4.0,4.0,89.14
ORD-101339,2024-09-05 02:55:47.831887,Germany,Home & Garden,Product_3,5,17.99,5,Gift Card,Delivered,43,41.8536,-24.6847,5.0,3.0,85.45
ORD-101340,2024-09-05 20:27:41.907938,Canada,Electronics,Product_6,4,18.53,0,Gift Card,Delivered,43,18.7185,133.1277,4.0,4.0,74.12
ORD-101341,2024-09-06 13:59:35.983989,UK,Toys,Product_93,7,38.41,0,Gift Card,Cancelled,18,66.3426,142.7435,,15.0,268.87
ORD-101342,2024-09-07 07:31:30.060040,Mexico,Clothing,Product_8,8,5.5,0,PayPal,Processing,49,57.1319,120.9625,,11.0,44.0
ORD-101343,2024-09-08 01:03:24.136090,,Sports,Product_172,5,104.72,0,Bank Transfer,Delivered,74,-15.0926,-163.1166,4.0,16.0,523.6
ORD-101344,2024-09-08 18:35:18.212141,Canada,Sports,Product_108,5,154.85,15,PayPal,Processing,32,-48.5753,161.1888,4.0,4.0,658.11
ORD-101345,2024-09-09 12:07:12.288192,Germany,Beauty,Product_161,2,15.63,15,Gift Card,Delivered,69,67.4747,-133.6527,5.0,,26.57
ORD-101346,2024-09-10 05:39:06.364242,UK,Sports,Product_75,8,20.53,15,Bank Transfer,Processing,38,9.8337,-167.6147,4.0,8.0,139.6
ORD-101347,2024-09-10 23:11:00.440293,Canada,,Product_77,2,147.23,0,Bank Transfer,Processing,35,-49.9563,-30.8269,4.0,13.0,294.46
ORD-101348,2024-09-11 16:42:54.516344,France,Food,Product_50,6,28.57,0,Gift Card,Delivered,47,50.2377,-109.9317,,4.0,171.42
ORD-101349,2024-09-12 10:14:48.592394,USA,Beauty,Product_11,8,67.08,15,Bank Transfer,Shipped,30,57.2484,-113.6892,5.0,5.0,456.14
ORD-101350,2024-09-13 03:46:42.668445,Brazil,Food,Product_95,6,29.64,0,Bank Transfer,Delivered,41,26.3223,-76.3849,4.0,10.0,177.84
ORD-101351,2024-09-13 21:18:36.744496,Japan,Beauty,Product_156,4,214.34,25,PayPal,Delivered,47,0.4137,-90.574,4.0,5.0,643.02
ORD-101352,2024-09-14 14:50:30.820547,Australia,Toys,Product_70,4,59.63,0,Bank Transfer,Delivered,19,29.3934,66.5263,4.0,12.0,238.52
ORD-101353,2024-09-15 08:22:24.896597,Japan,Toys,Product_169,6,63.89,25,Gift Card,Shipped,36,35.4023,-112.7602,4.0,1.0,287.5
ORD-101354,2024-09-16 01:54:18.972648,Mexico,Home & Garden,Product_16,4,65.34,5,Credit Card,Delivered,64,60.559,15.5226,2.0,10.0,248.29
ORD-101355,2024-09-16 19:26:13.048699,Japan,Food,Product_68,8,17.01,0,Credit Card,Delivered,61,69.0413,175.1136,5.0,5.0,136.08
ORD-101356,2024-09-17 12:58:07.124749,Canada,Books,Product_99,9,18.99,10,Credit Card,Shipped,64,9.4333,-24.3423,5.0,19.0,153.82
ORD-101357,2024-09-18 06:30:01.200800,France,Food,Product_48,1,83.35,25,Gift Card,Delivered,42,47.7968,51.0743,4.0,19.0,62.51
ORD-101358,2024-09-19 00:01:55.276851,Brazil,Beauty,Product_184,4,38.54,25,Credit Card,Delivered,67,70.2088,168.9738,4.0,12.0,115.62
ORD-101359,2024-09-19 17:33:49.352901,USA,Beauty,Product_64,4,8.06,0,PayPal,Delivered,31,-39.5821,-130.45,5.0,16.0,32.24
ORD-101360,2024-09-20 11:05:43.428952,USA,Books,Product_187,2,313.48,10,Gift Card,Delivered,23,-57.5338,-29.3015,3.0,5.0,564.26
ORD-101361,2024-09-21 04:37:37.505003,UK,Electronics,Product_90,6,107.09,20,Gift Card,Delivered,29,57.3101,126.0693,5.0,17.0,514.03
ORD-101362,2024-09-21 22:09:31.581054,Australia,Beauty,Product_190,3,34.64,10,Gift Card,Delivered,37,-33.6381,155.63,2.0,14.0,93.53
ORD-101363,2024-09-22 15:41:25.657104,Germany,Home & Garden,Product_76,7,23.85,5,Bank Transfer,Returned,40,-54.2654,36.445,4.0,12.0,158.6
ORD-101364,2024-09-23 09:13:19.733155,France,,Product_139,5,42.03,25,Bank Transfer,Shipped,47,-38.387,-128.3686,5.0,13.0,157.61
ORD-101365,2024-09-24 02:45:13.809206,Germany,Sports,Product_101,4,61.62,0,Bank Transfer,Delivered,47,-8.1445,144.5298,4.0,14.0,246.48
ORD-101366,2024-09-24 20:17:07.885256,Brazil,Clothing,Product_89,5,2.89,15,Crypto,Delivered,55,-30.3991,-117.1992,4.0,5.0,12.28
ORD-101367,2024-09-25 13:49:01.961307,Japan,Clothing,Product_18,8,417.72,10,PayPal,Delivered,47,-18.7908,-52.964,5.0,5.0,3007.58
ORD-101368,2024-09-26 07:20:56.037358,USA,Sports,Product_19,3,12.83,0,Gift Card,Shipped,58,71.6647,-44.8171,5.0,18.0,38.49
ORD-101369,2024-09-27 00:52:50.113408,Brazil,Sports,Product_55,7,33.04,0,Gift Card,Delivered,47,35.0947,-18.975,5.0,14.0,231.28
ORD-101370,2024-09-27 18:24:44.189459,Japan,Toys,Product_102,6,34.53,20,Bank Transfer,Delivered,74,36.1459,104.4597,,18.0,165.74
ORD-101371,2024-09-28 11:56:38.265510,USA,Home & Garden,Product_118,1,363.66,15,Gift Card,Cancelled,53,-47.2175,108.772,4.0,1.0,309.11
ORD-101372,2024-09-29 05:28:32.341561,Japan,Books,Product_154,7,29.79,0,Gift Card,Delivered,66,38.8333,79.0758,5.0,7.0,208.53
ORD-101373,2024-09-29 23:00:26.417611,Australia,Clothing,Product_134,7,222.79,0,Credit Card,Delivered,51,39.8115,-172.0337,5.0,17.0,1559.53
ORD-101374,2024-09-30 16:32:20.493662,France,Toys,Product_4,1,53.95,10,Gift Card,Cancelled,33,29.0656,23.3442,5.0,3.0,48.56
ORD-101375,2024-10-01 10:04:14.569713,Mexico,Toys,Product_108,9,10.44,0,Crypto,Shipped,41,-29.1611,89.0975,5.0,10.0,93.96
ORD-101376,2024-10-02 03:36:08.645763,Brazil,Books,Product_115,6,38.93,5,Bank Transfer,Delivered,31,-2.8901,-19.9349,2.0,7.0,221.9
ORD-101377,2024-10-02 21:08:02.721814,Brazil,Toys,Product_29,2,28.73,5,PayPal,Shipped,43,54.2473,160.177,5.0,12.0,54.59
ORD-101378,2024-10-03 14:39:56.797865,India,Food,Product_59,5,9.02,10,PayPal,Delivered,25,30.4772,116.5718,5.0,15.0,40.59
ORD-101379,2024-10-04 08:11:50.873915,Canada,Home & Garden,Product_125,4,50.87,0,Credit Card,Shipped,31,38.9238,49.7358,5.0,16.0,203.48
ORD-101380,2024-10-05 01:43:44.949966,Australia,Sports,Product_98,7,34.01,0,PayPal,Delivered,48,19.2955,-157.5269,,8.0,238.07
ORD-101381,2024-10-05 19:15:39.026017,Australia,Beauty,Product_17,8,64.57,0,PayPal,Processing,19,0.6942,54.8446,5.0,6.0,516.56
ORD-101382,2024-10-06 12:47:33.102068,Germany,Books,Product_107,1,41.76,0,Bank Transfer,Returned,65,42.472,148.1687,2.0,4.0,41.76
ORD-101383,2024-10-07 06:19:27.178118,Japan,Sports,Product_43,5,15.16,0,Bank Transfer,Cancelled,21,-50.83,-43.3997,3.0,11.0,75.8
ORD-101384,2024-10-07 23:51:21.254169,Canada,Sports,Product_80,3,83.26,0,Crypto,Cancelled,18,30.8767,121.7277,5.0,17.0,249.78
ORD-101385,2024-10-08 17:23:15.330220,,Electronics,Product_194,1,15.65,15,Credit Card,Delivered,72,74.6226,-67.262,5.0,2.0,13.3
ORD-101386,2024-10-09 10:55:09.406270,,Food,Product_162,3,0.8,0,PayPal,Delivered,37,45.3259,25.2372,4.0,6.0,2.4
ORD-101387,2024-10-10 04:27:03.482321,Australia,Books,Product_8,6,38.64,15,Crypto,Delivered,31,-20.7739,53.4328,,4.0,197.06
ORD-101388,2024-10-10 21:58:57.558372,France,Toys,Product_141,7,17.03,0,Credit Card,Shipped,57,-22.4944,64.0782,4.0,3.0,119.21
ORD-101389,2024-10-11 15:30:51.634422,India,Beauty,Product_106,8,52.38,20,PayPal,Cancelled,42,30.0745,137.7178,1.0,7.0,335.23
ORD-101390,2024-10-12 09:02:45.710473,Brazil,Books,Product_8,4,364.54,0,PayPal,Delivered,42,60.9403,-95.536,3.0,7.0,1458.16
ORD-101391,2024-10-13 02:34:39.786524,UK,Toys,Product_96,3,377.39,20,Bank Transfer,Cancelled,20,18.0232,-85.5469,5.0,16.0,905.74
ORD-101392,2024-10-13 20:06:33.862575,Mexico,Sports,Product_94,5,27.16,5,Gift Card,Processing,22,11.1993,73.4548,,2.0,129.01
ORD-101393,2024-10-14 13:38:27.938625,Germany,Beauty,Product_65,9,12.28,10,Credit Card,Returned,55,-38.3481,-116.2102,2.0,8.0,99.47
ORD-101394,2024-10-15 07:10:22.014676,Japan,Toys,Product_171,6,66.79,10,PayPal,Cancelled,71,36.5867,-12.8627,,15.0,360.67
ORD-101395,2024-10-16 00:42:16.090727,Mexico,Home & Garden,Product_39,9,21.24,15,Credit Card,Delivered,43,34.8103,-172.7876,4.0,16.0,162.49
ORD-101396,2024-10-16 18:14:10.166777,Japan,Toys,Product_81,6,52.99,15,Crypto,Delivered,57,70.5384,-129.2474,5.0,1.0,270.25
ORD-101397,2024-10-17 11:46:04.242828,USA,Electronics,Product_187,2,14.98,5,Crypto,Delivered,55,-19.4741,64.3847,,10.0,28.46
ORD-101398,2024-10-18 05:17:58.318879,Mexico,Food,Product_84,5,44.74,0,Gift Card,Delivered,55,42.1201,89.0862,,7.0,223.7
ORD-101399,2024-10-18 22:49:52.394929,UK,Sports,Product_88,9,12.5,20,PayPal,Shipped,21,-1.4012,-138.4851,,16.0,90.0
ORD-101400,2024-10-19 16:21:46.470980,Australia,Toys,Product_86,8,137.15,25,Bank Transfer,Processing,24,15.3938,-98.0246,4.0,10.0,822.9
ORD-101401,2024-10-20 09:53:40.547031,,Food,Product_93,7,16.31,20,PayPal,Cancelled,47,50.2213,-144.3944,5.0,12.0,91.34
ORD-101402,2024-10-21 03:25:34.623082,Brazil,Clothing,Product_86,1,73.21,0,Credit Card,Shipped,47,-30.0307,-23.9714,4.0,,73.21
ORD-101403,2024-10-21 20:57:28.699132,Brazil,Clothing,Product_44,4,7.26,0,Crypto,Delivered,73,-13.7127,-134.5982,1.0,13.0,29.04
ORD-101404,2024-10-22 14:29:22.775183,India,Food,Product_137,7,84.56,10,Credit Card,Delivered,36,44.3967,-22.5734,4.0,12.0,532.73
ORD-101405,2024-10-23 08:01:16.851234,Canada,Food,Product_165,7,10.38,0,Gift Card,Delivered,56,17.0118,83.5554,1.0,15.0,72.66
ORD-101406,2024-10-24 01:33:10.927284,USA,Electronics,Product_74,6,45.3,0,Crypto,Delivered,52,-47.5229,66.0199,5.0,14.0,271.8
ORD-101407,2024-10-24 19:05:05.003335,Japan,Home & Garden,Product_36,8,113.05,15,Bank Transfer,Delivered,57,-1.9249,-79.0342,5.0,19.0,768.74
ORD-101408,2024-10-25 12:36:59.079386,,Sports,Product_101,6,26.05,20,Crypto,Delivered,50,19.1955,62.5545,3.0,19.0,125.04
ORD-101409,2024-10-26 06:08:53.155436,France,Books,Product_156,3,9.63,10,PayPal,Delivered,50,62.7848,153.9764,3.0,14.0,26.0
ORD-101410,2024-10-26 23:40:47.231487,Mexico,,Product_170,4,60.11,0,PayPal,Delivered,31,-34.5541,-54.8912,5.0,18.0,240.44
ORD-101411,2024-10-27 17:12:41.307538,USA,Home & Garden,Product_171,3,12.07,25,Crypto,Shipped,55,48.8037,-61.5171,4.0,5.0,27.16
ORD-101412,2024-10-28 10:44:35.383589,Mexico,Food,Product_170,1,20.39,15,Gift Card,Delivered,27,-42.3657,25.7179,5.0,6.0,17.33
ORD-101413,2024-10-29 04:16:29.459639,UK,Books,Product_104,5,45.54,0,PayPal,Delivered,74,-27.2982,-91.6193,4.0,18.0,227.7
ORD-101414,2024-10-29 21:48:23.535690,Germany,Food,Product_66,1,169.49,25,PayPal,Delivered,45,-27.1486,54.5684,5.0,14.0,127.12
ORD-101415,2024-10-30 15:20:17.611741,Germany,Food,Product_55,1,34.19,0,Bank Transfer,Returned,31,58.4597,119.6142,5.0,4.0,34.19
ORD-101416,2024-10-31 08:52:11.687791,,Clothing,Product_176,2,34.04,25,Crypto,Delivered,53,-33.1326,-14.6453,1.0,1.0,51.06
ORD-101417,2024-11-01 02:24:05.763842,,Clothing,Product_91,4,80.24,20,PayPal,Delivered,55,46.2397,64.6226,3.0,13.0,256.77
ORD-101418,2024-11-01 19:55:59.839893,,Books,Product_22,6,35.18,0,Gift Card,Shipped,33,2.3439,54.6788,4.0,11.0,211.08
ORD-101419,2024-11-02 13:27:53.915943,UK,Electronics,Product_101,8,71.0,25,Credit Card,Delivered,38,74.8773,-166.0804,5.0,,426.0
ORD-101420,2024-11-03 06:59:47.991994,India,Clothing,Product_155,3,120.81,15,Crypto,Cancelled,45,53.2774,-113.9701,2.0,17.0,308.07
ORD-101421,2024-11-04 00:31:42.068045,Australia,Sports,Product_121,1,22.35,0,Bank Transfer,Delivered,50,39.8599,141.6708,4.0,18.0,22.35
ORD-101422,2024-11-04 18:03:36.144096,Japan,Food,Product_93,3,0.65,0,PayPal,Delivered,23,57.5481,158.0012,4.0,10.0,1.95
ORD-101423,2024-11-05 11:35:30.220146,Japan,Beauty,Product_195,3,12.41,20,Gift Card,Delivered,58,25.5941,100.9583,5.0,16.0,29.78
ORD-101424,2024-11-06 05:07:24.296197,France,Toys,Product_108,5,141.23,0,Crypto,Shipped,32,53.8931,151.6493,5.0,13.0,706.15
ORD-101425,2024-11-06 22:39:18.372248,Brazil,Books,Product_141,4,31.8,0,Gift Card,Delivered,61,-24.7479,-69.7865,4.0,12.0,127.2
ORD-101426,2024-11-07 16:11:12.448298,Germany,,Product_173,4,22.04,0,Gift Card,Delivered,20,-46.8101,-90.8241,3.0,4.0,88.16
ORD-101427,2024-11-08 09:43:06.524349,Japan,Clothing,Product_10,9,134.31,5,Bank Transfer,Delivered,60,23.1508,-41.6519,1.0,8.0,1148.35
ORD-101428,2024-11-09 03:15:00.600400,Australia,Electronics,Product_9,7,29.32,20,Crypto,Delivered,64,-1.3168,-160.0769,4.0,12.0,164.19
ORD-101429,2024-11-09 20:46:54.676450,UK,Food,Product_182,4,2.69,20,PayPal,Delivered,52,-2.4305,111.5538,4.0,19.0,8.61
ORD-101430,2024-11-10 14:18:48.752501,Japan,Sports,Product_155,3,5.44,10,Bank Transfer,Shipped,31,11.111,174.3032,4.0,15.0,14.69
ORD-101431,2024-11-11 07:50:42.828552,UK,Electronics,Product_34,6,54.73,0,PayPal,Shipped,19,-11.2133,116.6505,5.0,,328.38
ORD-101432,2024-11-12 01:22:36.904603,Japan,Home & Garden,Product_129,3,30.56,0,Credit Card,Delivered,46,24.518,19.7911,4.0,,91.68
ORD-101433,2024-11-12 18:54:30.980653,Germany,Home & Garden,Product_160,6,189.73,0,Gift Card,Delivered,21,-55.8733,-73.6985,5.0,18.0,1138.38
ORD-101434,2024-11-13 12:26:25.056704,Mexico,Beauty,Product_89,9,13.74,25,Credit Card,Shipped,43,70.9353,-108.8288,3.0,12.0,92.74
ORD-101435,2024-11-14 05:58:19.132755,Japan,Clothing,Product_93,6,22.84,0,Gift Card,Delivered,68,64.8357,-48.9374,1.0,16.0,137.04
ORD-101436,2024-11-14 23:30:13.208805,Australia,Clothing,Product_71,4,11.46,5,Bank Transfer,Delivered,29,66.2615,60.109,,11.0,43.55
ORD-101437,2024-11-15 17:02:07.284856,Japan,Clothing,Product_67,5,17.73,10,PayPal,Delivered,19,-10.7245,-19.0578,5.0,14.0,79.79
ORD-101438,2024-11-16 10:34:01.360907,Brazil,Beauty,Product_148,6,3.42,0,PayPal,Shipped,34,11.8053,156.2615,4.0,2.0,20.52
ORD-101439,2024-11-17 04:05:55.436957,Germany,,Product_117,3,20.85,0,Bank Transfer,Cancelled,52,68.8076,127.5193,5.0,13.0,62.55
ORD-101440,2024-11-17 21:37:49.513008,Australia,Electronics,Product_94,8,31.12,10,Crypto,Shipped,27,61.8167,-143.1358,4.0,14.0,224.06
ORD-101441,2024-11-18 15:09:43.589059,India,Beauty,Product_163,4,28.12,20,Credit Card,Delivered,65,46.683,-132.6509,4.0,6.0,89.98
ORD-101442,2024-11-19 08:41:37.665110,Australia,Beauty,Product_99,8,436.79,10,Credit Card,Delivered,39,-5.0102,63.4461,5.0,12.0,3144.89
ORD-101443,2024-11-20 02:13:31.741160,Brazil,Electronics,Product_113,3,298.92,25,PayPal,Cancelled,58,16.1858,-96.9234,4.0,7.0,672.57
ORD-101444,2024-11-20 19:45:25.817211,Mexico,Clothing,Product_103,7,13.45,15,PayPal,Delivered,60,47.0432,104.7708,3.0,4.0,80.03
ORD-101445,2024-11-21 13:17:19.893262,Germany,Sports,Product_91,9,2.85,0,PayPal,Returned,38,-23.1434,32.8889,2.0,7.0,25.65
ORD-101446,2024-11-22 06:49:13.969312,India,Electronics,Product_90,4,29.4,25,Bank Transfer,Cancelled,32,24.5707,-97.261,5.0,13.0,88.2
ORD-101447,2024-11-23 00:21:08.045363,,Home & Garden,Product_17,8,52.03,0,Crypto,Delivered,52,51.7711,-7.6728,5.0,11.0,416.24
ORD-101448,2024-11-23 17:53:02.121414,,Books,Product_18,3,11.79,0,Credit Card,Cancelled,65,35.5064,-33.8125,1.0,8.0,35.37
ORD-101449,2024-11-24 11:24:56.197464,USA,Food,Product_173,7,12.51,25,Gift Card,Delivered,38,4.7299,134.3374,,19.0,65.68
ORD-101450,2024-11-25 04:56:50.273515,Germany,Books,Product_116,3,221.2,0,Bank Transfer,Processing,38,18.9221,-168.4215,5.0,2.0,663.6
ORD-101451,2024-11-25 22:28:44.349566,Australia,Toys,Product_93,7,24.31,15,Credit Card,Delivered,38,73.4712,142.5038,5.0,18.0,144.64
ORD-101452,2024-11-26 16:00:38.425617,UK,Toys,Product_181,6,73.31,25,Crypto,Delivered,61,21.2684,54.7498,4.0,10.0,329.9
ORD-101453,2024-11-27 09:32:32.501667,Mexico,Beauty,Product_91,2,10.84,15,Bank Transfer,Shipped,49,46.0584,85.5137,5.0,6.0,18.43
ORD-101454,2024-11-28 03:04:26.577718,UK,Food,Product_82,3,30.93,25,Credit Card,Processing,72,38.0916,-179.0613,4.0,4.0,69.59
ORD-101455,2024-11-28 20:36:20.653769,Australia,Books,Product_68,6,22.12,0,Bank Transfer,Delivered,22,34.7012,46.1662,3.0,19.0,132.72
ORD-101456,2024-11-29 14:08:14.729819,Australia,Sports,Product_193,4,14.73,5,Credit Card,Delivered,56,36.7098,31.855,,14.0,55.97
ORD-101457,2024-11-30 07:40:08.805870,Germany,Clothing,Product_114,6,132.47,10,Credit Card,Delivered,26,1.3453,13.394,4.0,14.0,715.34
ORD-101458,2024-12-01 01:12:02.881921,Australia,Home & Garden,Product_1,1,6.25,0,Crypto,Delivered,70,4.0116,102.9121,4.0,18.0,6.25
ORD-101459,2024-12-01 18:43:56.957971,USA,Toys,Product_58,1,47.47,0,Gift Card,Delivered,35,3.1615,20.1136,,17.0,47.47
ORD-101460,2024-12-02 12:15:51.034022,India,Sports,Product_154,3,21.63,0,Crypto,Delivered,38,-55.5106,128.555,3.0,,64.89
ORD-101461,2024-12-03 05:47:45.110073,Australia,Home & Garden,Product_109,8,54.48,0,Credit Card,Delivered,25,-27.4562,-96.2527,,,435.84
ORD-101462,2024-12-03 23:19:39.186124,UK,Home & Garden,Product_148,8,21.98,20,Bank Transfer,Delivered,61,-39.1339,110.1537,1.0,5.0,140.67
ORD-101463,2024-12-04 16:51:33.262174,Australia,Clothing,Product_116,4,93.75,5,Crypto,Delivered,69,59.6701,-115.4474,5.0,9.0,356.25
ORD-101464,2024-12-05 10:23:27.338225,USA,Food,Product_87,6,10.72,0,Gift Card,Delivered,51,-22.8791,112.7224,,,64.32
ORD-101465,2024-12-06 03:55:21.414276,Japan,Beauty,Product_10,8,132.83,15,Credit Card,Delivered,27,-41.3102,158.5669,3.0,4.0,903.24
ORD-101466,2024-12-06 21:27:15.490326,Japan,Books,Product_59,7,31.99,0,Crypto,Returned,68,-43.8315,-59.1501,4.0,7.0,223.93
ORD-101467,2024-12-07 14:59:09.566377,Brazil,Clothing,Product_41,7,6.72,20,Crypto,Delivered,58,34.4986,10.7591,2.0,11.0,37.63
ORD-101468,2024-12-08 08:31:03.642428,Mexico,Sports,Product_105,4,74.91,0,Crypto,Cancelled,74,-59.1788,56.9984,4.0,14.0,299.64
ORD-101469,2024-12-09 02:02:57.718478,France,Beauty,Product_133,9,26.09,15,Crypto,Shipped,41,3.6261,-151.3902,,10.0,199.59
ORD-101470,2024-12-09 19:34:51.794529,India,Sports,Product_122,6,4.27,15,Bank Transfer,Shipped,57,-43.9524,-2.1309,4.0,19.0,21.78
ORD-101471,2024-12-10 13:06:45.870580,Canada,Beauty,Product_193,3,49.35,5,Gift Card,Shipped,41,54.7046,-50.1894,5.0,8.0,140.65
ORD-101472,2024-12-11 06:38:39.946631,Brazil,Food,Product_145,5,110.82,10,Gift Card,Processing,73,69.3908,134.084,,3.0,498.69
ORD-101473,2024-12-12 00:10:34.022681,Mexico,Toys,Product_22,5,154.25,0,Credit Card,Delivered,49,69.4319,135.6046,3.0,8.0,771.25
ORD-101474,2024-12-12 17:42:28.098732,Japan,Sports,Product_98,5,21.03,25,PayPal,Delivered,73,-0.3348,72.2806,4.0,18.0,78.86
ORD-101475,2024-12-13 11:14:22.174783,UK,Clothing,Product_169,8,39.42,0,Bank Transfer,Shipped,50,27.0095,56.0608,4.0,5.0,315.36
ORD-101476,2024-12-14 04:46:16.250833,Canada,Beauty,Product_68,9,35.19,0,Credit Card,Delivered,55,20.9601,84.1278,4.0,11.0,316.71
ORD-101477,2024-12-14 22:18:10.326884,,Beauty,Product_197,9,197.9,0,Credit Card,Processing,61,-12.7447,-48.2447,2.0,9.0,1781.1
ORD-101478,2024-12-15 15:50:04.402935,Mexico,Home & Garden,Product_139,6,12.52,10,Crypto,Delivered,74,-0.0513,-34.3731,,19.0,67.61
ORD-101479,2024-12-16 09:21:58.478986,Brazil,Home & Garden,Product_56,6,18.96,0,PayPal,Shipped,73,-51.3163,19.3337,4.0,12.0,113.76
ORD-101480,2024-12-17 02:53:52.555036,Canada,Electronics,Product_179,9,12.16,0,PayPal,Delivered,68,47.4194,157.6901,3.0,5.0,109.44
ORD-101481,2024-12-17 20:25:46.631087,Germany,Sports,Product_149,4,5.82,10,Bank Transfer,Delivered,66,-27.4915,80.64,,16.0,20.95
ORD-101482,2024-12-18 13:57:40.707138,France,Home & Garden,Product_99,6,44.58,0,PayPal,Delivered,51,2.1712,18.3561,5.0,13.0,267.48
ORD-101483,2024-12-19 07:29:34.783188,Germany,Electronics,Product_76,4,226.23,5,Credit Card,Shipped,28,4.8838,97.3487,3.0,6.0,859.67
ORD-101484,2024-12-20 01:01:28.859239,Canada,Toys,Product_26,1,26.1,20,PayPal,Cancelled,48,15.6961,-46.4795,5.0,16.0,20.88
ORD-101485,2024-12-20 18:33:22.935290,Germany,Toys,Product_115,7,11.49,15,PayPal,Delivered,35,50.4133,82.968,4.0,18.0,68.37
ORD-101486,2024-12-21 12:05:17.011340,USA,Home & Garden,Product_147,6,41.44,0,Gift Card,Processing,40,33.4039,-32.1566,4.0,17.0,248.64
ORD-101487,2024-12-22 05:37:11.087391,Japan,Sports,Product_109,9,67.15,0,Credit Card,Delivered,39,29.5135,-79.3219,,12.0,604.35
ORD-101488,2024-12-22 23:09:05.163442,USA,Beauty,Product_188,7,27.45,15,PayPal,Delivered,60,11.1106,39.5007,1.0,1.0,163.33
ORD-101489,2024-12-23 16:40:59.239493,Australia,Books,Product_199,7,178.44,20,PayPal,Delivered,35,-47.046,67.2759,,7.0,999.26
ORD-101490,2024-12-24 10:12:53.315543,Germany,Food,Product_47,2,12.49,0,Crypto,Delivered,57,-5.7289,-14.6543,4.0,14.0,24.98
ORD-101491,2024-12-25 03:44:47.391594,Australia,Sports,Product_71,9,23.47,25,PayPal,Delivered,64,69.2378,23.5803,,18.0,158.42
ORD-101492,2024-12-25 21:16:41.467645,UK,Food,Product_154,9,47.24,0,PayPal,Delivered,58,74.399,69.8638,4.0,1.0,425.16
ORD-101493,2024-12-26 14:48:35.543695,India,Clothing,Product_40,6,53.07,0,Gift Card,Shipped,64,38.6172,96.3756,4.0,10.0,318.42
ORD-101494,2024-12-27 08:20:29.619746,UK,Toys,Product_133,3,35.05,25,Credit Card,Shipped,56,-29.2855,142.4057,3.0,15.0,78.86
ORD-101495,2024-12-28 01:52:23.695797,Canada,Home & Garden,Product_149,1,7.14,0,Bank Transfer,Delivered,37,-46.2448,-52.3641,4.0,11.0,7.14
ORD-101496,2024-12-28 19:24:17.771847,Mexico,Home & Garden,Product_132,4,547.64,15,Credit Card,Delivered,30,-4.0068,162.5318,,4.0,1861.98
ORD-101497,2024-12-29 12:56:11.847898,Japan,Food,Product_23,3,24.95,0,Crypto,Delivered,62,55.6372,49.4207,3.0,15.0,74.85
ORD-101498,2024-12-30 06:28:05.923949,Germany,Beauty,Product_106,1,37.8,20,Credit Card,Delivered,18,37.4517,103.5727,3.0,16.0,30.24
ORD-101499,2024-12-31 00:00:00.000000,Brazil,Food,Product_84,3,69.42,10,PayPal,Delivered,69,59.3255,71.9169,4.0,15.0,187.43
