flight_id,departure_time,airline,origin_airport,destination_airport,origin_lat,origin_lon,dest_lat,dest_lon,flight_class,distance_km,scheduled_duration_min,actual_duration_min,delay_min,ticket_price_usd,passengers,on_time,cancellation_reason
FL8033,2023-10-30 - 21:28:42,American,JFK,FRA,40.6413,-73.7781,50.0379,8.5622,Economy,14388.0,342,698.0,69.0,660.53,150,Yes,
FL6637,2024-04-05 - 17:10:58,Ryanair,CDG,NRT,49.0097,2.5479,35.772,140.3929,First,6730.0,317,,18.0,1517.68,220,Yes,
FL5143,2023-04-01 - 10:38:45,Air France,ORD,SYD,41.9742,-87.9073,-33.9399,151.1753,Business,5482.0,603,233.0,0.0,76.06,329,No,
FL1622,2023-05-06 - 22:52:45,United,JFK,SYD,40.6413,-73.7781,-33.9399,151.1753,Economy,14769.0,337,696.0,0.0,455.48,176,No,
FL5205,2023-12-06 - 22:07:56,Lufthansa,ORD,FRA,41.9742,-87.9073,50.0379,8.5622,Economy,2408.0,877,231.0,0.0,416.44,120,Yes,
FL7033,2023-07-11 - 12:14:00,British Airways,DXB,JFK,25.2532,55.3657,40.6413,-73.7781,Economy,10299.0,359,915.0,49.0,,91,Yes,
FL4093,2023-05-12 - 09:59:31,American,CDG,SIN,49.0097,2.5479,1.3644,103.9915,Economy,13225.0,158,769.0,36.0,,173,No,
FL4581,2023-10-01 - 10:55:33,Ryanair,LAX,CDG,33.9425,-118.4081,49.0097,2.5479,Economy,9496.0,710,708.0,,746.38,389,No,Technical
FL2833,2024-06-27 - 21:00:42,Emirates,SYD,NRT,-33.9399,151.1753,35.772,140.3929,Economy,4792.0,114,148.0,0.0,129.9,178,No,Crew
FL8539,2024-05-27 - 07:28:14,Lufthansa,NRT,ORD,35.772,140.3929,41.9742,-87.9073,Economy,4641.0,834,689.0,0.0,274.7,141,No,
FL6530,2023-05-12 - 02:42:29,Ryanair,FRA,LAX,50.0379,8.5622,33.9425,-118.4081,Business,13933.0,492,156.0,0.0,95.43,241,Yes,
FL3708,2023-06-03 - 13:43:39,United,DXB,JFK,25.2532,55.3657,40.6413,-73.7781,Business,1607.0,343,429.0,45.0,568.82,271,Yes,
FL8531,2024-01-11 - 10:21:56,Emirates,JFK,LHR,40.6413,-73.7781,51.47,-0.4543,Economy,3167.0,249,705.0,0.0,322.55,321,Yes,
FL2853,2023-06-13 - 06:49:01,Lufthansa,LAX,DXB,33.9425,-118.4081,25.2532,55.3657,Economy,11003.0,423,872.0,77.0,452.75,337,Yes,
FL4760,2024-06-17 - 20:38:17,Air France,SYD,LAX,-33.9399,151.1753,33.9425,-118.4081,Economy,14656.0,310,907.0,0.0,316.75,182,Yes,
FL7871,2023-12-22 - 02:20:04,Ryanair,NRT,JFK,35.772,140.3929,40.6413,-73.7781,Economy,886.0,881,922.0,1.0,177.87,166,Yes,
FL4545,2024-03-18 - 04:51:21,Lufthansa,SYD,DXB,-33.9399,151.1753,25.2532,55.3657,Economy,1244.0,409,,27.0,,322,No,
FL4610,2024-02-05 - 00:22:24,American,ORD,SYD,41.9742,-87.9073,-33.9399,151.1753,Economy,4988.0,592,578.0,16.0,452.93,87,Yes,
FL1861,2023-05-21 - 19:47:51,American,LAX,NRT,33.9425,-118.4081,35.772,140.3929,First,5899.0,524,,0.0,641.53,206,Yes,
FL2833,2023-09-05 - 23:03:58,Emirates,FRA,NRT,50.0379,8.5622,35.772,140.3929,First,2603.0,817,205.0,0.0,1151.37,229,Yes,
FL7789,2023-04-26 - 15:13:18,American,SIN,FRA,1.3644,103.9915,50.0379,8.5622,Economy,3716.0,804,843.0,62.0,,96,Yes,
FL4829,2023-07-07 - 20:49:29,Lufthansa,FRA,JFK,50.0379,8.5622,40.6413,-73.7781,Economy,13911.0,789,815.0,88.0,424.36,214,No,
FL4027,2023-06-30 - 21:17:30,American,LHR,DXB,51.47,-0.4543,25.2532,55.3657,Economy,1276.0,625,,61.0,134.66,400,Yes,
FL9051,2023-07-26 - 01:52:03,Delta,ORD,JFK,41.9742,-87.9073,40.6413,-73.7781,Economy,12574.0,566,308.0,41.0,462.74,86,Yes,
FL9356,2024-05-11 - 19:59:03,British Airways,JFK,CDG,40.6413,-73.7781,49.0097,2.5479,Business,13056.0,183,680.0,22.0,894.25,127,No,
FL5674,2023-10-20 - 21:06:18,Emirates,LAX,CDG,33.9425,-118.4081,49.0097,2.5479,Economy,11336.0,82,454.0,0.0,209.5,196,Early,
FL9387,2023-11-28 - 02:53:41,American,LAX,DXB,33.9425,-118.4081,25.2532,55.3657,First,4966.0,602,,0.0,207.15,221,Early,
FL6016,2024-02-13 - 19:36:39,American,LAX,LHR,33.9425,-118.4081,51.47,-0.4543,Economy,6138.0,805,207.0,0.0,1557.38,341,No,
FL5000,2024-06-16 - 22:47:09,American,CDG,FRA,49.0097,2.5479,50.0379,8.5622,Economy,10455.0,430,,5.0,434.66,128,No,
FL5173,2023-11-08 - 16:42:57,United,CDG,JFK,49.0097,2.5479,40.6413,-73.7781,First,2226.0,255,303.0,30.0,247.63,146,No,
FL4741,2024-02-27 - 11:23:34,British Airways,CDG,SYD,49.0097,2.5479,-33.9399,151.1753,Economy,7256.0,277,,21.0,839.03,137,Yes,
FL8589,2023-05-31 - 05:36:11,Emirates,SYD,LAX,-33.9399,151.1753,33.9425,-118.4081,Economy,4010.0,400,945.0,88.0,332.92,402,Yes,Technical
FL8901,2023-01-09 - 19:14:14,British Airways,SIN,ORD,1.3644,103.9915,41.9742,-87.9073,First,10518.0,814,,1.0,245.12,156,Early,
FL9046,2024-02-28 - 09:14:42,British Airways,SYD,JFK,-33.9399,151.1753,40.6413,-73.7781,Business,3314.0,164,754.0,77.0,104.58,331,Yes,
FL3874,2024-04-01 - 18:29:24,Emirates,NRT,DXB,35.772,140.3929,25.2532,55.3657,Economy,12617.0,277,882.0,21.0,143.43,233,Yes,
FL9727,2024-01-03 - 12:58:49,British Airways,ORD,DXB,41.9742,-87.9073,25.2532,55.3657,Economy,2702.0,77,128.0,27.0,152.26,391,Yes,
FL5939,2024-02-08 - 01:12:50,British Airways,LAX,CDG,33.9425,-118.4081,49.0097,2.5479,Economy,1631.0,220,,3.0,,117,No,
FL5149,2023-06-09 - 22:41:33,Delta,JFK,LHR,40.6413,-73.7781,51.47,-0.4543,Economy,11541.0,682,426.0,21.0,320.19,250,No,
FL4693,2024-01-09 - 14:39:41,Lufthansa,CDG,JFK,49.0097,2.5479,40.6413,-73.7781,Economy,4012.0,670,,46.0,906.76,308,No,
FL5351,2024-06-24 - 20:10:16,American,DXB,LHR,25.2532,55.3657,51.47,-0.4543,Economy,14604.0,649,855.0,6.0,267.74,348,Early,
FL8087,2024-03-19 - 09:59:31,American,JFK,LHR,40.6413,-73.7781,51.47,-0.4543,First,3394.0,787,390.0,9.0,549.08,180,No,
FL9476,2024-05-21 - 13:04:26,Emirates,JFK,LAX,40.6413,-73.7781,33.9425,-118.4081,Economy,14129.0,574,603.0,2.0,,230,No,
FL7060,2024-04-30 - 07:11:26,United,FRA,NRT,50.0379,8.5622,35.772,140.3929,Economy,8121.0,677,763.0,0.0,464.84,311,Yes,
FL7464,2023-03-19 - 02:08:52,Lufthansa,CDG,NRT,49.0097,2.5479,35.772,140.3929,Business,11332.0,394,511.0,18.0,3588.62,335,Yes,
FL8516,2023-06-18 - 03:21:42,Emirates,SYD,LAX,-33.9399,151.1753,33.9425,-118.4081,Economy,1675.0,99,854.0,3.0,925.04,151,Yes,
FL5671,2023-07-10 - 21:39:55,Lufthansa,SYD,ORD,-33.9399,151.1753,41.9742,-87.9073,Economy,8208.0,871,492.0,0.0,156.21,115,No,
FL7600,2023-11-26 - 07:11:26,Emirates,NRT,CDG,35.772,140.3929,49.0097,2.5479,Economy,8252.0,356,323.0,62.0,404.51,226,Yes,
FL9920,2023-11-25 - 23:54:23,Lufthansa,SYD,ORD,-33.9399,151.1753,41.9742,-87.9073,Business,9938.0,360,388.0,0.0,,357,Yes,
FL4532,2023-11-14 - 18:23:48,British Airways,LAX,LHR,33.9425,-118.4081,51.47,-0.4543,Business,13515.0,440,603.0,0.0,321.8,390,Yes,
FL7675,2024-02-04 - 02:31:17,Air France,SYD,ORD,-33.9399,151.1753,41.9742,-87.9073,Economy,11002.0,155,654.0,0.0,555.75,157,Yes,
FL1484,2023-09-25 - 09:14:42,Ryanair,SYD,CDG,-33.9399,151.1753,49.0097,2.5479,Economy,14263.0,427,700.0,31.0,166.49,282,Yes,
FL1250,2024-04-02 - 01:46:27,United,DXB,SYD,25.2532,55.3657,-33.9399,151.1753,Economy,1508.0,224,652.0,53.0,602.9,179,Early,
FL1615,2024-01-22 - 08:35:29,Air France,ORD,LHR,41.9742,-87.9073,51.47,-0.4543,Economy,13517.0,264,382.0,40.0,1197.85,409,Early,
FL7644,2023-11-15 - 16:14:56,Delta,LAX,JFK,33.9425,-118.4081,40.6413,-73.7781,Business,12657.0,153,719.0,29.0,613.08,120,No,
FL4895,2024-02-02 - 06:49:01,British Airways,SIN,CDG,1.3644,103.9915,49.0097,2.5479,Business,13084.0,760,274.0,0.0,396.8,200,No,
FL6688,2023-04-03 - 13:38:03,Air France,NRT,FRA,35.772,140.3929,50.0379,8.5622,Economy,8643.0,882,824.0,0.0,941.88,206,Yes,
FL4945,2023-04-11 - 11:01:10,Air France,LHR,FRA,51.47,-0.4543,50.0379,8.5622,Economy,6608.0,268,542.0,108.0,2143.41,97,No,
FL3445,2023-11-13 - 13:15:38,Emirates,LHR,SYD,51.47,-0.4543,-33.9399,151.1753,Business,12200.0,638,507.0,13.0,206.09,265,No,
FL1710,2023-01-20 - 17:27:46,Emirates,CDG,ORD,49.0097,2.5479,41.9742,-87.9073,Business,7010.0,92,674.0,18.0,171.64,286,No,
FL3958,2023-11-30 - 20:27:04,United,FRA,LHR,50.0379,8.5622,51.47,-0.4543,Business,10308.0,798,754.0,11.0,228.44,250,Yes,
FL3854,2024-05-22 - 03:38:31,American,NRT,DXB,35.772,140.3929,25.2532,55.3657,Economy,5238.0,401,82.0,70.0,559.52,386,Yes,
FL4760,2024-02-14 - 02:53:41,American,DXB,SYD,25.2532,55.3657,-33.9399,151.1753,Business,5690.0,620,447.0,15.0,,300,No,
FL9186,2023-03-05 - 17:38:59,United,NRT,LHR,35.772,140.3929,51.47,-0.4543,Economy,6689.0,205,226.0,0.0,797.52,385,Yes,
FL5802,2023-03-03 - 14:39:41,Ryanair,NRT,SIN,35.772,140.3929,1.3644,103.9915,Economy,13843.0,299,480.0,0.0,1056.96,398,Yes,
FL1119,2023-04-09 - 08:01:52,Ryanair,DXB,ORD,25.2532,55.3657,41.9742,-87.9073,Economy,5885.0,487,176.0,0.0,562.63,102,Yes,
FL9836,2023-08-09 - 15:30:07,United,FRA,SYD,50.0379,8.5622,-33.9399,151.1753,Economy,10002.0,445,671.0,0.0,74.6,189,Yes,
FL2556,2023-09-30 - 13:04:26,Emirates,LHR,CDG,51.47,-0.4543,49.0097,2.5479,Economy,2284.0,560,207.0,18.0,2629.76,321,Early,
FL9735,2023-02-03 - 01:57:39,Lufthansa,ORD,NRT,41.9742,-87.9073,35.772,140.3929,Economy,13398.0,183,291.0,17.0,382.35,322,No,
FL6630,2023-08-23 - 07:17:02,United,LHR,FRA,51.47,-0.4543,50.0379,8.5622,Economy,2575.0,441,233.0,23.0,540.97,295,Early,
FL5118,2023-03-13 - 22:19:08,Lufthansa,DXB,SYD,25.2532,55.3657,-33.9399,151.1753,Economy,13542.0,368,656.0,2.0,530.65,135,Early,
FL2551,2023-04-06 - 21:45:31,Ryanair,SYD,DXB,-33.9399,151.1753,25.2532,55.3657,Economy,9593.0,662,354.0,0.0,640.86,153,Yes,
FL6825,2023-11-24 - 04:12:08,American,ORD,FRA,41.9742,-87.9073,50.0379,8.5622,Economy,3707.0,325,930.0,46.0,2764.69,414,Yes,
FL7624,2023-08-01 - 10:49:57,Delta,SIN,LHR,1.3644,103.9915,51.47,-0.4543,Economy,3478.0,276,585.0,19.0,134.81,101,Yes,
FL5511,2023-07-15 - 03:38:31,British Airways,CDG,NRT,49.0097,2.5479,35.772,140.3929,Economy,11351.0,851,550.0,0.0,767.5,168,No,
FL3982,2024-02-10 - 11:29:10,Delta,LAX,NRT,33.9425,-118.4081,35.772,140.3929,Business,10368.0,234,396.0,11.0,148.42,249,Early,
FL4680,2023-05-07 - 06:09:48,British Airways,DXB,CDG,25.2532,55.3657,49.0097,2.5479,Economy,689.0,507,587.0,43.0,211.74,172,Yes,
FL1126,2023-05-26 - 01:46:27,Delta,FRA,CDG,50.0379,8.5622,49.0097,2.5479,Economy,12463.0,538,279.0,0.0,643.12,356,Yes,
FL9580,2024-05-07 - 06:43:25,Emirates,LHR,SYD,51.47,-0.4543,-33.9399,151.1753,Economy,6820.0,444,162.0,2.0,411.59,258,No,
FL5995,2023-12-07 - 05:24:58,American,LAX,NRT,33.9425,-118.4081,35.772,140.3929,Economy,3115.0,168,,15.0,214.69,146,Yes,
FL3816,2023-09-02 - 22:13:32,Delta,CDG,SYD,49.0097,2.5479,-33.9399,151.1753,Economy,8440.0,345,356.0,0.0,216.85,318,Yes,
FL4582,2023-06-24 - 12:19:36,American,LHR,CDG,51.47,-0.4543,49.0097,2.5479,Business,2514.0,351,889.0,,950.94,398,No,
FL9162,2024-01-09 - 07:22:38,United,JFK,SYD,40.6413,-73.7781,-33.9399,151.1753,Business,13577.0,602,534.0,20.0,352.69,176,No,
FL8221,2023-06-06 - 00:00:00,Ryanair,JFK,LHR,40.6413,-73.7781,51.47,-0.4543,Business,6976.0,323,706.0,26.0,504.12,393,Early,
FL2228,2023-08-03 - 13:49:15,Ryanair,JFK,SIN,40.6413,-73.7781,1.3644,103.9915,First,14599.0,790,117.0,12.0,116.94,268,Yes,Weather
FL5037,2023-05-13 - 22:24:44,Lufthansa,SYD,SIN,-33.9399,151.1753,1.3644,103.9915,Business,6177.0,643,499.0,36.0,226.26,198,Yes,
FL4819,2024-06-10 - 21:06:18,Emirates,LAX,NRT,33.9425,-118.4081,35.772,140.3929,Business,10789.0,630,,,284.78,408,Yes,
FL2660,2023-10-24 - 05:13:46,Lufthansa,DXB,ORD,25.2532,55.3657,41.9742,-87.9073,Economy,10815.0,677,658.0,28.0,371.05,198,Early,
FL8547,2023-02-03 - 16:31:45,Air France,LHR,CDG,51.47,-0.4543,49.0097,2.5479,Business,6674.0,221,285.0,3.0,588.41,224,Yes,
FL4417,2023-02-22 - 12:08:24,British Airways,ORD,FRA,41.9742,-87.9073,50.0379,8.5622,Business,7021.0,467,290.0,0.0,477.24,262,Early,
FL4631,2023-07-06 - 08:24:16,British Airways,SIN,NRT,1.3644,103.9915,35.772,140.3929,Business,7962.0,809,,29.0,773.99,244,No,
FL4828,2023-09-21 - 17:50:11,Ryanair,JFK,ORD,40.6413,-73.7781,41.9742,-87.9073,Business,14512.0,527,,0.0,538.45,207,Yes,
FL8845,2024-04-11 - 04:17:44,Delta,SIN,SYD,1.3644,103.9915,-33.9399,151.1753,Economy,3596.0,329,588.0,44.0,132.17,113,Yes,
FL5343,2023-01-22 - 05:52:59,United,LAX,NRT,33.9425,-118.4081,35.772,140.3929,Economy,9728.0,308,586.0,0.0,,283,Early,
FL6855,2023-12-14 - 04:56:57,American,FRA,LAX,50.0379,8.5622,33.9425,-118.4081,Economy,11449.0,708,454.0,0.0,142.57,150,No,
FL5427,2023-06-20 - 06:21:00,Ryanair,DXB,FRA,25.2532,55.3657,50.0379,8.5622,Economy,5741.0,305,214.0,0.0,1027.11,391,No,
FL2517,2023-07-26 - 09:09:06,Emirates,CDG,LAX,49.0097,2.5479,33.9425,-118.4081,Economy,6237.0,395,676.0,0.0,418.35,174,Yes,
FL2774,2024-02-25 - 01:07:14,Emirates,NRT,DXB,35.772,140.3929,25.2532,55.3657,Economy,4956.0,232,803.0,24.0,503.61,415,Yes,
FL2694,2023-06-28 - 11:01:10,American,FRA,ORD,50.0379,8.5622,41.9742,-87.9073,Business,3521.0,474,,0.0,414.59,306,Yes,Technical
FL1260,2023-12-25 - 10:27:32,Lufthansa,NRT,SYD,35.772,140.3929,-33.9399,151.1753,Economy,14923.0,654,315.0,0.0,132.81,361,Yes,
FL6448,2023-09-17 - 11:51:35,United,DXB,ORD,25.2532,55.3657,41.9742,-87.9073,Economy,4026.0,373,675.0,6.0,139.11,257,No,
FL4138,2024-02-16 - 20:27:04,Air France,FRA,LAX,50.0379,8.5622,33.9425,-118.4081,Economy,1758.0,256,784.0,0.0,832.58,353,Yes,
FL4700,2023-03-08 - 18:29:24,British Airways,DXB,JFK,25.2532,55.3657,40.6413,-73.7781,Economy,9516.0,570,452.0,0.0,1049.58,383,No,
FL7963,2023-12-08 - 10:33:09,Ryanair,SIN,CDG,1.3644,103.9915,49.0097,2.5479,Economy,13121.0,878,583.0,24.0,625.92,106,No,Weather
FL6540,2023-08-21 - 18:51:49,Air France,LHR,NRT,51.47,-0.4543,35.772,140.3929,Business,8294.0,204,,0.0,259.76,328,No,
FL7896,2023-10-27 - 13:21:14,Delta,CDG,JFK,49.0097,2.5479,40.6413,-73.7781,Business,11815.0,505,190.0,29.0,392.33,188,Early,
FL4892,2023-02-10 - 23:20:46,British Airways,FRA,CDG,50.0379,8.5622,49.0097,2.5479,Economy,9191.0,62,735.0,44.0,492.46,322,Yes,
FL5334,2023-08-06 - 00:05:36,Lufthansa,ORD,CDG,41.9742,-87.9073,49.0097,2.5479,Economy,10798.0,861,340.0,6.0,91.43,219,Yes,
FL2790,2023-10-20 - 06:32:13,Lufthansa,SYD,LAX,-33.9399,151.1753,33.9425,-118.4081,Business,885.0,254,461.0,9.0,621.97,366,No,
FL4733,2023-07-05 - 10:33:09,American,CDG,JFK,49.0097,2.5479,40.6413,-73.7781,Economy,8520.0,393,150.0,21.0,1039.27,154,Early,
FL2373,2024-04-19 - 01:40:51,Delta,SYD,LHR,-33.9399,151.1753,51.47,-0.4543,Business,8618.0,647,256.0,0.0,243.09,81,Yes,
FL1391,2024-05-19 - 10:05:08,American,ORD,DXB,41.9742,-87.9073,25.2532,55.3657,Economy,4741.0,587,,38.0,,327,No,
FL6902,2023-01-07 - 23:31:59,Delta,ORD,CDG,41.9742,-87.9073,49.0097,2.5479,Economy,5365.0,357,,0.0,536.74,163,No,
FL8590,2024-03-30 - 15:30:07,Air France,JFK,FRA,40.6413,-73.7781,50.0379,8.5622,Economy,2946.0,487,867.0,0.0,300.25,355,No,
FL3827,2024-01-27 - 12:25:12,Air France,NRT,CDG,35.772,140.3929,49.0097,2.5479,Economy,11423.0,61,284.0,0.0,393.67,109,Yes,
FL1610,2023-06-10 - 13:15:38,Air France,FRA,NRT,50.0379,8.5622,35.772,140.3929,Economy,4892.0,606,833.0,7.0,1162.12,93,Yes,
FL9645,2024-01-22 - 15:52:31,Emirates,CDG,ORD,49.0097,2.5479,41.9742,-87.9073,Economy,9619.0,125,,16.0,473.26,393,Yes,
FL9442,2024-04-17 - 13:15:38,British Airways,CDG,SIN,49.0097,2.5479,1.3644,103.9915,Economy,14659.0,692,,41.0,966.36,157,No,
FL5472,2024-01-05 - 08:41:05,Lufthansa,LHR,LAX,51.47,-0.4543,33.9425,-118.4081,Economy,12221.0,855,284.0,0.0,387.01,398,Yes,
FL3533,2023-08-12 - 09:03:30,Lufthansa,ORD,LAX,41.9742,-87.9073,33.9425,-118.4081,Business,6619.0,490,299.0,2.0,782.3,107,Early,
FL7269,2023-09-12 - 08:01:52,Lufthansa,FRA,NRT,50.0379,8.5622,35.772,140.3929,Economy,1955.0,853,463.0,0.0,,303,Yes,
FL4556,2024-02-18 - 23:26:22,American,JFK,SIN,40.6413,-73.7781,1.3644,103.9915,Business,10641.0,665,218.0,21.0,61.21,169,No,
FL8229,2024-01-19 - 07:45:03,Ryanair,ORD,LHR,41.9742,-87.9073,51.47,-0.4543,First,14286.0,340,685.0,0.0,840.03,238,No,
FL2451,2023-04-17 - 05:24:58,British Airways,CDG,FRA,49.0097,2.5479,50.0379,8.5622,Economy,9719.0,61,420.0,6.0,254.37,224,No,
FL6105,2024-03-20 - 22:24:44,United,SYD,LAX,-33.9399,151.1753,33.9425,-118.4081,Economy,6918.0,454,795.0,20.0,163.61,225,Yes,
FL5249,2023-10-31 - 12:02:48,Ryanair,FRA,JFK,50.0379,8.5622,40.6413,-73.7781,Economy,8333.0,156,725.0,0.0,307.76,265,Early,
FL9627,2023-12-21 - 11:45:59,Delta,NRT,JFK,35.772,140.3929,40.6413,-73.7781,Economy,3373.0,549,397.0,30.0,495.14,293,Yes,
FL7858,2023-07-04 - 19:59:03,Air France,FRA,JFK,50.0379,8.5622,40.6413,-73.7781,Economy,5148.0,705,817.0,71.0,374.21,287,Early,Crew
FL3619,2023-06-10 - 20:32:41,American,SIN,ORD,1.3644,103.9915,41.9742,-87.9073,Economy,9061.0,95,465.0,0.0,436.41,300,Yes,
FL7269,2024-06-02 - 16:26:08,Ryanair,LHR,CDG,51.47,-0.4543,49.0097,2.5479,Economy,8252.0,357,409.0,3.0,635.49,397,Early,
FL9987,2023-05-11 - 04:51:21,British Airways,SIN,LAX,1.3644,103.9915,33.9425,-118.4081,Business,6230.0,361,732.0,0.0,683.66,206,Yes,
FL3225,2023-11-24 - 11:29:10,United,ORD,FRA,41.9742,-87.9073,50.0379,8.5622,Economy,14381.0,846,183.0,11.0,130.33,210,Yes,
FL5332,2024-06-20 - 06:54:37,United,NRT,DXB,35.772,140.3929,25.2532,55.3657,Economy,14194.0,249,439.0,,1538.36,418,Yes,
FL9836,2024-03-23 - 15:58:07,United,NRT,CDG,35.772,140.3929,49.0097,2.5479,Economy,578.0,870,108.0,27.0,692.27,207,No,
FL6009,2023-10-12 - 23:43:11,Emirates,LHR,DXB,51.47,-0.4543,25.2532,55.3657,First,6025.0,656,556.0,0.0,249.15,361,Yes,
FL4189,2023-03-18 - 04:17:44,Air France,LAX,LHR,33.9425,-118.4081,51.47,-0.4543,Economy,14263.0,849,,45.0,713.24,298,Yes,
FL7912,2023-06-19 - 01:12:50,Air France,LHR,FRA,51.47,-0.4543,50.0379,8.5622,Business,11254.0,440,602.0,13.0,130.54,241,No,Weather
FL3040,2024-02-24 - 17:50:11,Air France,FRA,LHR,50.0379,8.5622,51.47,-0.4543,Economy,1250.0,530,621.0,3.0,232.66,179,Yes,
FL4544,2024-03-10 - 22:02:20,Emirates,NRT,DXB,35.772,140.3929,25.2532,55.3657,Business,6475.0,421,762.0,0.0,125.58,239,Yes,
FL9031,2024-06-03 - 07:00:14,United,SYD,JFK,-33.9399,151.1753,40.6413,-73.7781,Economy,5590.0,134,688.0,0.0,369.56,333,Yes,
FL8324,2023-07-07 - 06:15:24,United,ORD,FRA,41.9742,-87.9073,50.0379,8.5622,Business,13041.0,612,,2.0,660.26,234,Yes,
FL4009,2023-02-04 - 21:39:55,Delta,LHR,LAX,51.47,-0.4543,33.9425,-118.4081,Economy,4710.0,365,233.0,,479.49,154,No,
FL8625,2023-10-05 - 09:37:07,Delta,NRT,FRA,35.772,140.3929,50.0379,8.5622,Business,6574.0,224,777.0,5.0,1322.48,104,No,
FL7431,2023-08-17 - 20:10:16,United,JFK,NRT,40.6413,-73.7781,35.772,140.3929,Economy,14308.0,72,422.0,0.0,399.97,133,Yes,
FL3741,2023-08-14 - 19:19:50,Ryanair,DXB,NRT,25.2532,55.3657,35.772,140.3929,Business,1577.0,664,560.0,0.0,115.66,272,Yes,
FL7543,2023-04-21 - 18:40:37,Emirates,FRA,SIN,50.0379,8.5622,1.3644,103.9915,First,714.0,783,169.0,0.0,27.57,335,Yes,
FL5093,2024-01-21 - 03:27:18,British Airways,NRT,JFK,35.772,140.3929,40.6413,-73.7781,Economy,13343.0,560,832.0,0.0,583.84,143,Yes,
FL3887,2023-04-17 - 12:42:01,United,CDG,SYD,49.0097,2.5479,-33.9399,151.1753,Economy,7665.0,61,,0.0,865.14,279,No,Operational
FL7452,2023-05-28 - 12:02:48,British Airways,NRT,SYD,35.772,140.3929,-33.9399,151.1753,Economy,12338.0,400,732.0,0.0,1110.38,401,Yes,
FL7670,2023-07-23 - 08:18:40,Delta,JFK,ORD,40.6413,-73.7781,41.9742,-87.9073,Economy,13156.0,167,848.0,40.0,166.15,311,No,
FL8591,2024-03-18 - 12:08:24,Delta,NRT,LHR,35.772,140.3929,51.47,-0.4543,Economy,2523.0,206,360.0,20.0,126.27,375,Yes,
FL3795,2024-04-05 - 02:36:53,American,ORD,CDG,41.9742,-87.9073,49.0097,2.5479,Business,7321.0,549,839.0,0.0,403.25,296,No,
FL4272,2024-01-20 - 20:10:16,Emirates,DXB,ORD,25.2532,55.3657,41.9742,-87.9073,Economy,1528.0,680,380.0,4.0,641.83,156,No,
FL9197,2024-05-23 - 08:46:41,Lufthansa,JFK,NRT,40.6413,-73.7781,35.772,140.3929,Economy,3117.0,744,816.0,0.0,188.33,216,No,
FL7433,2024-03-02 - 10:05:08,Air France,SYD,CDG,-33.9399,151.1753,49.0097,2.5479,Economy,4025.0,641,612.0,39.0,410.44,293,Yes,
FL6499,2024-05-06 - 23:26:22,American,DXB,FRA,25.2532,55.3657,50.0379,8.5622,Economy,11111.0,800,238.0,0.0,211.67,232,Yes,
FL6620,2023-04-13 - 21:17:30,British Airways,ORD,LAX,41.9742,-87.9073,33.9425,-118.4081,Economy,7928.0,408,732.0,0.0,77.88,188,No,
FL8202,2023-09-06 - 20:55:05,Emirates,FRA,CDG,50.0379,8.5622,49.0097,2.5479,Economy,7039.0,785,432.0,8.0,146.09,359,Yes,
FL7078,2023-04-20 - 13:32:27,United,CDG,NRT,49.0097,2.5479,35.772,140.3929,Economy,6011.0,641,343.0,1.0,71.6,388,Early,
FL4217,2023-03-06 - 08:13:04,Lufthansa,JFK,NRT,40.6413,-73.7781,35.772,140.3929,Economy,10028.0,716,668.0,0.0,382.85,362,Yes,
FL5151,2023-02-07 - 15:13:18,American,SIN,NRT,1.3644,103.9915,35.772,140.3929,Economy,11019.0,178,,10.0,201.28,97,No,
FL5104,2023-09-03 - 05:30:35,British Airways,LAX,LHR,33.9425,-118.4081,51.47,-0.4543,Economy,6441.0,828,713.0,0.0,152.95,364,Yes,Crew
FL5862,2023-09-01 - 09:48:19,United,SIN,SYD,1.3644,103.9915,-33.9399,151.1753,Economy,5059.0,478,205.0,62.0,371.63,192,No,
FL2161,2023-01-15 - 20:55:05,Air France,ORD,SYD,41.9742,-87.9073,-33.9399,151.1753,Business,6084.0,126,,4.0,60.43,198,No,
FL7851,2023-06-14 - 19:14:14,Ryanair,LHR,SYD,51.47,-0.4543,-33.9399,151.1753,Business,8565.0,548,571.0,31.0,314.03,352,Yes,
FL5203,2023-08-31 - 11:57:11,Air France,JFK,LAX,40.6413,-73.7781,33.9425,-118.4081,Business,6583.0,373,265.0,0.0,173.8,408,Yes,
FL4862,2023-08-08 - 03:04:54,American,FRA,SIN,50.0379,8.5622,1.3644,103.9915,Economy,13884.0,899,568.0,18.0,1492.05,119,Yes,
FL1359,2024-06-13 - 14:39:41,Air France,LAX,CDG,33.9425,-118.4081,49.0097,2.5479,Business,1537.0,79,882.0,0.0,1483.56,386,No,
FL9190,2024-01-15 - 01:46:27,United,SYD,NRT,-33.9399,151.1753,35.772,140.3929,Economy,4193.0,432,224.0,,877.82,224,Yes,
FL1566,2024-02-25 - 08:24:16,Delta,SIN,ORD,1.3644,103.9915,41.9742,-87.9073,Economy,14995.0,254,674.0,6.0,382.15,386,Yes,
FL7310,2023-03-23 - 22:41:33,Delta,SYD,JFK,-33.9399,151.1753,40.6413,-73.7781,Economy,3772.0,299,222.0,0.0,591.2,193,Yes,
FL1212,2023-02-27 - 01:24:02,American,NRT,LHR,35.772,140.3929,51.47,-0.4543,Economy,10854.0,74,856.0,36.0,306.22,386,Yes,
FL5117,2023-06-17 - 05:30:35,United,SIN,CDG,1.3644,103.9915,49.0097,2.5479,Economy,12627.0,86,105.0,7.0,140.43,84,Yes,
FL4828,2023-09-21 - 17:50:11,Ryanair,JFK,ORD,40.6413,-73.7781,41.9742,-87.9073,Business,14512.0,527,,0.0,538.45,207,Yes,
FL1186,2023-04-04 - 04:12:08,Ryanair,SIN,LAX,1.3644,103.9915,33.9425,-118.4081,Economy,12306.0,897,446.0,6.0,,223,Yes,
FL2610,2024-06-27 - 13:43:39,Emirates,NRT,SIN,35.772,140.3929,1.3644,103.9915,Business,9340.0,817,462.0,79.0,1742.45,137,Yes,
FL9924,2024-05-17 - 21:39:55,Delta,SIN,DXB,1.3644,103.9915,25.2532,55.3657,Economy,590.0,763,,0.0,418.07,190,Yes,
FL5071,2023-01-24 - 16:09:20,Delta,JFK,SYD,40.6413,-73.7781,-33.9399,151.1753,Economy,6545.0,462,281.0,0.0,166.79,402,Yes,
FL5510,2023-01-18 - 21:45:31,Lufthansa,NRT,SYD,35.772,140.3929,-33.9399,151.1753,Economy,618.0,651,439.0,8.0,228.14,243,Yes,
FL5274,2023-11-02 - 00:28:00,Emirates,SIN,LAX,1.3644,103.9915,33.9425,-118.4081,Economy,8860.0,670,433.0,0.0,945.57,344,No,
FL1390,2024-04-14 - 05:08:10,Delta,SYD,LAX,-33.9399,151.1753,33.9425,-118.4081,Economy,990.0,218,445.0,13.0,326.17,161,Yes,
FL7989,2023-01-23 - 03:44:07,Air France,FRA,LHR,50.0379,8.5622,51.47,-0.4543,First,10622.0,345,243.0,34.0,169.02,372,Yes,
FL5171,2024-03-19 - 02:42:29,Emirates,ORD,SYD,41.9742,-87.9073,-33.9399,151.1753,First,12287.0,286,187.0,0.0,249.11,261,Early,
FL9417,2023-01-21 - 22:35:57,Delta,DXB,JFK,25.2532,55.3657,40.6413,-73.7781,First,3970.0,260,189.0,144.0,2249.81,225,Yes,
FL1715,2023-02-19 - 04:00:56,American,FRA,SIN,50.0379,8.5622,1.3644,103.9915,Economy,12252.0,251,220.0,34.0,428.19,89,Yes,
FL7131,2024-04-29 - 02:03:16,Lufthansa,DXB,JFK,25.2532,55.3657,40.6413,-73.7781,Economy,6261.0,275,148.0,0.0,262.11,224,Yes,
FL2778,2023-06-24 - 19:36:39,Ryanair,LHR,FRA,51.47,-0.4543,50.0379,8.5622,Economy,5684.0,491,548.0,0.0,328.45,262,Early,Weather
FL6983,2023-03-14 - 12:53:13,Emirates,SIN,FRA,1.3644,103.9915,50.0379,8.5622,First,11806.0,753,431.0,0.0,339.3,264,Yes,
FL3747,2024-04-03 - 14:11:40,British Airways,SIN,LHR,1.3644,103.9915,51.47,-0.4543,Economy,14048.0,647,844.0,0.0,203.28,395,No,
FL3075,2024-02-22 - 14:50:53,Emirates,ORD,NRT,41.9742,-87.9073,35.772,140.3929,Economy,6430.0,698,,2.0,816.69,228,Yes,
FL2446,2023-09-27 - 12:14:00,Lufthansa,NRT,JFK,35.772,140.3929,40.6413,-73.7781,Business,3655.0,234,628.0,0.0,576.06,161,Early,
FL8993,2023-03-12 - 17:10:58,United,JFK,LHR,40.6413,-73.7781,51.47,-0.4543,Economy,12412.0,889,66.0,16.0,,168,Yes,
FL3324,2023-05-30 - 22:19:08,Lufthansa,SIN,SYD,1.3644,103.9915,-33.9399,151.1753,Economy,4868.0,865,823.0,19.0,408.0,352,No,
FL9952,2023-03-16 - 23:09:34,British Airways,ORD,FRA,41.9742,-87.9073,50.0379,8.5622,Economy,2168.0,874,353.0,130.0,175.98,318,No,
FL6998,2023-08-27 - 05:58:35,Air France,DXB,SIN,25.2532,55.3657,1.3644,103.9915,Economy,5935.0,481,161.0,0.0,560.85,90,Early,
FL7157,2024-06-12 - 09:31:31,Ryanair,NRT,SIN,35.772,140.3929,1.3644,103.9915,Economy,1778.0,77,87.0,6.0,515.79,136,Yes,
FL5197,2023-01-24 - 01:35:15,Ryanair,FRA,SYD,50.0379,8.5622,-33.9399,151.1753,First,14789.0,685,158.0,0.0,344.02,130,Yes,
FL3129,2024-04-09 - 08:35:29,Emirates,DXB,ORD,25.2532,55.3657,41.9742,-87.9073,Economy,12727.0,444,683.0,46.0,134.06,164,No,
FL2596,2023-05-09 - 01:52:03,British Airways,DXB,CDG,25.2532,55.3657,49.0097,2.5479,First,12558.0,131,568.0,0.0,748.76,296,Early,
FL6260,2023-04-27 - 05:47:23,British Airways,SIN,SYD,1.3644,103.9915,-33.9399,151.1753,Economy,12268.0,648,498.0,0.0,,273,No,
FL6207,2023-09-23 - 06:15:24,Air France,CDG,SIN,49.0097,2.5479,1.3644,103.9915,Business,2636.0,846,267.0,,1213.06,241,Early,
FL6616,2023-12-20 - 13:54:51,Air France,DXB,LAX,25.2532,55.3657,33.9425,-118.4081,Economy,9090.0,312,,0.0,442.62,118,No,
FL3687,2023-04-11 - 18:18:12,American,NRT,JFK,35.772,140.3929,40.6413,-73.7781,Business,12713.0,809,450.0,0.0,288.41,108,No,
FL7822,2024-04-26 - 15:46:55,Lufthansa,CDG,LHR,49.0097,2.5479,51.47,-0.4543,Economy,7809.0,887,200.0,77.0,419.01,205,No,
FL7006,2023-04-26 - 22:30:21,United,ORD,LAX,41.9742,-87.9073,33.9425,-118.4081,Economy,3454.0,679,145.0,14.0,265.1,401,No,Weather
FL7412,2023-08-02 - 15:58:07,American,LAX,JFK,33.9425,-118.4081,40.6413,-73.7781,Economy,11358.0,400,230.0,14.0,259.37,285,No,
FL6203,2023-11-11 - 10:16:20,American,LHR,JFK,51.47,-0.4543,40.6413,-73.7781,Business,14080.0,879,769.0,0.0,236.09,332,Yes,
FL7448,2023-09-06 - 13:38:03,American,ORD,NRT,41.9742,-87.9073,35.772,140.3929,Business,7696.0,324,245.0,0.0,702.88,237,No,Technical
FL8698,2023-12-10 - 20:49:29,Ryanair,LHR,FRA,51.47,-0.4543,50.0379,8.5622,Economy,4536.0,899,501.0,2.0,470.44,239,No,
FL6174,2023-01-10 - 02:31:17,United,LAX,FRA,33.9425,-118.4081,50.0379,8.5622,Business,9539.0,195,,2.0,246.12,338,Yes,
FL2558,2023-12-18 - 03:38:31,Air France,LHR,NRT,51.47,-0.4543,35.772,140.3929,Economy,4919.0,99,79.0,32.0,575.97,299,No,
FL9150,2023-08-23 - 00:00:00,United,NRT,DXB,35.772,140.3929,25.2532,55.3657,Economy,9514.0,609,336.0,14.0,278.05,271,Yes,
FL3113,2024-06-23 - 07:45:03,British Airways,JFK,LAX,40.6413,-73.7781,33.9425,-118.4081,Business,8975.0,230,372.0,12.0,130.91,211,Yes,
FL2671,2023-04-30 - 13:54:51,Ryanair,NRT,SYD,35.772,140.3929,-33.9399,151.1753,Economy,5603.0,409,570.0,,513.7,380,Yes,
FL5911,2023-04-24 - 12:14:00,Ryanair,SYD,NRT,-33.9399,151.1753,35.772,140.3929,Economy,2952.0,221,498.0,0.0,1774.35,188,Yes,
FL4094,2024-06-15 - 03:04:54,Air France,LHR,FRA,51.47,-0.4543,50.0379,8.5622,Business,10137.0,477,656.0,0.0,967.86,82,Yes,
FL3012,2024-03-06 - 16:03:44,Emirates,CDG,NRT,49.0097,2.5479,35.772,140.3929,Business,3316.0,190,237.0,0.0,1117.78,190,Yes,
FL4864,2024-03-11 - 19:53:27,British Airways,LAX,LHR,33.9425,-118.4081,51.47,-0.4543,Business,8121.0,626,561.0,0.0,,177,Yes,Operational
FL7374,2023-01-31 - 01:07:14,Air France,JFK,LAX,40.6413,-73.7781,33.9425,-118.4081,Economy,6370.0,771,715.0,22.0,548.71,201,Yes,
FL3525,2023-06-12 - 01:40:51,British Airways,LAX,JFK,33.9425,-118.4081,40.6413,-73.7781,Economy,4595.0,419,81.0,58.0,145.87,161,Yes,
FL3192,2024-02-23 - 05:24:58,Lufthansa,CDG,LHR,49.0097,2.5479,51.47,-0.4543,Business,5781.0,381,411.0,,248.15,346,Yes,
FL6531,2024-01-13 - 13:21:14,Emirates,SIN,JFK,1.3644,103.9915,40.6413,-73.7781,Business,3936.0,311,679.0,26.0,189.38,160,Yes,
FL4120,2023-10-25 - 03:04:54,Delta,CDG,SYD,49.0097,2.5479,-33.9399,151.1753,Economy,12501.0,826,278.0,34.0,774.17,408,Yes,
FL4917,2023-09-11 - 17:27:46,American,LAX,SIN,33.9425,-118.4081,1.3644,103.9915,Economy,2679.0,124,,18.0,464.11,312,Early,
FL2215,2023-10-06 - 07:28:14,American,SYD,FRA,-33.9399,151.1753,50.0379,8.5622,Economy,7631.0,292,537.0,0.0,,234,Yes,
FL2304,2023-02-20 - 23:43:11,British Airways,ORD,NRT,41.9742,-87.9073,35.772,140.3929,Business,7853.0,214,766.0,0.0,741.2,380,Early,
FL3625,2023-11-07 - 04:17:44,United,LAX,SYD,33.9425,-118.4081,-33.9399,151.1753,Economy,13469.0,345,,14.0,236.6,143,Early,
FL1375,2023-08-07 - 12:30:49,Delta,SYD,LHR,-33.9399,151.1753,51.47,-0.4543,Economy,14782.0,792,901.0,0.0,313.12,110,Early,
FL9898,2024-04-12 - 09:25:54,United,NRT,JFK,35.772,140.3929,40.6413,-73.7781,Economy,10837.0,492,719.0,38.0,894.41,245,Yes,
FL1490,2024-04-26 - 08:29:52,British Airways,LAX,ORD,33.9425,-118.4081,41.9742,-87.9073,Economy,11750.0,582,182.0,0.0,229.92,334,No,
FL9045,2024-06-16 - 00:56:01,British Airways,DXB,JFK,25.2532,55.3657,40.6413,-73.7781,Business,4720.0,587,619.0,0.0,917.84,365,Yes,
FL3400,2024-04-01 - 11:12:22,United,LAX,ORD,33.9425,-118.4081,41.9742,-87.9073,Business,9169.0,362,461.0,0.0,,192,Yes,
FL4545,2023-12-12 - 09:14:42,Ryanair,NRT,CDG,35.772,140.3929,49.0097,2.5479,Business,14396.0,721,460.0,0.0,,130,Yes,
FL2376,2024-03-23 - 01:24:02,Delta,LAX,NRT,33.9425,-118.4081,35.772,140.3929,Economy,5999.0,769,529.0,0.0,325.85,272,Yes,
FL8470,2024-02-11 - 09:20:18,Delta,SIN,NRT,1.3644,103.9915,35.772,140.3929,Economy,6420.0,671,868.0,0.0,406.47,242,No,
FL2032,2023-09-18 - 02:25:40,Emirates,CDG,DXB,49.0097,2.5479,25.2532,55.3657,Economy,7207.0,544,466.0,0.0,2148.89,122,Yes,
FL2379,2023-01-10 - 17:05:22,United,JFK,ORD,40.6413,-73.7781,41.9742,-87.9073,Economy,9898.0,147,347.0,19.0,383.88,108,No,
FL8248,2024-03-06 - 23:20:46,American,DXB,JFK,25.2532,55.3657,40.6413,-73.7781,Business,9762.0,696,608.0,12.0,86.73,356,No,
FL2903,2023-12-24 - 19:53:27,American,SYD,FRA,-33.9399,151.1753,50.0379,8.5622,Business,8686.0,771,411.0,10.0,729.13,206,Yes,
FL3388,2023-03-29 - 17:05:22,British Airways,ORD,NRT,41.9742,-87.9073,35.772,140.3929,First,5558.0,223,852.0,29.0,179.99,324,No,
FL2527,2023-09-24 - 18:40:37,American,CDG,LAX,49.0097,2.5479,33.9425,-118.4081,Economy,3828.0,775,668.0,24.0,188.76,316,No,
FL7363,2023-06-17 - 12:47:37,Lufthansa,NRT,DXB,35.772,140.3929,25.2532,55.3657,Economy,4571.0,865,769.0,16.0,277.59,270,No,
FL9621,2024-01-25 - 16:42:57,American,ORD,SIN,41.9742,-87.9073,1.3644,103.9915,Economy,2147.0,559,192.0,0.0,1122.2,231,No,
FL7635,2023-10-03 - 21:11:54,United,ORD,LAX,41.9742,-87.9073,33.9425,-118.4081,Business,8887.0,741,552.0,15.0,293.54,176,Yes,
FL3364,2023-02-26 - 03:32:55,Ryanair,SYD,DXB,-33.9399,151.1753,25.2532,55.3657,Economy,2474.0,409,68.0,0.0,506.72,130,Yes,
FL5891,2023-12-10 - 13:32:27,Delta,FRA,ORD,50.0379,8.5622,41.9742,-87.9073,Economy,13318.0,568,825.0,0.0,220.33,122,No,
FL2587,2023-11-03 - 05:36:11,Emirates,LHR,JFK,51.47,-0.4543,40.6413,-73.7781,Economy,9172.0,92,431.0,0.0,,284,Yes,
FL3025,2024-02-27 - 18:40:37,Air France,ORD,CDG,41.9742,-87.9073,49.0097,2.5479,Economy,10741.0,875,150.0,2.0,1795.84,150,No,
FL5269,2023-12-02 - 08:52:17,American,LAX,NRT,33.9425,-118.4081,35.772,140.3929,Economy,9311.0,410,910.0,39.0,2251.42,299,No,
FL4199,2023-01-14 - 08:29:52,Lufthansa,LAX,NRT,33.9425,-118.4081,35.772,140.3929,Economy,3082.0,307,755.0,0.0,,401,No,
FL7825,2023-03-25 - 11:06:46,Delta,DXB,CDG,25.2532,55.3657,49.0097,2.5479,Economy,11654.0,559,186.0,,447.89,208,No,
FL4881,2023-07-17 - 13:54:51,British Airways,SIN,CDG,1.3644,103.9915,49.0097,2.5479,Business,11015.0,496,584.0,41.0,299.66,286,No,
FL1540,2023-05-06 - 15:35:43,American,SIN,LAX,1.3644,103.9915,33.9425,-118.4081,Business,1518.0,246,,36.0,987.88,107,Yes,
FL1957,2024-05-10 - 00:16:48,United,JFK,NRT,40.6413,-73.7781,35.772,140.3929,Economy,6297.0,797,556.0,13.0,662.21,141,No,
FL2718,2023-03-01 - 11:40:23,United,ORD,LAX,41.9742,-87.9073,33.9425,-118.4081,Economy,5241.0,649,,15.0,434.69,85,Yes,
FL4992,2023-10-08 - 17:44:35,Delta,LAX,CDG,33.9425,-118.4081,49.0097,2.5479,Economy,10452.0,300,283.0,0.0,349.74,185,Yes,
FL9547,2023-11-09 - 07:17:02,Emirates,LAX,CDG,33.9425,-118.4081,49.0097,2.5479,Business,12244.0,396,281.0,51.0,290.65,102,Yes,
FL4814,2023-12-02 - 23:26:22,British Airways,LAX,SIN,33.9425,-118.4081,1.3644,103.9915,Economy,14262.0,648,652.0,0.0,300.17,419,No,
FL2781,2024-01-13 - 20:38:17,United,ORD,FRA,41.9742,-87.9073,50.0379,8.5622,Economy,10448.0,554,271.0,0.0,473.82,90,Yes,
FL9888,2024-01-19 - 00:28:00,Ryanair,NRT,FRA,35.772,140.3929,50.0379,8.5622,Business,12792.0,323,669.0,0.0,463.67,377,Yes,Operational
FL7512,2024-06-19 - 01:46:27,British Airways,ORD,DXB,41.9742,-87.9073,25.2532,55.3657,Economy,12963.0,491,,0.0,51.78,245,Yes,
FL7614,2023-04-18 - 10:33:09,Lufthansa,NRT,FRA,35.772,140.3929,50.0379,8.5622,Economy,12020.0,136,96.0,20.0,630.01,377,Early,
FL9349,2024-03-23 - 23:15:10,British Airways,LAX,NRT,33.9425,-118.4081,35.772,140.3929,Economy,13722.0,766,822.0,,192.97,90,No,
FL2732,2023-02-07 - 07:56:15,American,DXB,CDG,25.2532,55.3657,49.0097,2.5479,Economy,8744.0,563,846.0,29.0,325.93,213,No,
FL6654,2023-12-23 - 00:11:12,Lufthansa,NRT,ORD,35.772,140.3929,41.9742,-87.9073,Economy,1406.0,211,808.0,0.0,459.78,276,No,
FL1693,2023-04-01 - 03:21:42,Emirates,NRT,CDG,35.772,140.3929,49.0097,2.5479,Economy,10674.0,689,794.0,26.0,594.31,322,Yes,
FL5779,2024-02-08 - 23:03:58,Emirates,LHR,ORD,51.47,-0.4543,41.9742,-87.9073,Economy,11384.0,192,586.0,0.0,1137.16,408,Yes,
FL5695,2023-09-19 - 07:33:51,American,LHR,ORD,51.47,-0.4543,41.9742,-87.9073,Business,7812.0,83,,12.0,,376,No,
FL7806,2023-04-08 - 17:27:46,British Airways,SYD,DXB,-33.9399,151.1753,25.2532,55.3657,Economy,14318.0,840,897.0,0.0,445.76,325,No,
FL2519,2024-03-22 - 10:49:57,Emirates,DXB,SYD,25.2532,55.3657,-33.9399,151.1753,Economy,894.0,216,504.0,31.0,925.83,266,No,
FL8124,2023-04-02 - 23:03:58,Air France,SYD,LAX,-33.9399,151.1753,33.9425,-118.4081,Economy,7736.0,638,346.0,0.0,570.04,396,No,
FL2664,2024-02-04 - 09:48:19,Ryanair,LAX,CDG,33.9425,-118.4081,49.0097,2.5479,Economy,10106.0,874,533.0,3.0,61.49,419,Yes,
FL5611,2024-02-11 - 23:54:23,Air France,SIN,LHR,1.3644,103.9915,51.47,-0.4543,Economy,1116.0,655,782.0,0.0,106.73,255,Yes,
FL8021,2023-07-23 - 01:01:38,Ryanair,FRA,CDG,50.0379,8.5622,49.0097,2.5479,Economy,5611.0,575,688.0,,242.36,240,No,
FL8583,2024-04-22 - 09:48:19,Ryanair,ORD,CDG,41.9742,-87.9073,49.0097,2.5479,Economy,7764.0,821,532.0,0.0,243.18,81,Yes,
FL3180,2024-01-18 - 17:10:58,American,FRA,JFK,50.0379,8.5622,40.6413,-73.7781,Economy,1002.0,395,222.0,8.0,248.24,343,Yes,
FL4927,2023-05-26 - 23:37:35,United,LAX,NRT,33.9425,-118.4081,35.772,140.3929,Business,5058.0,678,149.0,0.0,264.68,288,Yes,
FL1061,2023-12-12 - 01:57:39,Air France,DXB,ORD,25.2532,55.3657,41.9742,-87.9073,Economy,8868.0,234,917.0,0.0,309.23,404,No,
FL5919,2023-01-21 - 08:01:52,Emirates,SYD,NRT,-33.9399,151.1753,35.772,140.3929,Economy,13511.0,892,453.0,0.0,225.52,86,No,
FL7531,2023-05-04 - 19:53:27,Air France,FRA,SYD,50.0379,8.5622,-33.9399,151.1753,Economy,13239.0,427,554.0,0.0,744.02,357,Yes,Technical
FL8916,2024-06-25 - 03:27:18,British Airways,LAX,DXB,33.9425,-118.4081,25.2532,55.3657,Economy,10485.0,151,843.0,11.0,179.32,242,Yes,Operational
FL2122,2023-04-17 - 19:59:03,American,ORD,NRT,41.9742,-87.9073,35.772,140.3929,First,14378.0,508,,53.0,143.16,292,Early,
FL8815,2023-04-22 - 09:14:42,Emirates,JFK,LAX,40.6413,-73.7781,33.9425,-118.4081,Economy,13375.0,96,309.0,0.0,946.3,212,Early,
FL5881,2024-01-26 - 21:51:07,American,SIN,JFK,1.3644,103.9915,40.6413,-73.7781,Economy,10791.0,512,83.0,3.0,195.82,83,No,
FL4457,2024-05-19 - 17:22:10,United,NRT,SIN,35.772,140.3929,1.3644,103.9915,Economy,8632.0,63,383.0,63.0,612.32,153,Yes,
FL7843,2024-03-29 - 03:04:54,Lufthansa,LAX,SIN,33.9425,-118.4081,1.3644,103.9915,Economy,10043.0,470,699.0,34.0,307.04,240,Yes,
FL1352,2023-08-18 - 03:27:18,United,JFK,LHR,40.6413,-73.7781,51.47,-0.4543,Economy,11476.0,588,536.0,0.0,1080.63,298,Yes,
FL2103,2024-06-18 - 11:12:22,Air France,SYD,NRT,-33.9399,151.1753,35.772,140.3929,Economy,11589.0,182,573.0,37.0,4080.29,270,Yes,
FL1111,2023-06-29 - 08:52:17,British Airways,LAX,NRT,33.9425,-118.4081,35.772,140.3929,Economy,9281.0,257,67.0,0.0,189.72,160,No,
FL9696,2024-06-26 - 15:52:31,Ryanair,DXB,FRA,25.2532,55.3657,50.0379,8.5622,Economy,13879.0,115,636.0,0.0,178.14,238,Yes,
FL6386,2023-04-15 - 09:42:43,Air France,SIN,FRA,1.3644,103.9915,50.0379,8.5622,Economy,1019.0,893,644.0,7.0,160.69,259,No,
FL9134,2024-03-01 - 12:14:00,Emirates,FRA,LHR,50.0379,8.5622,51.47,-0.4543,Business,11070.0,841,131.0,24.0,1057.88,351,No,
FL1472,2024-03-15 - 11:17:58,Lufthansa,FRA,LHR,50.0379,8.5622,51.47,-0.4543,Business,10617.0,80,458.0,12.0,767.97,323,Yes,
FL5022,2024-05-30 - 15:35:43,Emirates,JFK,CDG,40.6413,-73.7781,49.0097,2.5479,Economy,10659.0,584,,0.0,367.06,361,No,
FL5592,2024-01-28 - 02:59:17,Delta,SYD,JFK,-33.9399,151.1753,40.6413,-73.7781,Economy,3651.0,202,224.0,29.0,347.88,297,Yes,
FL7085,2023-11-29 - 15:18:54,Emirates,FRA,SIN,50.0379,8.5622,1.3644,103.9915,Economy,14894.0,489,712.0,21.0,4443.37,362,Yes,
FL6134,2024-05-08 - 19:08:38,United,LAX,JFK,33.9425,-118.4081,40.6413,-73.7781,Economy,5867.0,292,568.0,6.0,332.77,273,Yes,
FL4966,2023-06-27 - 05:52:59,Ryanair,CDG,LHR,49.0097,2.5479,51.47,-0.4543,Economy,8924.0,892,465.0,142.0,297.62,227,Yes,
FL1520,2024-02-06 - 12:47:37,Lufthansa,SIN,NRT,1.3644,103.9915,35.772,140.3929,Business,13858.0,353,554.0,0.0,615.02,273,Yes,
FL3344,2023-08-24 - 19:42:15,Lufthansa,ORD,JFK,41.9742,-87.9073,40.6413,-73.7781,Economy,10797.0,522,834.0,0.0,359.35,364,Yes,
FL2925,2023-03-21 - 05:08:10,British Airways,DXB,NRT,25.2532,55.3657,35.772,140.3929,Economy,12786.0,434,345.0,12.0,378.24,389,Yes,
FL2411,2023-09-06 - 06:21:00,Delta,ORD,DXB,41.9742,-87.9073,25.2532,55.3657,Economy,13667.0,404,123.0,0.0,759.73,243,Early,
FL4471,2023-03-14 - 20:10:16,United,SYD,DXB,-33.9399,151.1753,25.2532,55.3657,Business,9698.0,885,623.0,60.0,,337,No,
FL5627,2023-07-30 - 00:33:37,Lufthansa,SYD,FRA,-33.9399,151.1753,50.0379,8.5622,Economy,6810.0,655,830.0,0.0,251.15,120,Early,
FL1933,2023-06-18 - 10:38:45,Ryanair,SIN,DXB,1.3644,103.9915,25.2532,55.3657,Business,7255.0,569,,6.0,291.74,126,Yes,
FL3930,2024-05-05 - 18:18:12,United,DXB,LHR,25.2532,55.3657,51.47,-0.4543,Economy,4132.0,605,74.0,15.0,180.27,101,No,
FL5886,2024-03-08 - 11:45:59,Delta,SYD,DXB,-33.9399,151.1753,25.2532,55.3657,Economy,5943.0,237,563.0,0.0,279.94,213,Yes,
FL9732,2024-03-07 - 21:11:54,United,LAX,LHR,33.9425,-118.4081,51.47,-0.4543,First,11026.0,283,429.0,13.0,892.68,310,Yes,
FL9968,2024-03-08 - 04:28:56,Lufthansa,DXB,SIN,25.2532,55.3657,1.3644,103.9915,Business,10948.0,696,287.0,9.0,1004.29,240,Yes,
FL5668,2023-01-22 - 13:10:02,Emirates,DXB,SIN,25.2532,55.3657,1.3644,103.9915,Business,11129.0,335,,0.0,592.42,320,Yes,
FL1615,2024-01-22 - 08:35:29,Air France,ORD,LHR,41.9742,-87.9073,51.47,-0.4543,Economy,13517.0,264,382.0,40.0,1197.85,409,Early,
FL5805,2023-03-20 - 14:34:05,Emirates,SIN,DXB,1.3644,103.9915,25.2532,55.3657,Economy,3781.0,454,791.0,45.0,673.78,301,Yes,
FL9248,2023-01-16 - 11:29:10,Emirates,LHR,FRA,51.47,-0.4543,50.0379,8.5622,Economy,8899.0,260,,15.0,374.44,264,Yes,
FL7602,2023-05-01 - 19:03:02,Emirates,LHR,CDG,51.47,-0.4543,49.0097,2.5479,Economy,9917.0,459,316.0,0.0,675.54,292,Yes,
FL8898,2024-03-30 - 08:13:04,British Airways,JFK,DXB,40.6413,-73.7781,25.2532,55.3657,Economy,7897.0,726,479.0,7.0,389.15,143,Yes,
FL7335,2023-06-16 - 07:39:27,Lufthansa,FRA,SYD,50.0379,8.5622,-33.9399,151.1753,First,13125.0,504,734.0,20.0,604.98,359,Yes,Weather
FL5839,2024-01-12 - 08:13:04,Ryanair,FRA,ORD,50.0379,8.5622,41.9742,-87.9073,Economy,4274.0,152,196.0,3.0,367.99,297,Yes,
FL8512,2023-05-26 - 09:03:30,Ryanair,FRA,DXB,50.0379,8.5622,25.2532,55.3657,Economy,6090.0,232,,19.0,168.64,352,Yes,
FL6988,2024-06-14 - 19:47:51,British Airways,CDG,JFK,49.0097,2.5479,40.6413,-73.7781,Economy,14138.0,72,327.0,26.0,1581.11,138,Yes,
FL2430,2023-09-02 - 14:56:29,American,JFK,LAX,40.6413,-73.7781,33.9425,-118.4081,Economy,12154.0,493,216.0,20.0,1559.87,204,Yes,
FL3867,2023-05-31 - 20:10:16,British Airways,ORD,CDG,41.9742,-87.9073,49.0097,2.5479,Economy,7321.0,612,312.0,0.0,3762.34,263,No,
FL9205,2023-05-05 - 17:44:35,Emirates,CDG,ORD,49.0097,2.5479,41.9742,-87.9073,Business,13963.0,720,77.0,1.0,1077.93,205,Yes,
FL3000,2023-12-25 - 17:44:35,American,ORD,DXB,41.9742,-87.9073,25.2532,55.3657,Economy,5556.0,579,932.0,26.0,226.18,270,No,
FL7258,2023-05-09 - 23:43:11,Air France,SYD,DXB,-33.9399,151.1753,25.2532,55.3657,Economy,6377.0,165,659.0,0.0,162.09,92,Yes,
FL9089,2023-07-06 - 01:07:14,Delta,SYD,CDG,-33.9399,151.1753,49.0097,2.5479,Economy,11746.0,239,474.0,0.0,316.55,121,No,
FL6909,2023-10-30 - 14:11:40,Lufthansa,ORD,NRT,41.9742,-87.9073,35.772,140.3929,Economy,10031.0,728,159.0,19.0,148.29,195,Yes,
FL9254,2023-05-10 - 14:17:16,Air France,CDG,LAX,49.0097,2.5479,33.9425,-118.4081,Business,7300.0,219,92.0,58.0,416.71,92,Yes,
FL7597,2023-05-17 - 13:49:15,Emirates,DXB,SYD,25.2532,55.3657,-33.9399,151.1753,First,5892.0,766,862.0,34.0,256.65,397,No,
FL6120,2024-03-06 - 08:46:41,American,LHR,ORD,51.47,-0.4543,41.9742,-87.9073,Economy,8217.0,236,78.0,16.0,309.83,234,Early,
FL2040,2024-05-26 - 16:54:09,United,CDG,LHR,49.0097,2.5479,51.47,-0.4543,Economy,14161.0,548,194.0,0.0,,400,Yes,
FL3136,2024-01-24 - 18:51:49,Emirates,LAX,DXB,33.9425,-118.4081,25.2532,55.3657,First,1693.0,881,536.0,40.0,103.44,224,Yes,
FL2142,2023-10-28 - 11:12:22,United,LAX,DXB,33.9425,-118.4081,25.2532,55.3657,Economy,14229.0,263,170.0,25.0,216.44,222,Early,
FL6501,2024-05-02 - 17:27:46,British Airways,LHR,SIN,51.47,-0.4543,1.3644,103.9915,Business,6382.0,370,168.0,,350.89,302,Yes,
FL8126,2023-09-19 - 14:50:53,Ryanair,SIN,FRA,1.3644,103.9915,50.0379,8.5622,Business,9279.0,794,893.0,0.0,242.04,180,No,
FL1658,2023-02-12 - 19:03:02,Ryanair,NRT,LAX,35.772,140.3929,33.9425,-118.4081,Economy,3271.0,721,174.0,1.0,802.28,346,No,
FL3590,2023-10-13 - 14:17:16,United,CDG,SIN,49.0097,2.5479,1.3644,103.9915,First,1190.0,188,192.0,24.0,143.97,328,No,
FL4447,2024-01-30 - 05:58:35,United,FRA,SIN,50.0379,8.5622,1.3644,103.9915,Economy,12011.0,736,403.0,0.0,,338,Yes,
FL6779,2024-06-02 - 01:52:03,Delta,SIN,JFK,1.3644,103.9915,40.6413,-73.7781,Economy,7409.0,467,938.0,30.0,249.46,264,No,
FL5585,2024-02-04 - 17:05:22,Lufthansa,SYD,SIN,-33.9399,151.1753,1.3644,103.9915,Economy,8818.0,255,439.0,33.0,471.01,128,No,Crew
FL4436,2023-12-08 - 03:16:06,Lufthansa,CDG,LHR,49.0097,2.5479,51.47,-0.4543,Economy,12068.0,330,811.0,36.0,167.63,181,No,
FL4962,2023-04-14 - 19:08:38,British Airways,ORD,CDG,41.9742,-87.9073,49.0097,2.5479,Economy,9553.0,827,438.0,14.0,220.92,161,Yes,
FL7982,2023-03-24 - 05:58:35,United,CDG,DXB,49.0097,2.5479,25.2532,55.3657,Economy,1667.0,182,326.0,3.0,147.43,196,Yes,
FL6286,2023-02-25 - 20:15:52,United,LHR,LAX,51.47,-0.4543,33.9425,-118.4081,Business,9761.0,162,599.0,112.0,274.5,379,No,
FL1689,2024-05-10 - 14:50:53,United,JFK,ORD,40.6413,-73.7781,41.9742,-87.9073,Business,13734.0,419,726.0,26.0,498.98,346,No,
FL3551,2023-03-16 - 01:18:26,American,SYD,LHR,-33.9399,151.1753,51.47,-0.4543,Business,1310.0,865,691.0,39.0,86.84,117,Yes,
FL1442,2023-05-08 - 11:17:58,United,DXB,LHR,25.2532,55.3657,51.47,-0.4543,Business,10037.0,558,133.0,61.0,1539.47,252,Yes,
FL4733,2023-05-27 - 14:11:40,British Airways,LAX,LHR,33.9425,-118.4081,51.47,-0.4543,Economy,9194.0,158,459.0,0.0,93.56,325,No,
FL9328,2024-03-20 - 07:50:39,Delta,FRA,SYD,50.0379,8.5622,-33.9399,151.1753,Economy,12390.0,251,,1.0,192.76,328,Yes,
FL7447,2023-04-22 - 01:57:39,Ryanair,SIN,LHR,1.3644,103.9915,51.47,-0.4543,Economy,9685.0,270,,3.0,248.54,194,Yes,Crew
FL3606,2023-12-18 - 18:12:36,Emirates,DXB,LHR,25.2532,55.3657,51.47,-0.4543,Economy,11749.0,359,199.0,0.0,180.2,177,No,
FL6135,2023-11-18 - 02:31:17,United,NRT,SIN,35.772,140.3929,1.3644,103.9915,Economy,7197.0,386,244.0,6.0,956.88,220,Yes,
FL4028,2024-01-03 - 05:41:47,Emirates,LHR,ORD,51.47,-0.4543,41.9742,-87.9073,Business,12324.0,386,,0.0,1009.16,158,Early,
FL2910,2023-12-09 - 08:24:16,Emirates,CDG,LAX,49.0097,2.5479,33.9425,-118.4081,Economy,8513.0,289,828.0,13.0,117.31,305,No,
FL5004,2024-02-17 - 03:44:07,American,LAX,SYD,33.9425,-118.4081,-33.9399,151.1753,Business,6306.0,702,526.0,13.0,343.89,220,Yes,
FL3475,2024-02-08 - 08:29:52,Delta,LAX,ORD,33.9425,-118.4081,41.9742,-87.9073,Economy,9558.0,304,,0.0,342.46,350,Yes,
FL1955,2023-03-17 - 21:00:42,Lufthansa,FRA,CDG,50.0379,8.5622,49.0097,2.5479,Business,4678.0,512,866.0,33.0,165.72,297,Early,
FL1233,2023-06-07 - 05:08:10,British Airways,NRT,LHR,35.772,140.3929,51.47,-0.4543,First,8868.0,418,147.0,3.0,1219.4,116,Yes,
FL4556,2024-05-14 - 13:32:27,American,JFK,SYD,40.6413,-73.7781,-33.9399,151.1753,Economy,11510.0,102,496.0,93.0,224.65,80,No,
FL6134,2023-08-29 - 08:57:53,Lufthansa,CDG,DXB,49.0097,2.5479,25.2532,55.3657,Business,9442.0,426,510.0,19.0,425.19,186,Yes,
FL7990,2023-07-05 - 03:16:06,Delta,JFK,SIN,40.6413,-73.7781,1.3644,103.9915,Economy,4322.0,570,946.0,,1502.86,331,Yes,
FL7469,2024-05-04 - 05:52:59,Lufthansa,NRT,DXB,35.772,140.3929,25.2532,55.3657,Economy,11624.0,529,,0.0,825.96,95,No,
FL8058,2024-02-29 - 14:22:52,American,SYD,JFK,-33.9399,151.1753,40.6413,-73.7781,Economy,8988.0,740,,31.0,720.65,391,Yes,
FL1766,2023-07-13 - 07:56:15,Emirates,ORD,DXB,41.9742,-87.9073,25.2532,55.3657,Economy,11685.0,863,382.0,10.0,293.5,199,No,
FL5649,2024-05-03 - 22:35:57,Ryanair,LHR,FRA,51.47,-0.4543,50.0379,8.5622,First,729.0,740,402.0,78.0,50.19,314,No,
FL1792,2023-07-04 - 05:24:58,United,JFK,FRA,40.6413,-73.7781,50.0379,8.5622,Business,14860.0,608,217.0,0.0,734.78,350,No,
FL9007,2023-10-29 - 16:20:32,Emirates,FRA,LHR,50.0379,8.5622,51.47,-0.4543,First,11675.0,192,104.0,8.0,237.81,219,Early,
FL3993,2024-01-08 - 16:48:33,British Airways,NRT,SIN,35.772,140.3929,1.3644,103.9915,First,4380.0,448,706.0,74.0,265.99,89,Early,
FL9230,2023-05-14 - 05:41:47,Emirates,SIN,DXB,1.3644,103.9915,25.2532,55.3657,Economy,14071.0,776,911.0,,319.81,140,Yes,
FL2819,2023-06-15 - 02:31:17,Ryanair,LAX,LHR,33.9425,-118.4081,51.47,-0.4543,Economy,7277.0,859,612.0,25.0,1212.92,97,Yes,
FL5328,2023-02-25 - 05:41:47,Air France,NRT,FRA,35.772,140.3929,50.0379,8.5622,Economy,1939.0,882,683.0,44.0,404.81,183,Yes,
FL6730,2023-02-21 - 14:17:16,American,JFK,SIN,40.6413,-73.7781,1.3644,103.9915,Economy,12687.0,116,655.0,0.0,2559.81,413,No,Weather
FL4118,2023-03-30 - 14:56:29,American,DXB,SYD,25.2532,55.3657,-33.9399,151.1753,Economy,7895.0,396,934.0,50.0,,354,Yes,
FL3735,2024-05-25 - 19:03:02,Delta,SYD,LAX,-33.9399,151.1753,33.9425,-118.4081,Business,8209.0,584,469.0,203.0,616.78,390,Yes,
FL8023,2023-05-23 - 22:47:09,Ryanair,SIN,NRT,1.3644,103.9915,35.772,140.3929,Economy,8244.0,797,536.0,9.0,116.26,338,Yes,
FL5853,2023-04-02 - 01:12:50,American,ORD,CDG,41.9742,-87.9073,49.0097,2.5479,Business,10144.0,244,,0.0,718.9,80,No,
FL3767,2024-06-03 - 21:34:19,Lufthansa,JFK,ORD,40.6413,-73.7781,41.9742,-87.9073,Economy,13871.0,600,430.0,2.0,,182,No,
FL4256,2024-01-30 - 20:32:41,American,DXB,CDG,25.2532,55.3657,49.0097,2.5479,Business,14783.0,407,537.0,50.0,470.01,105,No,
FL6859,2024-02-01 - 16:14:56,Delta,SYD,SIN,-33.9399,151.1753,1.3644,103.9915,Business,12567.0,214,,42.0,465.84,225,Yes,Weather
FL7893,2023-08-07 - 19:47:51,Lufthansa,NRT,JFK,35.772,140.3929,40.6413,-73.7781,Economy,10776.0,651,774.0,0.0,141.13,202,Early,
FL5646,2024-06-18 - 03:55:19,Lufthansa,DXB,LHR,25.2532,55.3657,51.47,-0.4543,Economy,9363.0,164,506.0,48.0,1088.35,86,No,
FL9444,2023-10-26 - 00:56:01,Delta,NRT,FRA,35.772,140.3929,50.0379,8.5622,Economy,13361.0,481,287.0,0.0,573.45,341,No,
FL3102,2023-11-17 - 04:40:09,Ryanair,JFK,DXB,40.6413,-73.7781,25.2532,55.3657,Economy,11172.0,211,619.0,0.0,121.39,345,Yes,
FL9273,2023-04-23 - 14:22:52,American,DXB,FRA,25.2532,55.3657,50.0379,8.5622,Economy,2184.0,505,185.0,73.0,1799.84,338,Yes,
FL5740,2023-11-15 - 08:57:53,Delta,LHR,SIN,51.47,-0.4543,1.3644,103.9915,Business,932.0,693,468.0,0.0,740.56,376,Yes,
FL6287,2024-03-02 - 17:22:10,British Airways,NRT,SYD,35.772,140.3929,-33.9399,151.1753,First,2633.0,330,802.0,0.0,837.35,81,Yes,
FL4791,2023-05-06 - 08:18:40,Air France,NRT,SIN,35.772,140.3929,1.3644,103.9915,Economy,14586.0,84,796.0,23.0,536.41,109,No,
FL3661,2023-09-26 - 21:39:55,British Airways,SYD,LHR,-33.9399,151.1753,51.47,-0.4543,Economy,14931.0,446,758.0,15.0,239.25,204,No,
FL9267,2023-06-27 - 13:10:02,Lufthansa,FRA,JFK,50.0379,8.5622,40.6413,-73.7781,Economy,11937.0,148,758.0,98.0,1664.66,203,Yes,
FL9751,2023-02-23 - 02:42:29,American,FRA,LHR,50.0379,8.5622,51.47,-0.4543,Economy,7129.0,590,749.0,147.0,339.68,419,Yes,
FL7376,2023-05-28 - 04:45:45,Air France,FRA,ORD,50.0379,8.5622,41.9742,-87.9073,Economy,10189.0,772,413.0,0.0,223.46,328,Yes,
FL7095,2024-06-10 - 13:49:15,Emirates,NRT,DXB,35.772,140.3929,25.2532,55.3657,Business,7634.0,277,,19.0,872.08,227,Early,
FL4096,2023-08-18 - 10:44:21,Delta,LHR,NRT,51.47,-0.4543,35.772,140.3929,Economy,12848.0,418,939.0,57.0,234.99,297,Yes,
FL6529,2024-04-18 - 11:06:46,Lufthansa,SYD,JFK,-33.9399,151.1753,40.6413,-73.7781,First,7208.0,152,788.0,13.0,289.54,354,Yes,
FL5752,2023-04-12 - 08:52:17,Lufthansa,ORD,CDG,41.9742,-87.9073,49.0097,2.5479,Economy,7455.0,140,947.0,13.0,611.33,218,Yes,
FL7994,2023-08-26 - 00:50:25,Ryanair,DXB,LAX,25.2532,55.3657,33.9425,-118.4081,First,7412.0,878,803.0,45.0,,259,Yes,
FL1232,2023-06-29 - 01:35:15,Delta,JFK,NRT,40.6413,-73.7781,35.772,140.3929,Business,6653.0,282,922.0,12.0,526.71,98,Yes,
FL3111,2023-05-21 - 05:13:46,United,LAX,DXB,33.9425,-118.4081,25.2532,55.3657,Economy,8328.0,106,375.0,68.0,314.29,142,Yes,
FL8155,2024-03-06 - 01:29:38,Emirates,FRA,JFK,50.0379,8.5622,40.6413,-73.7781,Economy,1591.0,823,784.0,0.0,482.83,186,Yes,
FL4362,2023-10-09 - 01:01:38,Emirates,JFK,NRT,40.6413,-73.7781,35.772,140.3929,Economy,8470.0,742,250.0,96.0,158.34,358,Yes,
FL6858,2023-03-02 - 02:14:28,Delta,SYD,ORD,-33.9399,151.1753,41.9742,-87.9073,Business,6279.0,171,421.0,0.0,86.22,411,Early,
FL3123,2023-01-05 - 13:15:38,Air France,LAX,SIN,33.9425,-118.4081,1.3644,103.9915,Economy,1421.0,298,175.0,0.0,549.36,391,No,
FL8039,2023-03-22 - 10:16:20,Emirates,FRA,NRT,50.0379,8.5622,35.772,140.3929,Economy,7551.0,279,768.0,0.0,69.2,237,No,
FL9287,2023-07-18 - 11:45:59,American,NRT,DXB,35.772,140.3929,25.2532,55.3657,Economy,5826.0,806,719.0,30.0,1096.26,108,Yes,
FL1233,2023-08-05 - 02:14:28,United,LAX,NRT,33.9425,-118.4081,35.772,140.3929,Economy,6985.0,456,511.0,6.0,150.02,368,No,
FL3323,2023-09-13 - 05:52:59,Air France,CDG,FRA,49.0097,2.5479,50.0379,8.5622,Economy,9230.0,560,483.0,0.0,467.6,316,Yes,
FL9784,2024-01-05 - 01:24:02,Delta,ORD,DXB,41.9742,-87.9073,25.2532,55.3657,First,7469.0,363,348.0,0.0,138.14,130,Yes,
FL7095,2024-01-10 - 19:47:51,American,LHR,FRA,51.47,-0.4543,50.0379,8.5622,Economy,6381.0,97,650.0,0.0,410.29,124,Yes,
FL4709,2023-08-18 - 18:01:24,Air France,CDG,FRA,49.0097,2.5479,50.0379,8.5622,Economy,13548.0,415,515.0,20.0,372.3,314,Early,
FL7723,2024-02-17 - 18:18:12,United,FRA,ORD,50.0379,8.5622,41.9742,-87.9073,Economy,1018.0,863,556.0,142.0,146.21,278,No,
FL7850,2024-06-19 - 09:03:30,British Airways,LHR,NRT,51.47,-0.4543,35.772,140.3929,Economy,3963.0,880,414.0,0.0,1968.69,118,Yes,
FL1216,2024-01-01 - 17:16:34,Emirates,SIN,LAX,1.3644,103.9915,33.9425,-118.4081,Economy,9983.0,543,819.0,9.0,349.58,342,Yes,
FL3052,2023-03-02 - 09:31:31,Delta,SYD,SIN,-33.9399,151.1753,1.3644,103.9915,Economy,9378.0,801,627.0,2.0,353.19,401,Yes,
FL5228,2023-10-12 - 16:26:08,Lufthansa,LHR,NRT,51.47,-0.4543,35.772,140.3929,Economy,3672.0,124,905.0,15.0,543.88,112,Yes,
FL8182,2024-06-22 - 02:36:53,British Airways,FRA,SIN,50.0379,8.5622,1.3644,103.9915,Economy,13957.0,186,85.0,0.0,397.96,351,Yes,
FL7939,2023-07-08 - 04:06:32,British Airways,SIN,NRT,1.3644,103.9915,35.772,140.3929,Business,9708.0,293,,0.0,1920.41,91,No,
FL6253,2023-11-12 - 15:24:30,American,ORD,SIN,41.9742,-87.9073,1.3644,103.9915,Economy,12830.0,381,743.0,0.0,1043.46,151,No,
FL5923,2023-05-27 - 06:54:37,United,SYD,DXB,-33.9399,151.1753,25.2532,55.3657,Business,6811.0,260,447.0,15.0,370.0,299,Yes,
FL1981,2024-01-17 - 19:19:50,Air France,NRT,CDG,35.772,140.3929,49.0097,2.5479,Economy,14359.0,348,117.0,8.0,482.18,300,Yes,
FL8161,2023-12-27 - 20:43:53,Lufthansa,FRA,DXB,50.0379,8.5622,25.2532,55.3657,Economy,2120.0,130,685.0,0.0,325.28,261,Yes,
FL4741,2024-06-06 - 00:33:37,Emirates,SIN,LHR,1.3644,103.9915,51.47,-0.4543,Economy,9303.0,668,128.0,,113.99,395,Early,
FL5854,2024-06-01 - 04:00:56,Air France,NRT,SYD,35.772,140.3929,-33.9399,151.1753,Economy,602.0,858,467.0,0.0,365.73,354,No,
FL4755,2023-07-07 - 13:32:27,Delta,DXB,SYD,25.2532,55.3657,-33.9399,151.1753,Economy,2598.0,441,,0.0,1399.63,213,Yes,
FL8011,2024-02-02 - 14:06:04,Emirates,NRT,LHR,35.772,140.3929,51.47,-0.4543,Business,9129.0,369,835.0,54.0,355.8,417,No,
FL9837,2024-04-15 - 17:33:23,American,CDG,LHR,49.0097,2.5479,51.47,-0.4543,Economy,2289.0,700,706.0,9.0,664.19,301,Early,
FL5936,2023-04-05 - 02:03:16,Ryanair,SIN,FRA,1.3644,103.9915,50.0379,8.5622,Economy,5675.0,550,439.0,5.0,383.45,90,No,
FL1703,2023-01-17 - 23:54:23,American,CDG,NRT,49.0097,2.5479,35.772,140.3929,First,2545.0,533,602.0,0.0,345.9,413,No,
FL9693,2024-03-09 - 02:20:04,American,ORD,DXB,41.9742,-87.9073,25.2532,55.3657,Economy,11608.0,889,231.0,35.0,318.65,411,No,
FL3538,2023-08-14 - 12:02:48,United,SIN,CDG,1.3644,103.9915,49.0097,2.5479,Economy,1386.0,287,236.0,,254.98,340,No,
FL3083,2024-03-26 - 02:14:28,Delta,ORD,CDG,41.9742,-87.9073,49.0097,2.5479,Economy,14985.0,500,193.0,10.0,168.97,369,No,
FL2338,2023-01-14 - 01:12:50,Lufthansa,LHR,ORD,51.47,-0.4543,41.9742,-87.9073,Economy,1389.0,202,814.0,48.0,77.44,127,Yes,
FL7553,2023-01-31 - 08:24:16,American,FRA,DXB,50.0379,8.5622,25.2532,55.3657,Economy,5622.0,140,502.0,4.0,914.0,262,Yes,
FL1588,2023-03-25 - 03:49:43,Emirates,SIN,SYD,1.3644,103.9915,-33.9399,151.1753,Economy,7869.0,421,775.0,21.0,676.96,339,Early,
FL7467,2024-01-23 - 21:00:42,American,LHR,JFK,51.47,-0.4543,40.6413,-73.7781,Economy,4262.0,254,480.0,,,220,Early,
FL2142,2023-04-18 - 03:16:06,Ryanair,ORD,FRA,41.9742,-87.9073,50.0379,8.5622,Economy,12052.0,621,273.0,30.0,127.12,191,Yes,
FL4805,2023-01-31 - 15:41:19,United,SIN,SYD,1.3644,103.9915,-33.9399,151.1753,Economy,4595.0,597,,7.0,168.06,115,Yes,
FL5086,2023-11-10 - 12:25:12,Emirates,CDG,ORD,49.0097,2.5479,41.9742,-87.9073,Economy,6945.0,581,944.0,15.0,2007.52,315,Early,
FL2621,2023-02-02 - 11:23:34,United,LHR,FRA,51.47,-0.4543,50.0379,8.5622,Economy,14980.0,640,499.0,15.0,461.83,126,Yes,
FL4600,2023-06-26 - 15:18:54,Emirates,ORD,DXB,41.9742,-87.9073,25.2532,55.3657,Business,4809.0,479,747.0,0.0,423.37,411,Yes,
FL9952,2023-03-16 - 23:09:34,British Airways,ORD,FRA,41.9742,-87.9073,50.0379,8.5622,Economy,2168.0,874,353.0,130.0,175.98,318,No,
FL8185,2023-08-25 - 17:33:23,Lufthansa,NRT,JFK,35.772,140.3929,40.6413,-73.7781,First,7360.0,720,365.0,0.0,905.27,202,Yes,
FL7796,2023-10-12 - 01:52:03,Emirates,JFK,DXB,40.6413,-73.7781,25.2532,55.3657,Economy,11172.0,400,904.0,32.0,417.96,230,Early,
FL8112,2024-04-12 - 16:42:57,Lufthansa,JFK,LHR,40.6413,-73.7781,51.47,-0.4543,Business,1164.0,167,496.0,0.0,911.13,395,No,
FL2755,2024-06-15 - 10:21:56,British Airways,JFK,ORD,40.6413,-73.7781,41.9742,-87.9073,Business,2236.0,867,251.0,,326.73,130,Early,
FL4132,2024-01-06 - 21:06:18,Delta,CDG,DXB,49.0097,2.5479,25.2532,55.3657,Economy,3716.0,869,878.0,0.0,859.46,203,Yes,
FL9267,2023-05-10 - 07:00:14,Lufthansa,NRT,LAX,35.772,140.3929,33.9425,-118.4081,Economy,2195.0,469,,70.0,92.15,263,No,
FL5226,2023-11-02 - 07:45:03,British Airways,NRT,SIN,35.772,140.3929,1.3644,103.9915,Economy,8901.0,781,,68.0,873.54,321,Yes,
FL8260,2023-12-26 - 15:35:43,Ryanair,JFK,SIN,40.6413,-73.7781,1.3644,103.9915,Economy,11488.0,899,84.0,51.0,179.86,388,No,
FL2036,2023-02-08 - 20:21:28,Emirates,SIN,JFK,1.3644,103.9915,40.6413,-73.7781,First,2442.0,446,84.0,4.0,203.06,149,No,
FL2116,2023-09-28 - 17:22:10,American,LHR,LAX,51.47,-0.4543,33.9425,-118.4081,Economy,6524.0,410,213.0,28.0,205.13,277,No,Operational
FL7036,2023-05-26 - 16:20:32,United,CDG,LAX,49.0097,2.5479,33.9425,-118.4081,Business,10031.0,713,,0.0,198.91,318,Yes,
FL1371,2023-05-18 - 11:40:23,American,JFK,FRA,40.6413,-73.7781,50.0379,8.5622,Economy,1911.0,456,168.0,0.0,599.78,81,Yes,
FL7853,2024-04-20 - 06:49:01,Emirates,CDG,SIN,49.0097,2.5479,1.3644,103.9915,Economy,8104.0,795,120.0,49.0,1297.66,271,Yes,
FL9222,2024-02-28 - 01:57:39,British Airways,SIN,LHR,1.3644,103.9915,51.47,-0.4543,Economy,9923.0,137,236.0,33.0,470.58,153,Yes,
FL8478,2023-11-22 - 23:03:58,Emirates,CDG,LHR,49.0097,2.5479,51.47,-0.4543,Business,10482.0,438,679.0,0.0,748.47,308,Yes,
FL1135,2023-06-11 - 11:06:46,Air France,LAX,LHR,33.9425,-118.4081,51.47,-0.4543,Economy,11722.0,314,831.0,0.0,80.42,348,Yes,Operational
FL2883,2023-10-15 - 17:16:34,American,LAX,FRA,33.9425,-118.4081,50.0379,8.5622,Economy,8752.0,543,,3.0,173.23,208,No,Operational
FL5238,2024-04-13 - 00:00:00,Air France,LAX,LHR,33.9425,-118.4081,51.47,-0.4543,Economy,1754.0,82,724.0,91.0,147.33,269,No,
FL1339,2023-10-21 - 18:57:25,Emirates,ORD,NRT,41.9742,-87.9073,35.772,140.3929,Economy,4555.0,537,147.0,9.0,993.11,190,Early,
FL1089,2023-09-08 - 02:03:16,American,SYD,FRA,-33.9399,151.1753,50.0379,8.5622,Business,6483.0,208,,11.0,145.47,285,No,
FL6550,2024-05-08 - 04:34:33,Lufthansa,SIN,SYD,1.3644,103.9915,-33.9399,151.1753,Business,7216.0,694,783.0,0.0,270.57,261,No,
FL7614,2023-07-10 - 14:22:52,British Airways,DXB,CDG,25.2532,55.3657,49.0097,2.5479,Economy,4559.0,465,580.0,0.0,265.44,220,No,
FL7870,2023-06-26 - 22:35:57,British Airways,LAX,SYD,33.9425,-118.4081,-33.9399,151.1753,Economy,4543.0,840,56.0,84.0,364.99,126,Early,
FL8716,2024-03-02 - 02:48:05,Lufthansa,CDG,FRA,49.0097,2.5479,50.0379,8.5622,Economy,1767.0,632,727.0,49.0,526.25,385,No,Crew
FL8300,2023-11-22 - 15:46:55,American,SYD,SIN,-33.9399,151.1753,1.3644,103.9915,First,5444.0,395,686.0,0.0,968.61,178,Yes,
FL1610,2023-10-26 - 15:30:07,American,LHR,FRA,51.47,-0.4543,50.0379,8.5622,Economy,9200.0,409,,23.0,952.89,103,Yes,
FL4221,2023-10-27 - 06:04:12,British Airways,FRA,LHR,50.0379,8.5622,51.47,-0.4543,Economy,6565.0,852,315.0,0.0,377.32,333,Yes,
FL3246,2024-02-09 - 13:38:03,Air France,LHR,DXB,51.47,-0.4543,25.2532,55.3657,Economy,6516.0,700,618.0,45.0,159.41,238,Yes,
FL8545,2023-05-03 - 22:02:20,British Airways,ORD,LHR,41.9742,-87.9073,51.47,-0.4543,Economy,7393.0,379,402.0,0.0,778.87,241,No,
FL5998,2024-03-05 - 03:38:31,American,SYD,DXB,-33.9399,151.1753,25.2532,55.3657,Economy,2808.0,161,,0.0,307.23,393,Yes,
FL1802,2023-10-14 - 04:51:21,Air France,NRT,FRA,35.772,140.3929,50.0379,8.5622,Business,10907.0,109,588.0,40.0,310.96,340,No,
FL1593,2023-10-02 - 01:29:38,American,LAX,FRA,33.9425,-118.4081,50.0379,8.5622,Economy,2981.0,371,,42.0,302.4,282,No,
FL4440,2023-06-29 - 23:26:22,American,DXB,CDG,25.2532,55.3657,49.0097,2.5479,Economy,7166.0,786,759.0,69.0,373.08,146,Yes,
FL6179,2024-06-14 - 12:30:49,Air France,SIN,ORD,1.3644,103.9915,41.9742,-87.9073,Economy,3887.0,727,654.0,9.0,250.85,155,Yes,
FL9313,2023-12-30 - 07:00:14,United,SYD,SIN,-33.9399,151.1753,1.3644,103.9915,Economy,8596.0,613,133.0,11.0,509.32,97,Yes,
FL6649,2023-03-10 - 14:11:40,Emirates,ORD,LHR,41.9742,-87.9073,51.47,-0.4543,Economy,2936.0,606,,,264.75,176,Yes,
FL9006,2023-03-12 - 02:36:53,Emirates,LAX,SYD,33.9425,-118.4081,-33.9399,151.1753,Economy,14175.0,730,519.0,16.0,361.86,177,Early,Crew
FL4586,2023-08-21 - 04:17:44,Emirates,ORD,JFK,41.9742,-87.9073,40.6413,-73.7781,Economy,1794.0,135,784.0,21.0,378.02,123,Early,
FL3978,2024-04-18 - 03:49:43,Delta,SIN,CDG,1.3644,103.9915,49.0097,2.5479,Economy,11468.0,219,109.0,4.0,,123,Yes,
FL6123,2023-07-02 - 16:59:45,Ryanair,LHR,ORD,51.47,-0.4543,41.9742,-87.9073,Economy,14217.0,486,643.0,0.0,532.29,284,No,
FL4754,2023-02-19 - 11:17:58,Ryanair,FRA,ORD,50.0379,8.5622,41.9742,-87.9073,Economy,7508.0,482,805.0,17.0,1697.53,81,Yes,
FL4784,2023-08-01 - 18:07:00,Lufthansa,LHR,DXB,51.47,-0.4543,25.2532,55.3657,First,10631.0,804,289.0,38.0,585.56,90,Yes,
FL2931,2023-07-24 - 13:26:50,American,FRA,SIN,50.0379,8.5622,1.3644,103.9915,Economy,3878.0,717,559.0,75.0,92.79,339,Yes,
FL2885,2023-03-22 - 17:33:23,United,FRA,CDG,50.0379,8.5622,49.0097,2.5479,Business,2801.0,676,,0.0,298.27,192,No,
FL9965,2023-02-14 - 22:02:20,Emirates,JFK,DXB,40.6413,-73.7781,25.2532,55.3657,Economy,3718.0,448,575.0,0.0,140.76,255,Yes,Weather
FL9276,2023-06-09 - 15:24:30,British Airways,LHR,SYD,51.47,-0.4543,-33.9399,151.1753,Economy,14372.0,842,,0.0,203.97,302,Yes,
FL3559,2024-03-27 - 07:22:38,Ryanair,JFK,CDG,40.6413,-73.7781,49.0097,2.5479,Economy,5660.0,681,908.0,7.0,139.31,339,No,
FL5427,2023-06-20 - 06:21:00,Ryanair,DXB,FRA,25.2532,55.3657,50.0379,8.5622,Economy,5741.0,305,214.0,0.0,1027.11,391,No,
FL7587,2023-08-02 - 23:15:10,American,ORD,DXB,41.9742,-87.9073,25.2532,55.3657,Business,4752.0,234,340.0,7.0,1203.01,105,Yes,
FL2420,2024-03-13 - 15:35:43,United,DXB,LAX,25.2532,55.3657,33.9425,-118.4081,Economy,1908.0,539,763.0,24.0,1834.53,275,Early,
FL6052,2023-04-03 - 20:55:05,Delta,NRT,SIN,35.772,140.3929,1.3644,103.9915,Business,7132.0,98,406.0,0.0,339.58,392,Yes,
FL4423,2023-02-28 - 06:32:13,British Airways,LAX,CDG,33.9425,-118.4081,49.0097,2.5479,Business,7491.0,98,876.0,0.0,413.56,224,Yes,
FL1202,2023-07-30 - 15:07:42,United,SYD,LHR,-33.9399,151.1753,51.47,-0.4543,Business,9116.0,162,429.0,0.0,338.57,148,Yes,
FL6094,2023-04-04 - 18:46:13,Air France,LAX,SIN,33.9425,-118.4081,1.3644,103.9915,Economy,2942.0,638,,0.0,276.84,280,No,
FL7682,2024-03-20 - 15:07:42,United,SIN,ORD,1.3644,103.9915,41.9742,-87.9073,Economy,7887.0,662,683.0,19.0,640.66,346,Yes,
FL9026,2023-01-20 - 02:53:41,Ryanair,LHR,NRT,51.47,-0.4543,35.772,140.3929,Economy,12491.0,402,482.0,0.0,369.75,158,No,
FL1289,2023-10-27 - 20:38:17,United,LHR,CDG,51.47,-0.4543,49.0097,2.5479,Economy,11084.0,402,92.0,3.0,98.78,255,Yes,
FL8516,2023-06-18 - 03:21:42,Emirates,SYD,LAX,-33.9399,151.1753,33.9425,-118.4081,Economy,1675.0,99,854.0,3.0,925.04,151,Yes,
FL9674,2023-12-20 - 06:37:49,Emirates,FRA,DXB,50.0379,8.5622,25.2532,55.3657,Economy,8721.0,112,,37.0,248.17,157,No,
FL2797,2024-05-30 - 08:18:40,American,SIN,LHR,1.3644,103.9915,51.47,-0.4543,Economy,6116.0,143,800.0,0.0,356.88,205,Yes,Weather
FL7083,2023-06-22 - 02:03:16,American,LHR,FRA,51.47,-0.4543,50.0379,8.5622,First,670.0,586,337.0,32.0,254.93,402,Yes,
FL7037,2023-08-23 - 21:51:07,Lufthansa,NRT,DXB,35.772,140.3929,25.2532,55.3657,First,8489.0,825,451.0,15.0,511.58,110,No,
FL6614,2023-11-19 - 14:56:29,American,LHR,SYD,51.47,-0.4543,-33.9399,151.1753,Business,3258.0,673,534.0,0.0,111.41,185,No,
FL1637,2023-09-12 - 15:18:54,British Airways,DXB,LHR,25.2532,55.3657,51.47,-0.4543,Business,8037.0,689,205.0,,358.66,207,Early,
FL3795,2023-10-04 - 04:28:56,Lufthansa,CDG,ORD,49.0097,2.5479,41.9742,-87.9073,First,7857.0,92,342.0,0.0,144.02,318,Yes,
FL7867,2024-01-09 - 00:05:36,Air France,SIN,FRA,1.3644,103.9915,50.0379,8.5622,Economy,1084.0,551,544.0,13.0,670.78,120,Yes,
FL8103,2024-01-14 - 11:12:22,Air France,JFK,SYD,40.6413,-73.7781,-33.9399,151.1753,Business,8905.0,800,573.0,54.0,887.08,350,Yes,
FL9136,2023-12-19 - 23:20:46,Emirates,LAX,ORD,33.9425,-118.4081,41.9742,-87.9073,Economy,12366.0,208,,58.0,1765.97,404,Yes,
FL1082,2023-06-12 - 08:57:53,Delta,LAX,SYD,33.9425,-118.4081,-33.9399,151.1753,Economy,7285.0,177,,0.0,780.83,388,Yes,
FL5939,2023-11-21 - 03:21:42,Ryanair,JFK,NRT,40.6413,-73.7781,35.772,140.3929,Economy,11112.0,450,643.0,93.0,497.57,214,No,
FL4157,2024-05-10 - 07:33:51,American,DXB,JFK,25.2532,55.3657,40.6413,-73.7781,Economy,3953.0,836,651.0,0.0,286.73,403,No,
FL8587,2023-09-03 - 20:04:40,Air France,FRA,JFK,50.0379,8.5622,40.6413,-73.7781,Business,2197.0,60,80.0,31.0,372.44,254,No,
FL7302,2023-03-08 - 03:55:19,Delta,SYD,ORD,-33.9399,151.1753,41.9742,-87.9073,Economy,10193.0,598,875.0,50.0,1573.51,389,Yes,
FL5510,2023-11-02 - 15:02:06,Delta,NRT,LHR,35.772,140.3929,51.47,-0.4543,First,4998.0,67,196.0,27.0,280.31,266,Yes,
FL7780,2023-03-28 - 19:14:14,Air France,ORD,LHR,41.9742,-87.9073,51.47,-0.4543,Business,6328.0,841,664.0,0.0,,228,Yes,
FL4330,2024-03-22 - 03:32:55,Emirates,LAX,FRA,33.9425,-118.4081,50.0379,8.5622,Economy,11429.0,399,739.0,0.0,294.04,324,Yes,
FL8468,2024-04-03 - 21:28:42,Delta,NRT,LAX,35.772,140.3929,33.9425,-118.4081,Economy,9580.0,65,690.0,,594.31,314,No,
FL1416,2023-07-25 - 18:35:01,Lufthansa,CDG,FRA,49.0097,2.5479,50.0379,8.5622,Business,4817.0,724,912.0,48.0,100.38,329,Yes,
FL7771,2024-03-31 - 13:21:14,American,JFK,SIN,40.6413,-73.7781,1.3644,103.9915,Economy,7442.0,317,699.0,9.0,634.19,336,No,
FL2336,2024-03-17 - 21:34:19,Emirates,JFK,SYD,40.6413,-73.7781,-33.9399,151.1753,Economy,8412.0,123,416.0,12.0,181.81,304,No,
FL4581,2023-10-01 - 10:55:33,Ryanair,LAX,CDG,33.9425,-118.4081,49.0097,2.5479,Economy,9496.0,710,708.0,,746.38,389,No,Technical
FL4948,2024-02-16 - 05:52:59,British Airways,DXB,LHR,25.2532,55.3657,51.47,-0.4543,Economy,4208.0,110,930.0,0.0,355.14,360,Yes,
FL1411,2023-08-04 - 11:40:23,Delta,SYD,SIN,-33.9399,151.1753,1.3644,103.9915,Economy,10374.0,678,719.0,12.0,1100.91,240,No,
FL1715,2023-02-19 - 04:00:56,American,FRA,SIN,50.0379,8.5622,1.3644,103.9915,Economy,12252.0,251,220.0,34.0,428.19,89,Yes,
FL4211,2024-05-14 - 06:15:24,Air France,DXB,JFK,25.2532,55.3657,40.6413,-73.7781,Economy,1211.0,307,124.0,0.0,433.53,140,Yes,
FL7827,2023-10-02 - 23:20:46,American,JFK,LHR,40.6413,-73.7781,51.47,-0.4543,Economy,6074.0,572,291.0,32.0,75.01,223,Yes,
FL2255,2023-07-17 - 06:37:49,British Airways,NRT,ORD,35.772,140.3929,41.9742,-87.9073,Economy,9402.0,448,482.0,31.0,1502.81,168,Yes,
FL6067,2023-10-03 - 06:37:49,United,LAX,FRA,33.9425,-118.4081,50.0379,8.5622,First,4131.0,474,912.0,,72.89,400,Yes,
FL6883,2023-11-26 - 21:45:31,Air France,LHR,SYD,51.47,-0.4543,-33.9399,151.1753,Economy,6336.0,498,348.0,0.0,1053.44,195,Yes,Operational
FL5416,2024-01-29 - 22:41:33,British Airways,FRA,ORD,50.0379,8.5622,41.9742,-87.9073,Economy,13187.0,312,,34.0,871.44,381,Yes,
FL5238,2024-05-13 - 22:58:21,Emirates,CDG,LAX,49.0097,2.5479,33.9425,-118.4081,Economy,9145.0,705,348.0,67.0,1896.32,262,No,
FL7366,2023-05-30 - 15:02:06,Ryanair,SIN,NRT,1.3644,103.9915,35.772,140.3929,Economy,10165.0,523,257.0,19.0,367.7,181,Yes,
FL1262,2024-01-01 - 09:59:31,Air France,SIN,SYD,1.3644,103.9915,-33.9399,151.1753,Economy,2700.0,750,75.0,,309.52,187,Yes,
FL5333,2023-03-26 - 01:40:51,Ryanair,ORD,LAX,41.9742,-87.9073,33.9425,-118.4081,Business,13512.0,514,627.0,31.0,264.08,97,No,
FL7806,2023-04-08 - 17:27:46,British Airways,SYD,DXB,-33.9399,151.1753,25.2532,55.3657,Economy,14318.0,840,897.0,0.0,445.76,325,No,
FL2285,2023-04-19 - 15:41:19,United,DXB,LHR,25.2532,55.3657,51.47,-0.4543,Economy,9520.0,677,455.0,,206.19,178,Yes,
FL8292,2024-04-07 - 05:36:11,United,LAX,NRT,33.9425,-118.4081,35.772,140.3929,Economy,12353.0,282,289.0,16.0,2241.66,323,Early,
FL1034,2023-03-13 - 15:02:06,Ryanair,ORD,LHR,41.9742,-87.9073,51.47,-0.4543,Business,6883.0,99,618.0,0.0,293.26,322,Early,
FL6891,2024-06-01 - 18:35:01,American,SYD,LAX,-33.9399,151.1753,33.9425,-118.4081,Economy,4340.0,605,249.0,0.0,278.25,144,Yes,
FL1906,2023-11-16 - 21:23:06,Ryanair,LAX,NRT,33.9425,-118.4081,35.772,140.3929,Business,11555.0,303,,24.0,257.32,175,Yes,
FL9773,2023-03-05 - 03:04:54,British Airways,LHR,SIN,51.47,-0.4543,1.3644,103.9915,Economy,13939.0,737,,34.0,482.15,289,No,
FL5694,2024-01-19 - 22:19:08,Delta,FRA,JFK,50.0379,8.5622,40.6413,-73.7781,Economy,5831.0,791,746.0,13.0,294.51,317,No,
FL7979,2024-03-09 - 16:54:09,Air France,LHR,FRA,51.47,-0.4543,50.0379,8.5622,First,5429.0,167,688.0,0.0,917.63,319,Early,
FL7774,2023-01-18 - 14:28:28,Emirates,JFK,DXB,40.6413,-73.7781,25.2532,55.3657,Business,4858.0,725,791.0,31.0,349.75,189,Yes,
FL6004,2024-03-16 - 23:43:11,British Airways,NRT,SYD,35.772,140.3929,-33.9399,151.1753,Business,3038.0,334,767.0,76.0,252.51,158,Yes,
FL2780,2024-03-14 - 20:43:53,Air France,FRA,NRT,50.0379,8.5622,35.772,140.3929,Economy,10501.0,747,940.0,9.0,422.7,377,Yes,
FL6215,2023-04-21 - 04:06:32,American,LHR,JFK,51.47,-0.4543,40.6413,-73.7781,Economy,4758.0,520,,58.0,830.52,174,Yes,
FL7929,2023-12-19 - 01:29:38,Air France,ORD,FRA,41.9742,-87.9073,50.0379,8.5622,Economy,14989.0,750,170.0,0.0,307.22,322,Early,
FL7168,2023-06-22 - 23:54:23,British Airways,DXB,SIN,25.2532,55.3657,1.3644,103.9915,Economy,2304.0,170,,17.0,579.29,151,Yes,
FL1833,2023-11-09 - 14:34:05,United,DXB,SYD,25.2532,55.3657,-33.9399,151.1753,Economy,6149.0,808,211.0,0.0,446.28,129,Yes,
FL3412,2024-03-21 - 20:15:52,American,LHR,DXB,51.47,-0.4543,25.2532,55.3657,Economy,5734.0,437,,21.0,239.71,100,Yes,
FL8251,2023-12-06 - 00:16:48,American,SIN,JFK,1.3644,103.9915,40.6413,-73.7781,Economy,1609.0,356,,0.0,642.59,406,Yes,
FL8215,2023-09-13 - 20:27:04,United,CDG,DXB,49.0097,2.5479,25.2532,55.3657,Economy,6112.0,513,631.0,31.0,161.77,94,Yes,
FL5547,2024-04-27 - 20:55:05,Ryanair,SIN,FRA,1.3644,103.9915,50.0379,8.5622,Economy,4418.0,374,452.0,6.0,251.89,366,No,
FL5622,2023-07-30 - 07:50:39,American,SIN,DXB,1.3644,103.9915,25.2532,55.3657,Economy,9021.0,471,143.0,4.0,,344,Yes,
FL6881,2023-02-05 - 19:31:03,British Airways,NRT,SIN,35.772,140.3929,1.3644,103.9915,Economy,7876.0,79,666.0,,171.34,170,Early,
FL5466,2023-12-14 - 19:31:03,British Airways,CDG,SIN,49.0097,2.5479,1.3644,103.9915,Economy,11808.0,818,142.0,0.0,534.39,210,Yes,
FL5122,2023-09-04 - 17:55:47,Ryanair,ORD,JFK,41.9742,-87.9073,40.6413,-73.7781,Economy,13119.0,189,831.0,0.0,694.75,170,Yes,
FL8116,2023-06-08 - 10:16:20,Lufthansa,FRA,SIN,50.0379,8.5622,1.3644,103.9915,Economy,13662.0,285,279.0,0.0,431.17,354,No,
FL8003,2023-06-05 - 16:42:57,Lufthansa,FRA,CDG,50.0379,8.5622,49.0097,2.5479,Business,9914.0,538,102.0,17.0,679.69,256,Early,
FL3014,2023-01-25 - 14:00:28,British Airways,SIN,FRA,1.3644,103.9915,50.0379,8.5622,Business,14498.0,772,368.0,,347.97,97,Yes,
FL4581,2024-05-16 - 23:48:47,Emirates,ORD,CDG,41.9742,-87.9073,49.0097,2.5479,Economy,3417.0,129,216.0,55.0,275.15,356,Yes,
FL6051,2023-09-18 - 16:59:45,Air France,CDG,NRT,49.0097,2.5479,35.772,140.3929,Economy,3115.0,240,728.0,22.0,,269,No,
FL6954,2023-04-26 - 07:56:15,United,DXB,CDG,25.2532,55.3657,49.0097,2.5479,Economy,14325.0,738,286.0,64.0,458.99,373,No,
FL5970,2024-04-15 - 02:59:17,American,LHR,JFK,51.47,-0.4543,40.6413,-73.7781,Economy,9817.0,377,158.0,5.0,687.22,91,Yes,
FL3950,2023-01-26 - 11:51:35,British Airways,FRA,JFK,50.0379,8.5622,40.6413,-73.7781,Economy,8836.0,722,89.0,0.0,764.16,324,Yes,
FL6175,2024-04-12 - 02:08:52,American,SIN,FRA,1.3644,103.9915,50.0379,8.5622,Economy,1915.0,597,658.0,27.0,129.2,279,Yes,
FL6616,2023-04-10 - 20:27:04,United,SYD,DXB,-33.9399,151.1753,25.2532,55.3657,Economy,13150.0,217,157.0,0.0,379.29,208,Early,
FL5034,2023-10-13 - 21:34:19,United,DXB,LHR,25.2532,55.3657,51.47,-0.4543,Economy,9889.0,765,821.0,19.0,551.78,144,No,
FL7922,2024-05-06 - 08:52:17,American,JFK,LAX,40.6413,-73.7781,33.9425,-118.4081,Economy,2851.0,734,752.0,0.0,461.75,145,Early,
FL9327,2023-09-03 - 12:47:37,Lufthansa,ORD,FRA,41.9742,-87.9073,50.0379,8.5622,Economy,14259.0,246,563.0,0.0,413.0,130,Yes,
FL6874,2023-12-13 - 14:22:52,Ryanair,LHR,SIN,51.47,-0.4543,1.3644,103.9915,Economy,1508.0,230,592.0,0.0,446.96,402,Yes,
FL5796,2024-05-17 - 07:05:50,Emirates,FRA,SYD,50.0379,8.5622,-33.9399,151.1753,Economy,8258.0,252,786.0,15.0,298.55,83,Early,
FL1918,2023-05-17 - 21:06:18,Air France,LHR,LAX,51.47,-0.4543,33.9425,-118.4081,Business,2781.0,839,166.0,21.0,481.96,89,No,
FL3208,2023-05-29 - 17:10:58,British Airways,LAX,ORD,33.9425,-118.4081,41.9742,-87.9073,Economy,2978.0,879,328.0,2.0,1338.85,355,Yes,
FL4630,2024-02-15 - 15:18:54,American,LHR,ORD,51.47,-0.4543,41.9742,-87.9073,Economy,10798.0,596,225.0,1.0,1351.34,276,No,
FL5640,2023-03-29 - 02:31:17,Emirates,LAX,JFK,33.9425,-118.4081,40.6413,-73.7781,Economy,10303.0,61,425.0,19.0,710.01,161,No,Technical
FL9274,2024-04-09 - 23:09:34,British Airways,LAX,JFK,33.9425,-118.4081,40.6413,-73.7781,Economy,2178.0,899,245.0,0.0,226.04,301,No,
FL7635,2023-10-03 - 21:11:54,United,ORD,LAX,41.9742,-87.9073,33.9425,-118.4081,Business,8887.0,741,552.0,15.0,293.54,176,Yes,
FL8562,2024-06-13 - 00:05:36,Delta,FRA,SIN,50.0379,8.5622,1.3644,103.9915,Business,13039.0,462,670.0,3.0,141.7,320,No,
FL9080,2024-06-20 - 14:11:40,Ryanair,SIN,NRT,1.3644,103.9915,35.772,140.3929,Business,1167.0,385,65.0,80.0,242.3,270,Yes,
FL2153,2023-07-01 - 19:08:38,Lufthansa,SYD,ORD,-33.9399,151.1753,41.9742,-87.9073,Business,11549.0,455,713.0,62.0,568.82,181,No,
FL8874,2023-07-25 - 11:17:58,Delta,FRA,LHR,50.0379,8.5622,51.47,-0.4543,Economy,7235.0,835,410.0,2.0,563.01,222,No,
FL2360,2024-06-16 - 15:30:07,American,ORD,DXB,41.9742,-87.9073,25.2532,55.3657,Economy,11959.0,526,888.0,0.0,800.19,113,Yes,
FL1674,2023-08-26 - 08:07:28,Air France,JFK,LHR,40.6413,-73.7781,51.47,-0.4543,Economy,9078.0,242,633.0,0.0,645.98,300,No,
FL6825,2024-06-24 - 05:36:11,Delta,FRA,SIN,50.0379,8.5622,1.3644,103.9915,Economy,8887.0,169,662.0,0.0,481.09,230,Yes,
FL9015,2024-04-04 - 12:02:48,Emirates,SYD,FRA,-33.9399,151.1753,50.0379,8.5622,Business,7043.0,459,,0.0,,324,Yes,
FL4573,2023-04-10 - 05:52:59,Ryanair,JFK,FRA,40.6413,-73.7781,50.0379,8.5622,Economy,1671.0,171,191.0,0.0,875.95,369,Yes,
FL3794,2023-09-27 - 04:56:57,Ryanair,CDG,JFK,49.0097,2.5479,40.6413,-73.7781,Economy,9871.0,387,,0.0,199.53,323,Yes,Operational
FL4031,2024-05-09 - 09:42:43,Lufthansa,LHR,NRT,51.47,-0.4543,35.772,140.3929,Business,5645.0,202,809.0,9.0,403.71,87,Yes,
FL1163,2023-10-20 - 13:49:15,United,SYD,LHR,-33.9399,151.1753,51.47,-0.4543,Economy,3645.0,300,746.0,44.0,1364.43,119,Yes,
FL8504,2023-10-21 - 04:23:20,Air France,DXB,LHR,25.2532,55.3657,51.47,-0.4543,Economy,9767.0,747,126.0,0.0,471.4,384,No,
FL8559,2023-08-15 - 09:53:55,United,FRA,CDG,50.0379,8.5622,49.0097,2.5479,Economy,14466.0,895,292.0,73.0,407.12,382,Early,Crew
FL9692,2023-02-23 - 17:16:34,Emirates,SYD,LAX,-33.9399,151.1753,33.9425,-118.4081,Economy,9625.0,265,590.0,10.0,279.89,380,Yes,
FL1434,2023-08-03 - 06:32:13,British Airways,SYD,LAX,-33.9399,151.1753,33.9425,-118.4081,Economy,8446.0,228,917.0,88.0,810.22,337,No,
FL6290,2023-07-01 - 11:51:35,Ryanair,LHR,ORD,51.47,-0.4543,41.9742,-87.9073,Economy,13260.0,768,136.0,4.0,108.73,173,Yes,Operational
FL8395,2023-01-27 - 02:25:40,Emirates,ORD,LHR,41.9742,-87.9073,51.47,-0.4543,Economy,7850.0,804,705.0,17.0,457.44,333,Yes,
FL4581,2024-01-26 - 00:00:00,British Airways,CDG,JFK,49.0097,2.5479,40.6413,-73.7781,Economy,4879.0,712,595.0,13.0,238.88,301,Early,
FL1398,2024-06-09 - 08:41:05,Delta,LAX,JFK,33.9425,-118.4081,40.6413,-73.7781,Economy,6746.0,671,593.0,1.0,126.48,339,No,
FL9580,2023-05-19 - 16:48:33,Air France,CDG,ORD,49.0097,2.5479,41.9742,-87.9073,Business,10606.0,447,79.0,0.0,114.17,164,No,
FL7821,2023-01-17 - 09:20:18,Emirates,JFK,NRT,40.6413,-73.7781,35.772,140.3929,Economy,2311.0,575,261.0,31.0,180.45,347,Yes,
FL4700,2024-02-21 - 16:59:45,Ryanair,LAX,FRA,33.9425,-118.4081,50.0379,8.5622,First,3459.0,153,346.0,,225.07,320,Yes,
FL9156,2023-03-09 - 01:46:27,Delta,LAX,SIN,33.9425,-118.4081,1.3644,103.9915,Economy,11329.0,475,458.0,14.0,903.47,418,Yes,
FL1827,2023-02-04 - 07:05:50,Lufthansa,LHR,FRA,51.47,-0.4543,50.0379,8.5622,Economy,6350.0,315,,0.0,136.64,146,No,
FL1093,2024-05-20 - 07:56:15,Delta,JFK,SYD,40.6413,-73.7781,-33.9399,151.1753,Business,5964.0,404,318.0,5.0,,246,Yes,
FL6657,2024-03-27 - 21:56:43,Emirates,NRT,LHR,35.772,140.3929,51.47,-0.4543,Economy,11962.0,219,915.0,8.0,610.7,177,Yes,Operational
FL1245,2023-09-14 - 03:44:07,Emirates,ORD,JFK,41.9742,-87.9073,40.6413,-73.7781,Economy,6180.0,704,326.0,66.0,340.12,166,Yes,
FL3827,2023-02-22 - 19:25:26,Lufthansa,ORD,SIN,41.9742,-87.9073,1.3644,103.9915,Economy,13657.0,874,,60.0,383.02,196,Yes,
FL1928,2023-09-21 - 03:16:06,American,SYD,LHR,-33.9399,151.1753,51.47,-0.4543,Economy,6827.0,893,883.0,0.0,211.28,294,Yes,
FL6645,2023-06-28 - 18:18:12,United,SIN,CDG,1.3644,103.9915,49.0097,2.5479,Economy,8944.0,201,337.0,39.0,1893.0,305,No,
FL5114,2024-03-09 - 09:37:07,Air France,NRT,SIN,35.772,140.3929,1.3644,103.9915,Economy,6812.0,75,812.0,86.0,73.26,302,Yes,
FL5151,2023-01-06 - 11:06:46,American,DXB,LAX,25.2532,55.3657,33.9425,-118.4081,First,10184.0,563,634.0,,780.94,357,No,
FL8053,2023-05-09 - 09:09:06,British Airways,ORD,DXB,41.9742,-87.9073,25.2532,55.3657,Economy,4215.0,743,849.0,,233.02,126,No,
FL1205,2024-01-07 - 18:57:25,American,SIN,ORD,1.3644,103.9915,41.9742,-87.9073,Economy,1607.0,264,872.0,6.0,486.01,195,Yes,Crew
FL4799,2023-03-28 - 11:57:11,American,FRA,NRT,50.0379,8.5622,35.772,140.3929,Economy,1652.0,815,393.0,2.0,325.63,257,Yes,
FL2475,2024-03-16 - 16:26:08,Ryanair,LHR,ORD,51.47,-0.4543,41.9742,-87.9073,First,1084.0,651,492.0,,405.05,104,No,
FL3829,2023-05-10 - 21:34:19,British Airways,DXB,NRT,25.2532,55.3657,35.772,140.3929,Business,14280.0,486,319.0,11.0,474.03,93,Yes,
FL9535,2024-02-24 - 03:16:06,Air France,SIN,SYD,1.3644,103.9915,-33.9399,151.1753,Economy,13220.0,187,,0.0,,177,Yes,
FL9357,2024-02-16 - 13:10:02,British Airways,NRT,JFK,35.772,140.3929,40.6413,-73.7781,Economy,5345.0,863,86.0,2.0,426.55,165,Yes,
FL5256,2023-01-10 - 09:48:19,Emirates,SIN,DXB,1.3644,103.9915,25.2532,55.3657,Economy,1746.0,775,,,740.49,147,No,
FL1135,2024-05-19 - 02:48:05,Emirates,SIN,ORD,1.3644,103.9915,41.9742,-87.9073,Business,7031.0,382,133.0,0.0,220.26,339,Early,
FL8997,2024-06-19 - 23:37:35,United,ORD,DXB,41.9742,-87.9073,25.2532,55.3657,Economy,13682.0,595,600.0,0.0,222.37,234,Early,
FL7192,2023-03-06 - 22:47:09,Lufthansa,JFK,LAX,40.6413,-73.7781,33.9425,-118.4081,Economy,3382.0,368,605.0,0.0,560.22,142,Yes,
FL6079,2024-05-18 - 12:14:00,Lufthansa,DXB,FRA,25.2532,55.3657,50.0379,8.5622,Business,10164.0,116,127.0,8.0,901.32,319,Yes,
FL9387,2023-04-09 - 22:35:57,Emirates,CDG,SYD,49.0097,2.5479,-33.9399,151.1753,Economy,12932.0,524,69.0,24.0,71.09,329,Yes,
FL7787,2023-06-19 - 23:03:58,Delta,DXB,LAX,25.2532,55.3657,33.9425,-118.4081,Economy,9757.0,175,,,1249.01,392,Yes,
FL5873,2024-05-28 - 05:19:22,Emirates,CDG,LAX,49.0097,2.5479,33.9425,-118.4081,Economy,9993.0,239,792.0,1.0,568.25,379,Yes,
FL2274,2023-09-10 - 12:19:36,Delta,SIN,CDG,1.3644,103.9915,49.0097,2.5479,Economy,14212.0,390,254.0,0.0,728.94,267,Yes,
FL1565,2024-01-07 - 04:23:20,Ryanair,LAX,FRA,33.9425,-118.4081,50.0379,8.5622,Economy,12187.0,794,708.0,45.0,80.4,158,Yes,
FL7678,2023-04-14 - 11:51:35,American,LHR,FRA,51.47,-0.4543,50.0379,8.5622,Economy,9862.0,538,95.0,0.0,393.76,398,Yes,
FL5991,2023-02-14 - 14:45:17,British Airways,FRA,SYD,50.0379,8.5622,-33.9399,151.1753,Business,14021.0,805,489.0,0.0,401.01,143,No,
FL9604,2023-04-20 - 06:15:24,American,FRA,CDG,50.0379,8.5622,49.0097,2.5479,Business,9332.0,99,422.0,117.0,370.86,313,Early,
FL7296,2023-01-26 - 04:34:33,United,FRA,CDG,50.0379,8.5622,49.0097,2.5479,Economy,4241.0,276,,3.0,374.78,400,No,
FL9309,2023-01-15 - 13:38:03,American,ORD,CDG,41.9742,-87.9073,49.0097,2.5479,Economy,11094.0,847,,98.0,611.26,363,Yes,
FL8929,2023-05-23 - 00:56:01,Delta,LAX,CDG,33.9425,-118.4081,49.0097,2.5479,Business,8583.0,507,219.0,2.0,225.31,361,Yes,
FL9988,2023-02-17 - 01:01:38,Emirates,LAX,ORD,33.9425,-118.4081,41.9742,-87.9073,Economy,3248.0,234,270.0,0.0,176.81,403,Yes,
FL4114,2023-12-01 - 11:01:10,Delta,FRA,DXB,50.0379,8.5622,25.2532,55.3657,Economy,8558.0,81,707.0,148.0,132.52,347,No,
FL6109,2024-01-24 - 11:34:47,British Airways,FRA,LAX,50.0379,8.5622,33.9425,-118.4081,Economy,11494.0,109,679.0,33.0,355.15,158,Yes,
FL9589,2024-04-28 - 04:12:08,Air France,LAX,SIN,33.9425,-118.4081,1.3644,103.9915,Business,552.0,111,90.0,0.0,245.84,88,No,
FL8737,2024-03-29 - 10:21:56,United,JFK,LAX,40.6413,-73.7781,33.9425,-118.4081,Economy,2676.0,392,841.0,0.0,105.82,134,Yes,
FL9890,2023-06-01 - 18:01:24,United,NRT,SYD,35.772,140.3929,-33.9399,151.1753,Economy,2801.0,284,329.0,0.0,1244.74,336,Yes,
FL5312,2023-02-24 - 07:50:39,American,LHR,NRT,51.47,-0.4543,35.772,140.3929,Business,14601.0,452,,1.0,1635.7,266,Yes,
FL2538,2023-12-29 - 23:43:11,British Airways,SYD,CDG,-33.9399,151.1753,49.0097,2.5479,Economy,13513.0,408,746.0,0.0,2043.02,95,No,
FL6788,2023-11-03 - 12:53:13,Emirates,CDG,JFK,49.0097,2.5479,40.6413,-73.7781,Economy,2569.0,321,381.0,38.0,184.17,298,Yes,
FL6817,2023-08-15 - 02:36:53,Lufthansa,JFK,CDG,40.6413,-73.7781,49.0097,2.5479,Business,9682.0,476,249.0,28.0,280.26,202,Yes,
FL5787,2024-05-22 - 10:55:33,Ryanair,SIN,SYD,1.3644,103.9915,-33.9399,151.1753,Economy,11159.0,653,624.0,17.0,864.75,371,Yes,
FL6544,2023-06-10 - 05:58:35,British Airways,SIN,SYD,1.3644,103.9915,-33.9399,151.1753,Economy,692.0,863,207.0,70.0,985.44,328,Yes,
FL3255,2023-04-16 - 00:16:48,British Airways,LHR,JFK,51.47,-0.4543,40.6413,-73.7781,Economy,1399.0,674,152.0,0.0,382.59,415,Yes,
FL3472,2024-05-13 - 01:07:14,Emirates,ORD,SYD,41.9742,-87.9073,-33.9399,151.1753,Economy,6712.0,438,539.0,2.0,540.14,336,No,
FL1623,2024-06-26 - 01:18:26,Ryanair,LAX,NRT,33.9425,-118.4081,35.772,140.3929,Economy,5030.0,865,553.0,,107.59,308,Yes,
FL1815,2023-09-05 - 15:46:55,Delta,NRT,SYD,35.772,140.3929,-33.9399,151.1753,Economy,3944.0,541,122.0,9.0,358.18,307,Yes,
FL5997,2023-10-16 - 00:33:37,Lufthansa,NRT,DXB,35.772,140.3929,25.2532,55.3657,Economy,14487.0,530,934.0,6.0,92.75,313,Yes,
FL7806,2024-06-15 - 17:38:59,Emirates,SIN,LAX,1.3644,103.9915,33.9425,-118.4081,Economy,10463.0,452,395.0,0.0,267.8,371,No,
FL3668,2023-07-02 - 09:42:43,Air France,LHR,LAX,51.47,-0.4543,33.9425,-118.4081,Economy,4008.0,863,693.0,1.0,337.29,271,Yes,
FL9659,2023-10-06 - 00:11:12,Ryanair,LAX,ORD,33.9425,-118.4081,41.9742,-87.9073,Economy,6702.0,274,579.0,0.0,84.44,96,No,
FL5050,2023-03-15 - 18:01:24,Air France,FRA,CDG,50.0379,8.5622,49.0097,2.5479,Economy,3174.0,63,505.0,14.0,1397.64,160,Yes,
FL7290,2023-09-20 - 05:24:58,Lufthansa,NRT,SYD,35.772,140.3929,-33.9399,151.1753,Economy,12911.0,292,361.0,95.0,568.14,283,No,
FL1501,2024-04-17 - 20:32:41,Air France,JFK,CDG,40.6413,-73.7781,49.0097,2.5479,Business,5692.0,138,,0.0,493.0,125,Yes,
FL2861,2023-04-05 - 16:37:21,American,JFK,FRA,40.6413,-73.7781,50.0379,8.5622,Economy,12235.0,491,370.0,61.0,1663.15,86,Yes,
FL9881,2023-05-13 - 00:33:37,British Airways,ORD,CDG,41.9742,-87.9073,49.0097,2.5479,Economy,9520.0,878,324.0,14.0,584.0,320,Yes,
FL2483,2024-06-09 - 01:24:02,Lufthansa,JFK,DXB,40.6413,-73.7781,25.2532,55.3657,Economy,7966.0,485,,1.0,737.7,123,Early,
FL4872,2024-01-28 - 10:16:20,Delta,SYD,NRT,-33.9399,151.1753,35.772,140.3929,Economy,5062.0,82,809.0,0.0,,219,Yes,
FL4571,2023-04-04 - 11:29:10,American,ORD,JFK,41.9742,-87.9073,40.6413,-73.7781,Economy,9191.0,715,415.0,10.0,720.91,410,Yes,
FL3596,2023-05-11 - 12:08:24,Ryanair,LHR,JFK,51.47,-0.4543,40.6413,-73.7781,Economy,9290.0,138,720.0,0.0,288.34,139,No,
FL1970,2023-07-20 - 07:28:14,American,SIN,ORD,1.3644,103.9915,41.9742,-87.9073,Economy,7243.0,153,895.0,0.0,389.7,183,Yes,
FL2856,2023-04-23 - 07:05:50,Delta,DXB,LHR,25.2532,55.3657,51.47,-0.4543,Economy,6255.0,573,309.0,38.0,259.77,311,Yes,
FL7972,2023-06-21 - 18:46:13,American,LAX,FRA,33.9425,-118.4081,50.0379,8.5622,Business,12884.0,229,267.0,65.0,383.57,93,Yes,
FL3965,2023-12-01 - 03:44:07,Lufthansa,LAX,JFK,33.9425,-118.4081,40.6413,-73.7781,Economy,3767.0,632,368.0,,311.4,131,Yes,Crew
FL4031,2023-02-24 - 22:24:44,Emirates,JFK,ORD,40.6413,-73.7781,41.9742,-87.9073,Economy,1663.0,501,676.0,0.0,212.14,250,No,
FL6048,2024-05-28 - 19:53:27,Emirates,LHR,NRT,51.47,-0.4543,35.772,140.3929,Business,674.0,104,137.0,0.0,301.48,183,No,
FL4311,2023-07-08 - 11:23:34,Air France,LHR,ORD,51.47,-0.4543,41.9742,-87.9073,Business,3276.0,103,728.0,13.0,,228,No,
FL2036,2024-02-06 - 20:04:40,United,NRT,SIN,35.772,140.3929,1.3644,103.9915,Business,848.0,377,875.0,,51.24,412,Yes,
FL1868,2024-06-08 - 18:07:00,Delta,LHR,ORD,51.47,-0.4543,41.9742,-87.9073,Business,12364.0,373,,4.0,411.19,259,No,
FL4565,2023-10-10 - 20:43:53,United,CDG,NRT,49.0097,2.5479,35.772,140.3929,Business,13084.0,151,698.0,18.0,499.72,408,No,
FL4962,2024-05-25 - 04:28:56,Air France,CDG,ORD,49.0097,2.5479,41.9742,-87.9073,Economy,4750.0,534,564.0,12.0,284.21,384,Yes,
FL3464,2023-03-31 - 20:04:40,American,CDG,DXB,49.0097,2.5479,25.2532,55.3657,Economy,13265.0,470,241.0,0.0,762.2,338,No,
FL4779,2023-11-19 - 00:22:24,British Airways,CDG,NRT,49.0097,2.5479,35.772,140.3929,Economy,1059.0,502,63.0,3.0,196.82,262,No,
FL1037,2023-05-20 - 21:56:43,Ryanair,ORD,LAX,41.9742,-87.9073,33.9425,-118.4081,Economy,9000.0,880,912.0,17.0,651.83,318,Yes,
FL2296,2023-12-28 - 04:00:56,United,DXB,ORD,25.2532,55.3657,41.9742,-87.9073,Economy,5217.0,785,,4.0,,91,Yes,
FL2979,2023-11-01 - 17:10:58,British Airways,LAX,NRT,33.9425,-118.4081,35.772,140.3929,Economy,1251.0,556,415.0,23.0,238.68,319,No,
FL7083,2023-04-25 - 10:05:08,Lufthansa,FRA,NRT,50.0379,8.5622,35.772,140.3929,Economy,12061.0,428,733.0,14.0,715.69,269,No,
FL1932,2023-10-31 - 04:45:45,Ryanair,FRA,ORD,50.0379,8.5622,41.9742,-87.9073,Business,12148.0,450,,69.0,393.56,228,No,
FL3241,2023-02-01 - 20:49:29,Lufthansa,LAX,FRA,33.9425,-118.4081,50.0379,8.5622,Economy,4262.0,638,533.0,46.0,246.91,247,No,
FL1712,2023-02-08 - 05:47:23,American,LHR,NRT,51.47,-0.4543,35.772,140.3929,Economy,772.0,850,802.0,50.0,360.07,264,Yes,Operational
FL9734,2024-06-07 - 20:15:52,Air France,SIN,LAX,1.3644,103.9915,33.9425,-118.4081,Economy,5239.0,205,931.0,0.0,416.41,234,Yes,
FL3022,2023-08-04 - 18:57:25,United,NRT,LAX,35.772,140.3929,33.9425,-118.4081,Economy,9177.0,353,702.0,0.0,460.11,257,No,
FL8856,2023-04-18 - 17:50:11,Ryanair,LAX,FRA,33.9425,-118.4081,50.0379,8.5622,Economy,6446.0,231,280.0,40.0,1114.13,387,Yes,
FL1205,2024-01-07 - 18:57:25,American,SIN,ORD,1.3644,103.9915,41.9742,-87.9073,Economy,1607.0,264,872.0,6.0,486.01,195,Yes,Crew
FL4680,2023-07-26 - 23:43:11,Delta,LHR,CDG,51.47,-0.4543,49.0097,2.5479,Economy,7787.0,71,168.0,0.0,242.64,405,No,
FL6651,2024-06-02 - 23:43:11,Emirates,LHR,CDG,51.47,-0.4543,49.0097,2.5479,Business,12078.0,744,684.0,23.0,109.64,83,Yes,
FL8615,2024-04-18 - 18:23:48,Air France,DXB,NRT,25.2532,55.3657,35.772,140.3929,Business,4854.0,860,740.0,95.0,97.26,323,Yes,
FL8613,2023-03-05 - 10:21:56,Delta,LHR,SIN,51.47,-0.4543,1.3644,103.9915,Economy,7586.0,330,,9.0,839.1,407,No,
FL3475,2023-08-17 - 05:36:11,United,SYD,DXB,-33.9399,151.1753,25.2532,55.3657,Economy,12661.0,820,925.0,0.0,1039.64,283,Yes,
FL8093,2023-02-12 - 11:45:59,Emirates,ORD,FRA,41.9742,-87.9073,50.0379,8.5622,Economy,9077.0,316,193.0,0.0,300.82,379,No,
FL7217,2024-02-03 - 04:40:09,British Airways,FRA,CDG,50.0379,8.5622,49.0097,2.5479,Business,6590.0,291,878.0,22.0,272.76,248,Early,
FL3141,2024-01-06 - 13:49:15,Delta,LHR,NRT,51.47,-0.4543,35.772,140.3929,Business,2938.0,129,403.0,19.0,504.15,172,Yes,
FL2550,2023-10-12 - 09:09:06,United,JFK,LAX,40.6413,-73.7781,33.9425,-118.4081,Economy,1179.0,730,399.0,24.0,894.73,185,Early,
FL8691,2024-04-03 - 06:54:37,British Airways,JFK,CDG,40.6413,-73.7781,49.0097,2.5479,Economy,5645.0,187,417.0,0.0,245.02,178,Yes,
FL1840,2024-02-09 - 20:55:05,Emirates,NRT,SIN,35.772,140.3929,1.3644,103.9915,Economy,955.0,647,806.0,11.0,605.46,340,Yes,
FL4933,2023-08-19 - 08:35:29,Lufthansa,DXB,SIN,25.2532,55.3657,1.3644,103.9915,Business,4795.0,593,146.0,26.0,215.12,372,No,
FL6773,2024-03-27 - 14:39:41,British Airways,SYD,NRT,-33.9399,151.1753,35.772,140.3929,Business,11203.0,61,825.0,43.0,,181,Early,
FL9246,2023-08-11 - 11:12:22,Air France,SIN,DXB,1.3644,103.9915,25.2532,55.3657,Economy,13976.0,534,312.0,19.0,1451.64,315,Yes,
FL1111,2023-06-29 - 08:52:17,British Airways,LAX,NRT,33.9425,-118.4081,35.772,140.3929,Economy,9281.0,257,67.0,0.0,189.72,160,No,
FL5369,2023-01-04 - 00:50:25,Ryanair,LAX,NRT,33.9425,-118.4081,35.772,140.3929,Economy,9269.0,604,769.0,23.0,409.8,132,No,
FL2324,2024-04-16 - 22:41:33,Ryanair,LHR,LAX,51.47,-0.4543,33.9425,-118.4081,Economy,9388.0,647,199.0,0.0,630.78,254,Yes,
FL6835,2023-12-31 - 04:51:21,British Airways,ORD,LHR,41.9742,-87.9073,51.47,-0.4543,Economy,1917.0,153,894.0,0.0,272.21,100,No,
FL1700,2023-03-27 - 14:06:04,Emirates,CDG,SIN,49.0097,2.5479,1.3644,103.9915,Economy,10358.0,895,417.0,37.0,546.37,202,Yes,
FL9023,2023-03-30 - 07:39:27,Delta,FRA,SIN,50.0379,8.5622,1.3644,103.9915,Economy,3877.0,115,437.0,0.0,1289.2,355,No,
FL7197,2023-07-09 - 23:48:47,American,LHR,JFK,51.47,-0.4543,40.6413,-73.7781,Business,5632.0,642,,0.0,156.0,389,No,
FL2091,2023-08-31 - 04:40:09,Emirates,SYD,LHR,-33.9399,151.1753,51.47,-0.4543,Economy,4654.0,881,768.0,0.0,564.25,195,No,
FL6387,2023-08-10 - 13:21:14,United,SIN,LAX,1.3644,103.9915,33.9425,-118.4081,Economy,10290.0,460,391.0,19.0,944.24,289,No,
FL5125,2023-02-09 - 03:38:31,Lufthansa,SYD,FRA,-33.9399,151.1753,50.0379,8.5622,Economy,14497.0,717,313.0,0.0,539.57,119,Yes,
FL2698,2023-12-22 - 16:54:09,Lufthansa,LAX,JFK,33.9425,-118.4081,40.6413,-73.7781,Economy,10089.0,200,355.0,0.0,,246,Yes,
FL3168,2023-04-09 - 00:44:49,United,NRT,SIN,35.772,140.3929,1.3644,103.9915,Business,5685.0,876,678.0,,2165.13,304,Yes,
FL3805,2023-10-24 - 19:47:51,Delta,SYD,LAX,-33.9399,151.1753,33.9425,-118.4081,Economy,806.0,701,816.0,0.0,349.13,126,Early,
FL2006,2023-11-24 - 18:46:13,Ryanair,CDG,SIN,49.0097,2.5479,1.3644,103.9915,Business,3343.0,739,624.0,0.0,1347.86,108,Yes,
FL4819,2024-04-25 - 03:21:42,British Airways,NRT,LAX,35.772,140.3929,33.9425,-118.4081,Economy,5100.0,596,216.0,21.0,466.2,392,No,
FL5167,2024-05-31 - 20:43:53,Delta,CDG,FRA,49.0097,2.5479,50.0379,8.5622,Business,1891.0,649,724.0,0.0,644.17,297,Yes,
FL7910,2024-02-03 - 19:14:14,Air France,SIN,CDG,1.3644,103.9915,49.0097,2.5479,First,7197.0,420,,0.0,236.38,404,Early,
FL4371,2023-08-13 - 21:28:42,Lufthansa,LAX,CDG,33.9425,-118.4081,49.0097,2.5479,Economy,13630.0,198,,22.0,671.1,191,No,
FL9126,2024-02-07 - 03:21:42,Delta,DXB,ORD,25.2532,55.3657,41.9742,-87.9073,Economy,6139.0,717,290.0,0.0,355.36,347,Yes,
FL9306,2023-10-16 - 07:50:39,British Airways,ORD,DXB,41.9742,-87.9073,25.2532,55.3657,Economy,13107.0,316,161.0,14.0,1124.04,399,Yes,
FL5939,2023-10-02 - 08:46:41,American,FRA,JFK,50.0379,8.5622,40.6413,-73.7781,Economy,4999.0,733,488.0,3.0,96.81,280,Yes,
FL9347,2023-02-17 - 22:52:45,Delta,JFK,FRA,40.6413,-73.7781,50.0379,8.5622,Economy,12104.0,165,657.0,40.0,393.78,294,No,
FL6479,2023-09-11 - 02:53:41,Delta,DXB,CDG,25.2532,55.3657,49.0097,2.5479,First,13235.0,853,920.0,6.0,211.0,389,Yes,
FL3506,2023-07-12 - 10:05:08,Air France,SYD,JFK,-33.9399,151.1753,40.6413,-73.7781,First,807.0,847,87.0,21.0,286.0,361,Yes,
FL6044,2023-06-06 - 14:34:05,United,LHR,JFK,51.47,-0.4543,40.6413,-73.7781,Economy,12610.0,157,59.0,17.0,287.98,351,No,
FL7405,2024-01-31 - 18:23:48,Lufthansa,SIN,FRA,1.3644,103.9915,50.0379,8.5622,Economy,12845.0,583,,90.0,141.4,341,Yes,
FL8634,2023-07-01 - 04:34:33,Ryanair,DXB,JFK,25.2532,55.3657,40.6413,-73.7781,Economy,9831.0,290,114.0,154.0,214.46,95,Yes,
FL7797,2023-03-01 - 04:23:20,Ryanair,ORD,FRA,41.9742,-87.9073,50.0379,8.5622,Economy,3322.0,876,665.0,0.0,601.02,218,Yes,
FL3174,2024-04-02 - 09:03:30,Emirates,LHR,LAX,51.47,-0.4543,33.9425,-118.4081,Economy,11011.0,314,222.0,0.0,255.14,402,Yes,
FL1417,2023-10-10 - 13:26:50,British Airways,NRT,ORD,35.772,140.3929,41.9742,-87.9073,Economy,9477.0,591,557.0,0.0,147.19,392,Yes,
FL6570,2023-05-05 - 10:27:32,Lufthansa,CDG,FRA,49.0097,2.5479,50.0379,8.5622,Economy,7298.0,621,213.0,0.0,744.5,98,Yes,
FL3119,2023-01-30 - 03:16:06,Emirates,ORD,LHR,41.9742,-87.9073,51.47,-0.4543,Economy,14242.0,891,922.0,0.0,1002.75,148,No,
FL1017,2023-09-14 - 11:01:10,Emirates,ORD,SYD,41.9742,-87.9073,-33.9399,151.1753,Economy,6266.0,538,622.0,1.0,500.91,240,Yes,
FL4053,2024-01-31 - 03:49:43,British Airways,JFK,ORD,40.6413,-73.7781,41.9742,-87.9073,Economy,12291.0,199,444.0,128.0,789.78,415,No,
FL8773,2023-02-17 - 08:18:40,United,SYD,JFK,-33.9399,151.1753,40.6413,-73.7781,Economy,6714.0,620,631.0,0.0,150.92,342,Yes,
FL4500,2023-05-08 - 04:00:56,Lufthansa,LHR,CDG,51.47,-0.4543,49.0097,2.5479,Economy,6439.0,647,631.0,85.0,265.71,171,No,
FL3926,2023-10-07 - 12:36:25,Lufthansa,ORD,JFK,41.9742,-87.9073,40.6413,-73.7781,Economy,14508.0,529,916.0,63.0,490.24,93,No,
FL7101,2023-05-25 - 18:29:24,Delta,DXB,FRA,25.2532,55.3657,50.0379,8.5622,Economy,7275.0,480,636.0,16.0,664.64,393,No,
FL2998,2023-10-10 - 06:09:48,Lufthansa,NRT,DXB,35.772,140.3929,25.2532,55.3657,First,4735.0,525,224.0,29.0,339.74,398,Yes,
FL5326,2023-07-22 - 17:44:35,Air France,LAX,NRT,33.9425,-118.4081,35.772,140.3929,Economy,2071.0,120,,74.0,250.58,381,Yes,
FL2149,2023-10-01 - 03:38:31,Delta,FRA,NRT,50.0379,8.5622,35.772,140.3929,Economy,7074.0,171,613.0,25.0,353.17,149,No,
FL5343,2023-01-22 - 05:52:59,United,LAX,NRT,33.9425,-118.4081,35.772,140.3929,Economy,9728.0,308,586.0,0.0,,283,Early,
FL1499,2023-12-27 - 06:09:48,Emirates,JFK,LHR,40.6413,-73.7781,51.47,-0.4543,First,13244.0,148,544.0,0.0,256.08,192,Yes,
FL7308,2023-05-16 - 15:58:07,British Airways,ORD,LHR,41.9742,-87.9073,51.47,-0.4543,Economy,3142.0,257,,68.0,712.46,269,No,
FL7740,2024-01-27 - 05:08:10,British Airways,ORD,SYD,41.9742,-87.9073,-33.9399,151.1753,Economy,14096.0,186,93.0,30.0,321.19,199,Yes,
FL3117,2023-02-24 - 00:33:37,Air France,LHR,ORD,51.47,-0.4543,41.9742,-87.9073,Economy,7353.0,608,704.0,60.0,,226,Yes,
FL9662,2023-04-29 - 08:46:41,Lufthansa,JFK,SIN,40.6413,-73.7781,1.3644,103.9915,Economy,10672.0,378,186.0,5.0,154.6,273,Yes,
FL5822,2023-06-25 - 10:10:44,Emirates,JFK,SIN,40.6413,-73.7781,1.3644,103.9915,Economy,8406.0,287,723.0,12.0,101.29,263,Yes,
FL4345,2024-01-08 - 02:14:28,Lufthansa,DXB,JFK,25.2532,55.3657,40.6413,-73.7781,Economy,11259.0,583,949.0,0.0,496.18,409,Yes,
FL1086,2024-04-20 - 14:06:04,Delta,SIN,SYD,1.3644,103.9915,-33.9399,151.1753,First,12351.0,509,692.0,8.0,179.83,396,Yes,
FL1230,2023-10-08 - 03:10:30,Air France,NRT,SYD,35.772,140.3929,-33.9399,151.1753,Economy,14455.0,425,814.0,52.0,318.88,361,Yes,
FL4256,2024-06-20 - 21:28:42,Lufthansa,SIN,SYD,1.3644,103.9915,-33.9399,151.1753,First,4479.0,443,357.0,0.0,239.55,85,Yes,
FL2015,2023-08-20 - 21:00:42,Ryanair,SYD,SIN,-33.9399,151.1753,1.3644,103.9915,Economy,7591.0,480,357.0,71.0,234.69,149,Early,
FL6440,2023-12-16 - 07:56:15,Delta,JFK,SIN,40.6413,-73.7781,1.3644,103.9915,Economy,2062.0,528,420.0,108.0,,147,Early,
FL1382,2024-06-21 - 19:19:50,Emirates,NRT,ORD,35.772,140.3929,41.9742,-87.9073,Economy,7726.0,797,109.0,42.0,218.0,80,No,
FL3700,2023-10-05 - 16:54:09,American,FRA,DXB,50.0379,8.5622,25.2532,55.3657,Business,8814.0,850,759.0,9.0,,240,Yes,
FL9692,2023-07-21 - 12:36:25,Delta,SYD,ORD,-33.9399,151.1753,41.9742,-87.9073,Economy,2757.0,593,,0.0,185.84,221,No,
FL9142,2023-02-13 - 02:20:04,British Airways,DXB,CDG,25.2532,55.3657,49.0097,2.5479,Economy,10182.0,85,309.0,0.0,338.94,325,No,
FL2616,2024-03-23 - 08:41:05,British Airways,ORD,CDG,41.9742,-87.9073,49.0097,2.5479,Business,3266.0,559,344.0,57.0,819.8,338,Yes,
FL4118,2024-02-01 - 01:40:51,Lufthansa,CDG,DXB,49.0097,2.5479,25.2532,55.3657,Economy,14104.0,839,507.0,23.0,313.86,303,Yes,
FL1384,2023-05-08 - 18:35:01,United,FRA,LHR,50.0379,8.5622,51.47,-0.4543,Economy,9089.0,411,737.0,18.0,363.17,158,Yes,
FL4899,2023-07-13 - 00:39:13,Delta,ORD,SYD,41.9742,-87.9073,-33.9399,151.1753,Economy,10050.0,214,881.0,0.0,459.96,327,No,
FL5579,2024-01-25 - 09:25:54,Ryanair,SYD,LHR,-33.9399,151.1753,51.47,-0.4543,Economy,5971.0,848,,16.0,,236,Yes,
FL6383,2023-10-15 - 02:42:29,Emirates,LHR,FRA,51.47,-0.4543,50.0379,8.5622,Economy,3864.0,844,853.0,4.0,124.38,218,Yes,
FL5056,2023-07-06 - 15:41:19,Delta,SYD,JFK,-33.9399,151.1753,40.6413,-73.7781,Economy,892.0,293,,28.0,429.91,354,Yes,
FL4557,2023-03-31 - 05:30:35,Air France,DXB,ORD,25.2532,55.3657,41.9742,-87.9073,Economy,6250.0,551,307.0,,191.66,214,Yes,
FL5434,2023-08-27 - 20:32:41,American,FRA,LHR,50.0379,8.5622,51.47,-0.4543,Business,11454.0,436,587.0,29.0,966.35,183,Yes,
FL8869,2024-06-10 - 06:32:13,Emirates,SIN,JFK,1.3644,103.9915,40.6413,-73.7781,Economy,6696.0,792,847.0,8.0,250.0,361,No,
FL9621,2023-01-27 - 16:59:45,Lufthansa,LHR,FRA,51.47,-0.4543,50.0379,8.5622,First,1344.0,137,723.0,5.0,264.83,162,Yes,
FL8089,2023-01-13 - 10:38:45,United,SYD,NRT,-33.9399,151.1753,35.772,140.3929,Economy,12080.0,424,,124.0,285.13,384,Yes,
FL8075,2024-05-14 - 20:49:29,Lufthansa,ORD,SIN,41.9742,-87.9073,1.3644,103.9915,Economy,3341.0,237,817.0,11.0,1396.51,199,No,
FL3668,2024-06-18 - 18:29:24,Lufthansa,ORD,FRA,41.9742,-87.9073,50.0379,8.5622,Economy,5923.0,757,241.0,11.0,160.07,140,No,
FL5755,2023-02-09 - 18:12:36,American,LAX,SYD,33.9425,-118.4081,-33.9399,151.1753,Business,10332.0,432,,107.0,536.26,385,Yes,
FL6643,2024-01-26 - 14:34:05,Lufthansa,SIN,ORD,1.3644,103.9915,41.9742,-87.9073,Economy,2238.0,676,816.0,0.0,356.7,324,Yes,
FL6010,2024-05-18 - 19:31:03,Air France,JFK,FRA,40.6413,-73.7781,50.0379,8.5622,Economy,13823.0,720,316.0,26.0,,253,No,
FL2417,2024-04-28 - 11:29:10,United,CDG,ORD,49.0097,2.5479,41.9742,-87.9073,Economy,2470.0,610,670.0,69.0,197.87,107,No,
FL3062,2024-05-29 - 03:10:30,Ryanair,JFK,DXB,40.6413,-73.7781,25.2532,55.3657,Economy,2247.0,220,404.0,27.0,289.78,143,Yes,Technical
FL4470,2023-10-31 - 19:19:50,British Airways,LAX,SYD,33.9425,-118.4081,-33.9399,151.1753,Economy,9530.0,399,172.0,0.0,670.04,136,No,
FL2353,2023-02-19 - 18:35:01,Delta,DXB,NRT,25.2532,55.3657,35.772,140.3929,Economy,5819.0,883,832.0,73.0,1553.48,167,Yes,
FL8888,2023-08-08 - 17:38:59,Air France,LAX,DXB,33.9425,-118.4081,25.2532,55.3657,Business,12527.0,889,841.0,15.0,127.45,119,Yes,
FL5245,2023-03-30 - 00:22:24,Ryanair,DXB,FRA,25.2532,55.3657,50.0379,8.5622,Economy,9557.0,198,636.0,0.0,83.3,208,Yes,
FL3717,2024-06-08 - 10:49:57,British Airways,CDG,SYD,49.0097,2.5479,-33.9399,151.1753,Economy,7498.0,443,603.0,0.0,343.6,258,Yes,
FL1818,2024-02-08 - 15:46:55,American,SIN,FRA,1.3644,103.9915,50.0379,8.5622,Business,5857.0,692,649.0,18.0,124.18,361,No,
FL6926,2023-08-25 - 02:59:17,United,LHR,JFK,51.47,-0.4543,40.6413,-73.7781,Economy,8671.0,763,907.0,28.0,157.79,259,Yes,
FL1898,2023-04-16 - 14:50:53,Ryanair,DXB,JFK,25.2532,55.3657,40.6413,-73.7781,Economy,1193.0,857,890.0,0.0,982.61,219,No,
FL7124,2023-06-23 - 07:11:26,Ryanair,LAX,LHR,33.9425,-118.4081,51.47,-0.4543,Economy,6387.0,785,519.0,5.0,203.68,291,Yes,
FL5090,2023-12-04 - 19:08:38,British Airways,SYD,LHR,-33.9399,151.1753,51.47,-0.4543,Economy,12283.0,286,861.0,35.0,1148.19,357,Yes,
FL6087,2024-06-06 - 07:50:39,Delta,SIN,FRA,1.3644,103.9915,50.0379,8.5622,Business,12530.0,848,781.0,69.0,505.47,312,Yes,
FL6182,2023-10-29 - 09:03:30,Emirates,FRA,DXB,50.0379,8.5622,25.2532,55.3657,Economy,1064.0,462,280.0,0.0,683.16,304,Early,
FL8589,2023-05-31 - 05:36:11,Emirates,SYD,LAX,-33.9399,151.1753,33.9425,-118.4081,Economy,4010.0,400,945.0,88.0,332.92,402,Yes,Technical
FL5593,2023-12-31 - 12:08:24,American,ORD,SYD,41.9742,-87.9073,-33.9399,151.1753,Economy,7497.0,784,414.0,0.0,303.48,123,Yes,Crew
FL1170,2023-09-20 - 12:42:01,Lufthansa,JFK,LHR,40.6413,-73.7781,51.47,-0.4543,Economy,877.0,154,284.0,0.0,979.97,177,Yes,Crew
FL7392,2023-05-20 - 00:05:36,Ryanair,DXB,JFK,25.2532,55.3657,40.6413,-73.7781,Economy,3204.0,297,872.0,0.0,,116,Yes,
FL1309,2023-04-24 - 19:31:03,Delta,JFK,SYD,40.6413,-73.7781,-33.9399,151.1753,Economy,9076.0,464,899.0,0.0,126.7,368,No,
FL3105,2023-04-12 - 01:35:15,Delta,ORD,NRT,41.9742,-87.9073,35.772,140.3929,Economy,13174.0,200,,0.0,665.9,289,Yes,
FL1083,2023-11-20 - 20:04:40,Lufthansa,ORD,SYD,41.9742,-87.9073,-33.9399,151.1753,Economy,12455.0,827,630.0,29.0,577.77,348,Yes,
FL6819,2024-05-03 - 15:18:54,Lufthansa,SIN,CDG,1.3644,103.9915,49.0097,2.5479,Economy,13102.0,351,301.0,32.0,1317.61,314,Yes,
FL2984,2024-01-21 - 18:01:24,American,SYD,JFK,-33.9399,151.1753,40.6413,-73.7781,Economy,4668.0,851,805.0,116.0,1349.83,306,No,
FL1595,2023-11-07 - 11:34:47,American,JFK,LHR,40.6413,-73.7781,51.47,-0.4543,Economy,9674.0,498,848.0,0.0,439.06,96,Yes,
FL4301,2024-01-22 - 01:18:26,Ryanair,JFK,DXB,40.6413,-73.7781,25.2532,55.3657,Business,2240.0,421,127.0,31.0,479.12,405,No,
FL7387,2024-05-29 - 17:44:35,Air France,SYD,NRT,-33.9399,151.1753,35.772,140.3929,Business,8433.0,198,417.0,42.0,137.18,107,No,
FL7400,2023-10-19 - 23:15:10,Emirates,ORD,SIN,41.9742,-87.9073,1.3644,103.9915,Economy,4564.0,279,843.0,84.0,950.15,218,No,
FL3844,2024-06-17 - 13:21:14,Emirates,SYD,SIN,-33.9399,151.1753,1.3644,103.9915,Business,2105.0,621,675.0,0.0,1543.11,353,Yes,
FL7430,2023-11-10 - 19:42:15,British Airways,SIN,NRT,1.3644,103.9915,35.772,140.3929,Business,13758.0,268,430.0,51.0,2876.31,97,Yes,
FL8773,2023-04-10 - 13:10:02,Emirates,LHR,FRA,51.47,-0.4543,50.0379,8.5622,Economy,11925.0,733,269.0,0.0,733.5,273,Yes,
FL8323,2023-09-29 - 00:39:13,Delta,LAX,SYD,33.9425,-118.4081,-33.9399,151.1753,Economy,6248.0,868,,0.0,157.61,283,No,
FL3254,2023-04-07 - 12:19:36,Lufthansa,CDG,LAX,49.0097,2.5479,33.9425,-118.4081,Economy,1066.0,233,947.0,0.0,430.71,320,Yes,
FL9173,2024-03-01 - 04:56:57,United,DXB,FRA,25.2532,55.3657,50.0379,8.5622,Economy,3900.0,277,929.0,42.0,361.21,368,Early,
FL2086,2024-01-12 - 00:56:01,American,SIN,LHR,1.3644,103.9915,51.47,-0.4543,Business,1481.0,452,573.0,17.0,213.69,173,Yes,
FL8816,2024-04-26 - 23:03:58,Lufthansa,SIN,DXB,1.3644,103.9915,25.2532,55.3657,Business,5061.0,574,579.0,0.0,113.14,394,No,
FL5360,2023-02-20 - 16:26:08,Emirates,SIN,DXB,1.3644,103.9915,25.2532,55.3657,Economy,3276.0,851,921.0,0.0,605.64,127,Yes,
FL7402,2023-01-04 - 15:24:30,Lufthansa,CDG,SIN,49.0097,2.5479,1.3644,103.9915,Economy,866.0,390,756.0,23.0,311.92,175,Yes,
FL1530,2023-02-21 - 21:34:19,Delta,SIN,ORD,1.3644,103.9915,41.9742,-87.9073,Economy,5684.0,432,695.0,37.0,794.8,136,Yes,
FL1632,2023-07-16 - 23:20:46,Emirates,ORD,JFK,41.9742,-87.9073,40.6413,-73.7781,Economy,5349.0,310,133.0,0.0,75.37,167,No,
FL3538,2023-03-20 - 21:51:07,Air France,LHR,JFK,51.47,-0.4543,40.6413,-73.7781,Economy,5149.0,523,70.0,44.0,239.66,190,Yes,
FL5585,2023-12-05 - 02:25:40,United,SIN,LHR,1.3644,103.9915,51.47,-0.4543,Economy,10091.0,407,481.0,0.0,382.86,149,Yes,
FL6670,2024-01-26 - 07:17:02,British Airways,SIN,NRT,1.3644,103.9915,35.772,140.3929,Economy,10569.0,346,668.0,0.0,1632.38,371,Early,
FL7565,2023-07-23 - 22:52:45,United,SIN,JFK,1.3644,103.9915,40.6413,-73.7781,Economy,10055.0,341,733.0,0.0,447.28,368,Early,
FL2953,2023-03-20 - 07:17:02,Ryanair,JFK,LHR,40.6413,-73.7781,51.47,-0.4543,Economy,11552.0,791,,0.0,585.04,223,Yes,
FL4827,2024-06-11 - 18:57:25,Air France,LAX,JFK,33.9425,-118.4081,40.6413,-73.7781,Economy,11806.0,281,455.0,0.0,502.56,216,No,
FL1984,2023-02-11 - 21:11:54,Lufthansa,FRA,NRT,50.0379,8.5622,35.772,140.3929,Business,7253.0,843,,25.0,285.59,242,No,
FL7529,2024-05-24 - 13:54:51,Delta,JFK,FRA,40.6413,-73.7781,50.0379,8.5622,First,10592.0,60,872.0,57.0,171.09,82,No,
FL4344,2023-06-16 - 14:56:29,Lufthansa,ORD,FRA,41.9742,-87.9073,50.0379,8.5622,Economy,9325.0,800,941.0,14.0,811.1,378,Yes,Weather
FL4149,2023-09-27 - 19:31:03,American,LAX,CDG,33.9425,-118.4081,49.0097,2.5479,Economy,14883.0,782,487.0,0.0,146.41,183,Early,
FL7731,2024-05-04 - 13:10:02,Lufthansa,DXB,NRT,25.2532,55.3657,35.772,140.3929,Economy,7258.0,235,321.0,85.0,1899.95,367,Yes,
FL7736,2023-12-11 - 04:06:32,Delta,FRA,NRT,50.0379,8.5622,35.772,140.3929,Economy,2334.0,688,794.0,0.0,198.57,375,No,
FL8775,2023-11-25 - 16:37:21,Air France,SIN,CDG,1.3644,103.9915,49.0097,2.5479,Business,534.0,142,780.0,10.0,231.48,244,Yes,
FL6239,2023-06-19 - 08:29:52,United,LAX,NRT,33.9425,-118.4081,35.772,140.3929,Economy,5525.0,329,645.0,1.0,387.0,197,Yes,
FL2529,2023-02-12 - 04:28:56,Lufthansa,LHR,DXB,51.47,-0.4543,25.2532,55.3657,Economy,10893.0,305,779.0,14.0,214.99,330,No,
FL5669,2024-06-22 - 09:53:55,Ryanair,LHR,NRT,51.47,-0.4543,35.772,140.3929,Economy,11345.0,775,347.0,51.0,1619.61,255,Yes,
FL1095,2023-06-11 - 03:49:43,Ryanair,SIN,LHR,1.3644,103.9915,51.47,-0.4543,Economy,7646.0,70,776.0,0.0,220.01,419,Yes,
FL9739,2023-03-09 - 23:37:35,Air France,LAX,LHR,33.9425,-118.4081,51.47,-0.4543,Business,3293.0,548,56.0,0.0,745.08,261,No,
FL3839,2023-08-08 - 10:21:56,American,FRA,SYD,50.0379,8.5622,-33.9399,151.1753,Business,11426.0,173,817.0,11.0,486.58,97,Yes,
FL4124,2023-08-27 - 13:15:38,Delta,LHR,SYD,51.47,-0.4543,-33.9399,151.1753,Economy,9466.0,745,417.0,27.0,931.13,97,No,
FL3402,2023-09-15 - 16:09:20,United,JFK,ORD,40.6413,-73.7781,41.9742,-87.9073,Economy,6938.0,241,105.0,87.0,122.33,267,No,
FL9608,2023-05-05 - 03:10:30,United,FRA,DXB,50.0379,8.5622,25.2532,55.3657,Economy,2160.0,749,217.0,1.0,1683.6,337,Yes,
FL7737,2023-04-09 - 15:18:54,Ryanair,JFK,SIN,40.6413,-73.7781,1.3644,103.9915,Business,6699.0,162,359.0,0.0,190.26,88,Yes,
FL5362,2024-02-22 - 00:16:48,British Airways,CDG,LAX,49.0097,2.5479,33.9425,-118.4081,Economy,2159.0,348,480.0,0.0,551.61,318,Early,
FL5899,2023-04-01 - 17:55:47,Emirates,SIN,LAX,1.3644,103.9915,33.9425,-118.4081,Economy,2995.0,851,,18.0,320.8,255,No,
FL2553,2024-04-05 - 09:53:55,British Airways,JFK,SIN,40.6413,-73.7781,1.3644,103.9915,Economy,2430.0,106,105.0,36.0,226.66,407,No,
FL6508,2024-01-06 - 06:32:13,Air France,NRT,ORD,35.772,140.3929,41.9742,-87.9073,Economy,4928.0,519,,8.0,,98,No,
FL8143,2024-02-11 - 16:37:21,Emirates,JFK,FRA,40.6413,-73.7781,50.0379,8.5622,Business,11994.0,733,884.0,0.0,472.99,378,No,
FL5518,2024-05-30 - 01:01:38,United,SIN,FRA,1.3644,103.9915,50.0379,8.5622,Economy,11062.0,527,313.0,25.0,1303.31,398,Yes,
FL5188,2023-08-05 - 16:48:33,Ryanair,NRT,LAX,35.772,140.3929,33.9425,-118.4081,Economy,10993.0,673,246.0,0.0,1477.66,92,No,
FL2844,2023-02-28 - 13:49:15,Delta,SIN,JFK,1.3644,103.9915,40.6413,-73.7781,Economy,933.0,759,680.0,0.0,2005.94,169,No,
FL8920,2023-05-14 - 12:58:49,Air France,DXB,LHR,25.2532,55.3657,51.47,-0.4543,Economy,12650.0,342,418.0,26.0,,264,Yes,
FL1221,2023-06-23 - 21:45:31,American,FRA,LAX,50.0379,8.5622,33.9425,-118.4081,Economy,6333.0,93,184.0,0.0,753.38,102,Yes,
FL9001,2023-06-02 - 15:52:31,Emirates,LAX,ORD,33.9425,-118.4081,41.9742,-87.9073,Economy,10419.0,461,910.0,0.0,613.88,186,No,
FL4794,2023-07-03 - 14:50:53,Lufthansa,CDG,NRT,49.0097,2.5479,35.772,140.3929,Economy,6909.0,169,509.0,43.0,292.7,198,Yes,
FL4498,2024-02-05 - 14:56:29,Emirates,LHR,FRA,51.47,-0.4543,50.0379,8.5622,Economy,13078.0,437,836.0,0.0,360.02,327,Early,
FL7600,2024-05-10 - 22:07:56,Ryanair,LAX,SIN,33.9425,-118.4081,1.3644,103.9915,Business,2014.0,157,230.0,16.0,209.3,300,Yes,
FL6944,2023-09-14 - 18:18:12,United,NRT,ORD,35.772,140.3929,41.9742,-87.9073,Economy,12768.0,253,193.0,2.0,3608.66,326,Yes,
FL2486,2023-01-01 - 21:51:07,Ryanair,ORD,CDG,41.9742,-87.9073,49.0097,2.5479,Economy,1978.0,208,163.0,0.0,126.76,244,No,
FL3620,2023-11-17 - 19:14:14,United,SYD,LHR,-33.9399,151.1753,51.47,-0.4543,Economy,5951.0,137,934.0,27.0,466.63,291,Early,
FL5660,2024-01-31 - 11:06:46,Ryanair,DXB,SIN,25.2532,55.3657,1.3644,103.9915,Business,1568.0,563,,97.0,390.37,329,Yes,
FL1291,2023-05-22 - 17:38:59,British Airways,ORD,SYD,41.9742,-87.9073,-33.9399,151.1753,Business,584.0,618,763.0,29.0,194.64,116,Yes,
FL3466,2023-04-08 - 10:10:44,Emirates,LAX,LHR,33.9425,-118.4081,51.47,-0.4543,Business,9116.0,402,389.0,138.0,222.58,101,Early,
FL7326,2023-01-02 - 12:25:12,Air France,ORD,FRA,41.9742,-87.9073,50.0379,8.5622,Economy,10671.0,115,918.0,0.0,104.71,335,Yes,
FL4258,2023-03-09 - 09:03:30,United,FRA,SYD,50.0379,8.5622,-33.9399,151.1753,Economy,691.0,529,297.0,0.0,390.89,157,No,
FL4422,2023-06-16 - 00:22:24,British Airways,LHR,ORD,51.47,-0.4543,41.9742,-87.9073,Economy,8146.0,146,509.0,35.0,357.15,209,Yes,
FL6338,2023-03-11 - 04:45:45,Emirates,NRT,LHR,35.772,140.3929,51.47,-0.4543,Economy,14955.0,650,650.0,0.0,184.12,374,Yes,
FL4923,2023-01-12 - 20:04:40,American,SYD,DXB,-33.9399,151.1753,25.2532,55.3657,Economy,13575.0,382,193.0,0.0,336.2,277,No,
FL2177,2023-06-14 - 11:57:11,Air France,SIN,ORD,1.3644,103.9915,41.9742,-87.9073,Economy,10264.0,713,465.0,23.0,575.18,272,Yes,
FL4666,2023-03-15 - 10:44:21,United,LHR,DXB,51.47,-0.4543,25.2532,55.3657,Economy,2494.0,199,645.0,48.0,118.43,226,Yes,
FL3827,2023-11-12 - 22:41:33,Ryanair,LAX,JFK,33.9425,-118.4081,40.6413,-73.7781,Economy,7258.0,448,,60.0,685.31,356,Yes,
FL8627,2023-02-11 - 06:37:49,British Airways,JFK,SIN,40.6413,-73.7781,1.3644,103.9915,Economy,12340.0,212,681.0,27.0,326.74,162,Yes,
FL2408,2023-11-29 - 00:44:49,Delta,LAX,SYD,33.9425,-118.4081,-33.9399,151.1753,Economy,5823.0,84,667.0,18.0,324.16,193,No,
FL1906,2024-05-02 - 10:10:44,Ryanair,JFK,FRA,40.6413,-73.7781,50.0379,8.5622,Economy,12081.0,558,679.0,0.0,,210,Yes,
FL7479,2024-03-13 - 08:18:40,Delta,NRT,LAX,35.772,140.3929,33.9425,-118.4081,Economy,12322.0,842,837.0,1.0,2095.83,328,Yes,
FL4559,2023-09-22 - 22:58:21,United,SYD,FRA,-33.9399,151.1753,50.0379,8.5622,Economy,6908.0,770,113.0,55.0,227.15,126,Yes,
FL4679,2023-09-09 - 14:28:28,Ryanair,NRT,SIN,35.772,140.3929,1.3644,103.9915,Economy,1772.0,787,357.0,8.0,153.03,366,Yes,
FL1332,2023-05-16 - 01:24:02,American,SYD,JFK,-33.9399,151.1753,40.6413,-73.7781,Business,3472.0,568,832.0,,347.84,413,Yes,
FL1979,2023-09-13 - 13:10:02,Lufthansa,NRT,LAX,35.772,140.3929,33.9425,-118.4081,Business,13735.0,258,568.0,,240.06,176,Yes,
FL4802,2023-10-23 - 07:22:38,British Airways,SYD,JFK,-33.9399,151.1753,40.6413,-73.7781,Economy,14963.0,741,,32.0,717.04,182,Early,
FL4547,2024-02-10 - 04:12:08,American,SIN,FRA,1.3644,103.9915,50.0379,8.5622,Economy,3894.0,735,458.0,14.0,849.25,123,Yes,
FL5689,2024-01-04 - 10:49:57,United,LHR,JFK,51.47,-0.4543,40.6413,-73.7781,Economy,13467.0,634,321.0,55.0,209.93,127,No,
FL1080,2024-05-21 - 05:47:23,Delta,SIN,NRT,1.3644,103.9915,35.772,140.3929,Economy,1632.0,460,609.0,3.0,123.04,368,Yes,
FL3155,2023-06-26 - 08:01:52,Ryanair,NRT,LHR,35.772,140.3929,51.47,-0.4543,Business,13753.0,384,323.0,17.0,436.25,251,No,
FL4578,2024-05-04 - 20:27:04,United,DXB,LAX,25.2532,55.3657,33.9425,-118.4081,Economy,6849.0,525,508.0,58.0,,307,Yes,
FL9446,2024-06-28 - 18:51:49,Ryanair,SIN,LAX,1.3644,103.9915,33.9425,-118.4081,Economy,12809.0,333,65.0,0.0,375.13,408,No,
FL6034,2023-07-20 - 14:45:17,Emirates,FRA,DXB,50.0379,8.5622,25.2532,55.3657,Business,6588.0,759,299.0,8.0,448.97,184,Early,
FL1920,2023-05-13 - 07:50:39,Air France,SYD,LAX,-33.9399,151.1753,33.9425,-118.4081,First,14964.0,411,449.0,39.0,454.15,252,Yes,
FL6661,2024-05-29 - 10:27:32,Delta,SIN,CDG,1.3644,103.9915,49.0097,2.5479,Economy,4733.0,373,,0.0,154.22,135,Yes,
FL2462,2023-04-25 - 02:48:05,Ryanair,CDG,ORD,49.0097,2.5479,41.9742,-87.9073,First,14482.0,287,,0.0,457.64,371,Yes,
FL2055,2024-02-14 - 17:27:46,United,LAX,SYD,33.9425,-118.4081,-33.9399,151.1753,Business,11932.0,706,,17.0,350.92,243,Early,
FL7289,2023-12-04 - 04:34:33,American,JFK,LAX,40.6413,-73.7781,33.9425,-118.4081,Economy,10628.0,853,473.0,0.0,511.31,288,Yes,
FL1768,2023-04-06 - 07:11:26,British Airways,SYD,NRT,-33.9399,151.1753,35.772,140.3929,Economy,2180.0,746,597.0,22.0,710.0,201,Early,
FL6753,2023-05-15 - 03:32:55,Ryanair,JFK,FRA,40.6413,-73.7781,50.0379,8.5622,Business,12439.0,741,330.0,57.0,44.57,387,Early,
FL5926,2023-11-16 - 14:06:04,Emirates,JFK,LAX,40.6413,-73.7781,33.9425,-118.4081,First,10788.0,766,115.0,0.0,426.6,144,No,
FL2551,2023-04-07 - 19:36:39,Delta,LAX,FRA,33.9425,-118.4081,50.0379,8.5622,Economy,2487.0,496,766.0,10.0,375.42,152,Yes,
FL3598,2023-03-27 - 06:49:01,British Airways,DXB,LAX,25.2532,55.3657,33.9425,-118.4081,Economy,2978.0,531,618.0,0.0,283.34,169,Early,
FL5766,2024-05-23 - 01:29:38,American,FRA,ORD,50.0379,8.5622,41.9742,-87.9073,Economy,10202.0,779,170.0,0.0,482.97,91,Yes,
FL8050,2024-04-07 - 12:53:13,Air France,DXB,SIN,25.2532,55.3657,1.3644,103.9915,Business,5043.0,603,769.0,0.0,688.82,362,No,
FL3582,2024-02-22 - 07:33:51,Emirates,CDG,LHR,49.0097,2.5479,51.47,-0.4543,Business,13469.0,258,923.0,0.0,251.63,145,Early,
FL1832,2023-05-09 - 16:26:08,Ryanair,LAX,SYD,33.9425,-118.4081,-33.9399,151.1753,Economy,2553.0,462,597.0,0.0,414.39,159,Yes,
FL6850,2023-06-17 - 20:04:40,Delta,CDG,DXB,49.0097,2.5479,25.2532,55.3657,Economy,599.0,75,940.0,9.0,182.96,300,No,
FL3813,2023-06-30 - 06:43:25,Emirates,SYD,ORD,-33.9399,151.1753,41.9742,-87.9073,Economy,3213.0,334,,0.0,820.22,373,Early,
FL8648,2024-06-26 - 23:09:34,Air France,SYD,DXB,-33.9399,151.1753,25.2532,55.3657,Economy,14431.0,308,767.0,11.0,732.5,162,No,
FL8089,2023-04-22 - 16:31:45,Ryanair,SYD,JFK,-33.9399,151.1753,40.6413,-73.7781,Economy,10926.0,223,815.0,24.0,191.58,394,Early,
FL3601,2024-01-21 - 10:44:21,Ryanair,CDG,JFK,49.0097,2.5479,40.6413,-73.7781,Economy,1465.0,224,905.0,26.0,1818.33,237,Yes,
FL5977,2023-10-13 - 07:00:14,Air France,CDG,LHR,49.0097,2.5479,51.47,-0.4543,First,11568.0,609,889.0,10.0,319.96,249,Yes,
FL1806,2024-04-02 - 23:37:35,Air France,FRA,CDG,50.0379,8.5622,49.0097,2.5479,Economy,1985.0,377,,14.0,198.63,141,Yes,
FL1846,2024-03-25 - 04:23:20,Lufthansa,SIN,LHR,1.3644,103.9915,51.47,-0.4543,Economy,2980.0,568,304.0,7.0,527.42,212,Yes,
FL4902,2023-10-02 - 16:03:44,Air France,SIN,DXB,1.3644,103.9915,25.2532,55.3657,Economy,10793.0,414,389.0,39.0,581.12,325,Yes,
FL4598,2023-03-10 - 21:28:42,Ryanair,ORD,SIN,41.9742,-87.9073,1.3644,103.9915,Business,8634.0,651,616.0,113.0,1040.15,364,Yes,
FL5080,2023-11-08 - 09:25:54,American,SYD,DXB,-33.9399,151.1753,25.2532,55.3657,First,12467.0,752,275.0,0.0,735.91,248,Yes,
FL1981,2023-12-02 - 16:09:20,Air France,ORD,FRA,41.9742,-87.9073,50.0379,8.5622,Business,10000.0,818,295.0,17.0,239.15,304,Yes,
FL2411,2024-03-21 - 12:58:49,Air France,SIN,NRT,1.3644,103.9915,35.772,140.3929,Business,14065.0,627,860.0,0.0,192.74,80,Yes,
FL2731,2024-05-05 - 03:44:07,Lufthansa,ORD,SYD,41.9742,-87.9073,-33.9399,151.1753,Economy,13951.0,332,889.0,37.0,378.54,143,Yes,
FL4871,2023-01-21 - 00:44:49,Emirates,SYD,JFK,-33.9399,151.1753,40.6413,-73.7781,First,562.0,91,800.0,0.0,72.09,135,Early,
FL8351,2023-04-30 - 06:37:49,Delta,JFK,FRA,40.6413,-73.7781,50.0379,8.5622,Business,12286.0,69,97.0,6.0,514.65,206,Yes,
FL4908,2023-06-25 - 17:27:46,Emirates,DXB,JFK,25.2532,55.3657,40.6413,-73.7781,Economy,9727.0,681,572.0,0.0,477.36,237,Yes,
FL1824,2023-01-08 - 06:49:01,Lufthansa,DXB,NRT,25.2532,55.3657,35.772,140.3929,Business,10371.0,393,337.0,5.0,509.4,189,Yes,
FL4606,2023-03-06 - 00:56:01,American,LAX,JFK,33.9425,-118.4081,40.6413,-73.7781,Business,9153.0,822,801.0,15.0,223.28,121,Yes,
FL8511,2024-03-03 - 00:39:13,Lufthansa,NRT,DXB,35.772,140.3929,25.2532,55.3657,Economy,4390.0,309,676.0,,3309.32,329,Yes,
FL8429,2023-02-13 - 16:54:09,Delta,SYD,JFK,-33.9399,151.1753,40.6413,-73.7781,Business,7322.0,223,589.0,36.0,1058.79,307,Early,
FL4403,2023-06-12 - 16:14:56,Lufthansa,SIN,FRA,1.3644,103.9915,50.0379,8.5622,Business,12128.0,426,905.0,0.0,840.73,400,No,
FL7134,2023-09-04 - 03:21:42,Ryanair,DXB,LAX,25.2532,55.3657,33.9425,-118.4081,Economy,12873.0,248,233.0,51.0,285.41,395,Yes,
FL9769,2023-12-03 - 21:17:30,United,FRA,SYD,50.0379,8.5622,-33.9399,151.1753,First,4347.0,867,732.0,0.0,2072.8,218,Yes,
FL2494,2023-12-30 - 14:17:16,British Airways,DXB,SYD,25.2532,55.3657,-33.9399,151.1753,Economy,4729.0,405,374.0,31.0,499.25,160,Early,
FL6012,2023-01-26 - 19:08:38,Lufthansa,ORD,SYD,41.9742,-87.9073,-33.9399,151.1753,Economy,1900.0,115,,0.0,70.87,232,No,
FL2507,2024-05-15 - 04:06:32,Ryanair,LAX,JFK,33.9425,-118.4081,40.6413,-73.7781,Economy,3640.0,720,391.0,26.0,1822.5,175,Yes,
FL3173,2023-03-24 - 13:15:38,Ryanair,DXB,ORD,25.2532,55.3657,41.9742,-87.9073,Economy,6436.0,871,893.0,19.0,42.37,255,Yes,
FL7890,2023-12-24 - 05:19:22,Delta,LHR,LAX,51.47,-0.4543,33.9425,-118.4081,Economy,8701.0,324,,0.0,203.12,261,Yes,
FL2275,2024-05-31 - 06:09:48,Lufthansa,LAX,LHR,33.9425,-118.4081,51.47,-0.4543,Economy,515.0,164,67.0,0.0,,211,Early,
FL7421,2023-10-16 - 22:24:44,Lufthansa,DXB,LHR,25.2532,55.3657,51.47,-0.4543,Business,947.0,85,498.0,4.0,169.03,151,Yes,
FL5903,2024-05-15 - 18:40:37,Lufthansa,NRT,ORD,35.772,140.3929,41.9742,-87.9073,Economy,11336.0,414,271.0,,561.76,180,Yes,
FL1386,2023-07-11 - 04:56:57,Air France,JFK,SIN,40.6413,-73.7781,1.3644,103.9915,Economy,5139.0,518,893.0,27.0,593.75,240,Early,
FL2019,2024-01-16 - 06:54:37,Lufthansa,ORD,SIN,41.9742,-87.9073,1.3644,103.9915,Economy,11218.0,258,625.0,0.0,114.42,245,Yes,Technical
FL8833,2024-06-02 - 09:09:06,Lufthansa,FRA,LHR,50.0379,8.5622,51.47,-0.4543,Economy,12840.0,887,426.0,48.0,395.97,167,No,
FL1802,2023-10-14 - 04:51:21,Air France,NRT,FRA,35.772,140.3929,50.0379,8.5622,Business,10907.0,109,588.0,40.0,310.96,340,No,
FL8039,2024-01-15 - 23:37:35,British Airways,SYD,SIN,-33.9399,151.1753,1.3644,103.9915,Economy,11621.0,689,232.0,39.0,1197.9,167,Yes,
FL4862,2023-11-16 - 06:49:01,Ryanair,SIN,SYD,1.3644,103.9915,-33.9399,151.1753,Economy,9723.0,682,529.0,54.0,397.6,360,Yes,
FL6884,2023-06-03 - 06:26:36,American,NRT,LHR,35.772,140.3929,51.47,-0.4543,Economy,12613.0,715,,33.0,114.02,138,Yes,Operational
FL5317,2023-03-24 - 20:32:41,Emirates,FRA,DXB,50.0379,8.5622,25.2532,55.3657,First,1972.0,104,271.0,85.0,442.71,144,No,
FL1924,2023-06-03 - 21:00:42,Emirates,CDG,LAX,49.0097,2.5479,33.9425,-118.4081,Economy,1650.0,646,855.0,0.0,211.82,344,Yes,
FL6120,2023-12-31 - 19:25:26,Lufthansa,JFK,CDG,40.6413,-73.7781,49.0097,2.5479,Economy,10648.0,596,931.0,19.0,440.91,83,No,
FL8872,2023-04-20 - 20:49:29,British Airways,ORD,LAX,41.9742,-87.9073,33.9425,-118.4081,Business,9389.0,295,333.0,18.0,151.46,85,Yes,
FL9299,2024-03-24 - 06:32:13,Air France,CDG,DXB,49.0097,2.5479,25.2532,55.3657,Business,4417.0,722,809.0,99.0,,185,Yes,
FL9861,2024-03-15 - 04:00:56,Lufthansa,SIN,ORD,1.3644,103.9915,41.9742,-87.9073,Economy,5082.0,313,,0.0,495.85,210,Yes,
FL6376,2023-07-08 - 18:40:37,Emirates,LHR,SYD,51.47,-0.4543,-33.9399,151.1753,Economy,14383.0,530,291.0,9.0,268.53,338,Yes,
FL2995,2023-01-01 - 14:34:05,American,SIN,SYD,1.3644,103.9915,-33.9399,151.1753,Economy,1278.0,757,523.0,0.0,686.6,346,Yes,
FL2892,2023-01-02 - 19:42:15,Air France,LHR,CDG,51.47,-0.4543,49.0097,2.5479,Economy,4293.0,566,65.0,15.0,801.7,377,No,
FL1811,2023-12-06 - 07:33:51,Emirates,SYD,DXB,-33.9399,151.1753,25.2532,55.3657,Economy,8685.0,154,597.0,7.0,110.15,245,Yes,Technical
FL7218,2023-04-05 - 09:20:18,Delta,SYD,FRA,-33.9399,151.1753,50.0379,8.5622,Economy,787.0,683,,10.0,1042.64,190,No,
FL4250,2024-01-11 - 03:04:54,Lufthansa,SYD,SIN,-33.9399,151.1753,1.3644,103.9915,Economy,6678.0,800,,2.0,440.93,309,Yes,
FL2389,2024-03-25 - 11:40:23,Air France,LHR,JFK,51.47,-0.4543,40.6413,-73.7781,Economy,5414.0,654,333.0,0.0,417.76,311,Early,Technical
FL2572,2023-07-21 - 19:53:27,American,FRA,NRT,50.0379,8.5622,35.772,140.3929,Economy,11432.0,136,419.0,0.0,514.12,215,No,
FL4750,2023-04-21 - 11:23:34,Ryanair,SYD,ORD,-33.9399,151.1753,41.9742,-87.9073,Economy,13512.0,387,,0.0,293.9,355,Yes,
FL6504,2024-06-29 - 16:42:57,Lufthansa,NRT,ORD,35.772,140.3929,41.9742,-87.9073,Business,4503.0,856,279.0,0.0,1756.82,178,Yes,
FL5490,2023-03-07 - 06:04:12,Emirates,SYD,FRA,-33.9399,151.1753,50.0379,8.5622,Economy,4928.0,397,902.0,58.0,205.38,101,Yes,
FL7713,2023-10-26 - 22:47:09,Air France,DXB,LHR,25.2532,55.3657,51.47,-0.4543,Economy,14939.0,354,666.0,0.0,,412,Yes,
FL1765,2023-01-09 - 04:40:09,United,SYD,LHR,-33.9399,151.1753,51.47,-0.4543,Business,12450.0,438,143.0,16.0,1617.77,218,No,
FL3734,2024-03-07 - 13:54:51,British Airways,JFK,NRT,40.6413,-73.7781,35.772,140.3929,Economy,12029.0,610,396.0,39.0,153.07,171,Yes,
FL7791,2023-06-09 - 08:07:28,British Airways,FRA,DXB,50.0379,8.5622,25.2532,55.3657,Economy,9825.0,579,888.0,,636.03,338,No,
FL9394,2024-05-23 - 16:03:44,American,DXB,ORD,25.2532,55.3657,41.9742,-87.9073,Economy,1432.0,261,795.0,58.0,99.71,410,Yes,
FL8099,2023-10-23 - 14:39:41,Delta,JFK,SYD,40.6413,-73.7781,-33.9399,151.1753,Economy,3149.0,618,108.0,0.0,,324,Yes,
FL9141,2023-07-13 - 15:13:18,American,SYD,NRT,-33.9399,151.1753,35.772,140.3929,Economy,5135.0,125,609.0,9.0,322.83,147,Yes,
FL9440,2023-04-02 - 15:46:55,British Airways,DXB,CDG,25.2532,55.3657,49.0097,2.5479,Business,2365.0,243,593.0,0.0,,377,No,
FL6960,2023-08-06 - 21:56:43,United,ORD,FRA,41.9742,-87.9073,50.0379,8.5622,Business,14812.0,788,268.0,0.0,,135,Early,
FL5396,2023-07-29 - 17:16:34,Air France,SYD,ORD,-33.9399,151.1753,41.9742,-87.9073,Economy,10839.0,731,424.0,0.0,175.8,142,No,Technical
FL9041,2024-03-11 - 12:36:25,American,LAX,SYD,33.9425,-118.4081,-33.9399,151.1753,Economy,7169.0,494,535.0,10.0,685.61,186,Early,
FL4549,2024-01-12 - 22:47:09,United,FRA,LHR,50.0379,8.5622,51.47,-0.4543,Economy,4672.0,380,,34.0,833.91,172,Early,
FL1914,2023-07-09 - 09:14:42,American,SYD,DXB,-33.9399,151.1753,25.2532,55.3657,Business,1273.0,830,904.0,0.0,298.69,355,Yes,
FL2964,2023-01-03 - 02:59:17,Delta,DXB,JFK,25.2532,55.3657,40.6413,-73.7781,Economy,8746.0,854,64.0,18.0,356.08,244,Yes,
FL8576,2023-03-19 - 16:42:57,United,NRT,LHR,35.772,140.3929,51.47,-0.4543,Economy,9026.0,704,624.0,0.0,464.88,155,No,
FL8790,2023-09-01 - 17:05:22,Ryanair,DXB,JFK,25.2532,55.3657,40.6413,-73.7781,Economy,14917.0,232,388.0,10.0,101.93,359,No,
FL7714,2023-01-08 - 14:06:04,Ryanair,SIN,ORD,1.3644,103.9915,41.9742,-87.9073,Business,14301.0,835,761.0,0.0,451.58,94,Yes,
FL6982,2023-04-12 - 23:26:22,Air France,LAX,LHR,33.9425,-118.4081,51.47,-0.4543,Economy,7019.0,185,876.0,0.0,491.16,346,Yes,
FL3098,2023-06-23 - 14:28:28,Lufthansa,NRT,SIN,35.772,140.3929,1.3644,103.9915,Economy,14983.0,759,822.0,70.0,302.39,190,Yes,
FL3961,2023-01-15 - 06:21:00,British Airways,CDG,ORD,49.0097,2.5479,41.9742,-87.9073,First,14787.0,182,,0.0,185.0,146,Yes,
FL5106,2024-02-15 - 08:01:52,British Airways,CDG,DXB,49.0097,2.5479,25.2532,55.3657,Economy,8580.0,630,862.0,0.0,218.06,235,Yes,
FL3612,2023-02-02 - 04:06:32,Emirates,DXB,SIN,25.2532,55.3657,1.3644,103.9915,Business,14238.0,803,,0.0,1591.97,357,Yes,
FL8453,2023-04-16 - 22:07:56,Delta,LAX,SYD,33.9425,-118.4081,-33.9399,151.1753,Economy,9166.0,875,788.0,23.0,822.98,222,Early,
FL4262,2023-01-17 - 16:37:21,American,FRA,SYD,50.0379,8.5622,-33.9399,151.1753,First,7561.0,757,844.0,14.0,772.99,315,Yes,
FL4870,2023-03-14 - 05:36:11,Air France,SYD,ORD,-33.9399,151.1753,41.9742,-87.9073,Economy,9722.0,547,662.0,31.0,378.24,116,No,
FL3063,2023-03-06 - 15:30:07,American,NRT,JFK,35.772,140.3929,40.6413,-73.7781,Economy,7955.0,270,695.0,77.0,462.13,221,Early,
FL4429,2023-02-06 - 10:05:08,Emirates,NRT,JFK,35.772,140.3929,40.6413,-73.7781,Economy,13279.0,486,674.0,118.0,236.15,142,No,
FL1033,2024-02-25 - 15:41:19,American,ORD,NRT,41.9742,-87.9073,35.772,140.3929,Economy,11187.0,374,467.0,1.0,181.7,80,Yes,
FL3291,2023-11-27 - 12:19:36,American,ORD,LAX,41.9742,-87.9073,33.9425,-118.4081,Business,12579.0,375,,0.0,296.67,306,Yes,
FL2759,2023-08-29 - 16:14:56,Air France,SYD,DXB,-33.9399,151.1753,25.2532,55.3657,Economy,8832.0,158,,41.0,164.97,263,No,
FL1826,2023-01-22 - 20:27:04,Emirates,SIN,LHR,1.3644,103.9915,51.47,-0.4543,Economy,2825.0,128,,0.0,81.5,387,No,
FL9429,2023-10-07 - 19:53:27,Lufthansa,CDG,ORD,49.0097,2.5479,41.9742,-87.9073,Economy,12602.0,325,821.0,0.0,669.0,387,Yes,Weather
FL1716,2023-09-04 - 10:38:45,American,NRT,LHR,35.772,140.3929,51.47,-0.4543,Economy,6170.0,131,334.0,19.0,126.7,115,Yes,
FL6459,2024-04-24 - 12:47:37,Air France,FRA,LAX,50.0379,8.5622,33.9425,-118.4081,Economy,9383.0,524,562.0,4.0,161.17,181,Yes,
FL8870,2023-01-24 - 08:52:17,Air France,SYD,LHR,-33.9399,151.1753,51.47,-0.4543,Economy,14277.0,291,481.0,63.0,208.55,231,No,
FL9066,2023-10-14 - 12:08:24,American,SIN,LHR,1.3644,103.9915,51.47,-0.4543,Economy,11529.0,458,751.0,28.0,146.48,285,Yes,
FL3829,2024-04-28 - 18:46:13,Lufthansa,SIN,FRA,1.3644,103.9915,50.0379,8.5622,Business,3508.0,404,841.0,29.0,208.76,260,Yes,
FL7922,2023-01-14 - 15:46:55,Ryanair,SIN,CDG,1.3644,103.9915,49.0097,2.5479,Economy,11165.0,866,762.0,14.0,236.68,344,Yes,
FL7359,2024-04-15 - 10:16:20,United,LHR,CDG,51.47,-0.4543,49.0097,2.5479,Business,6001.0,583,520.0,9.0,120.18,213,Yes,
FL9017,2023-06-08 - 17:33:23,American,LAX,DXB,33.9425,-118.4081,25.2532,55.3657,Business,5186.0,883,,59.0,41.22,359,Yes,
FL5598,2023-03-12 - 09:53:55,British Airways,NRT,FRA,35.772,140.3929,50.0379,8.5622,Economy,14407.0,115,182.0,63.0,565.13,241,No,
FL8152,2023-07-15 - 10:55:33,Ryanair,LHR,SYD,51.47,-0.4543,-33.9399,151.1753,Business,2064.0,529,82.0,0.0,1046.6,197,Yes,
FL9396,2024-02-12 - 14:28:28,Delta,FRA,ORD,50.0379,8.5622,41.9742,-87.9073,Economy,5530.0,803,945.0,0.0,1005.3,398,Yes,
FL3469,2024-02-23 - 12:42:01,Lufthansa,NRT,JFK,35.772,140.3929,40.6413,-73.7781,Economy,792.0,336,160.0,65.0,494.09,112,Yes,
FL7893,2023-08-07 - 19:47:51,Lufthansa,NRT,JFK,35.772,140.3929,40.6413,-73.7781,Economy,10776.0,651,774.0,0.0,141.13,202,Early,
FL2195,2023-06-11 - 18:23:48,Delta,ORD,LHR,41.9742,-87.9073,51.47,-0.4543,Economy,6485.0,786,539.0,11.0,303.69,319,Yes,
FL7217,2023-12-21 - 19:03:02,Air France,DXB,ORD,25.2532,55.3657,41.9742,-87.9073,Economy,9829.0,371,,0.0,675.22,164,No,
FL1044,2024-02-23 - 19:59:03,Delta,LHR,SYD,51.47,-0.4543,-33.9399,151.1753,Economy,8102.0,224,765.0,0.0,630.67,366,No,
FL2093,2023-07-03 - 00:16:48,Emirates,FRA,SYD,50.0379,8.5622,-33.9399,151.1753,Business,11073.0,771,129.0,101.0,612.62,121,No,
FL4491,2023-05-22 - 03:04:54,Delta,DXB,LAX,25.2532,55.3657,33.9425,-118.4081,First,10676.0,828,842.0,0.0,716.61,309,Yes,
FL4660,2024-02-20 - 19:08:38,Delta,FRA,SIN,50.0379,8.5622,1.3644,103.9915,Economy,7010.0,659,361.0,3.0,1584.7,183,Yes,
FL3237,2023-08-28 - 03:49:43,American,ORD,SIN,41.9742,-87.9073,1.3644,103.9915,Economy,13578.0,620,235.0,136.0,137.39,386,Yes,
FL3017,2024-04-16 - 00:50:25,United,SYD,FRA,-33.9399,151.1753,50.0379,8.5622,Economy,13944.0,366,494.0,1.0,226.94,276,No,
FL6514,2024-06-25 - 18:01:24,Emirates,NRT,ORD,35.772,140.3929,41.9742,-87.9073,Economy,14000.0,498,367.0,0.0,540.03,312,Yes,
FL7113,2024-03-17 - 14:17:16,Emirates,CDG,NRT,49.0097,2.5479,35.772,140.3929,Economy,11895.0,164,940.0,6.0,563.78,130,No,
FL4469,2023-01-19 - 05:02:34,Ryanair,JFK,SYD,40.6413,-73.7781,-33.9399,151.1753,Economy,3094.0,878,261.0,33.0,160.52,117,Early,
FL7700,2023-12-29 - 01:52:03,Emirates,FRA,LHR,50.0379,8.5622,51.47,-0.4543,Economy,845.0,819,627.0,0.0,357.14,315,No,
FL8501,2024-03-10 - 14:45:17,Lufthansa,LHR,ORD,51.47,-0.4543,41.9742,-87.9073,Economy,6549.0,262,500.0,0.0,83.21,82,Yes,Weather
FL8778,2023-01-28 - 22:07:56,Lufthansa,ORD,FRA,41.9742,-87.9073,50.0379,8.5622,Economy,13742.0,713,747.0,0.0,694.91,121,Yes,
FL9587,2023-07-22 - 03:10:30,American,LHR,DXB,51.47,-0.4543,25.2532,55.3657,Business,4901.0,570,857.0,0.0,,149,No,
FL9093,2023-11-04 - 10:44:21,British Airways,NRT,LHR,35.772,140.3929,51.47,-0.4543,Economy,14056.0,189,,0.0,285.04,180,No,
FL4986,2024-04-14 - 12:25:12,Emirates,LAX,SIN,33.9425,-118.4081,1.3644,103.9915,Economy,10453.0,861,341.0,0.0,227.69,380,Yes,
FL3169,2023-02-28 - 21:06:18,British Airways,DXB,NRT,25.2532,55.3657,35.772,140.3929,Economy,3059.0,332,,21.0,582.0,202,Yes,
FL3820,2023-03-26 - 23:31:59,Delta,ORD,LAX,41.9742,-87.9073,33.9425,-118.4081,Economy,6429.0,420,388.0,0.0,1910.94,278,Early,
FL7529,2023-07-30 - 22:24:44,United,LHR,SIN,51.47,-0.4543,1.3644,103.9915,Economy,5594.0,173,,35.0,662.14,236,No,
FL7147,2023-11-05 - 23:09:34,Air France,SYD,FRA,-33.9399,151.1753,50.0379,8.5622,Economy,6678.0,662,,0.0,1485.93,184,Yes,
FL2656,2023-04-19 - 22:58:21,United,SYD,LHR,-33.9399,151.1753,51.47,-0.4543,Business,9978.0,739,206.0,29.0,1404.06,184,Yes,
FL2158,2023-11-11 - 17:33:23,Ryanair,DXB,SYD,25.2532,55.3657,-33.9399,151.1753,Economy,12695.0,229,331.0,0.0,209.12,206,Yes,
FL3179,2023-06-07 - 12:25:12,British Airways,NRT,SIN,35.772,140.3929,1.3644,103.9915,Economy,13154.0,549,,36.0,100.64,289,No,
FL8344,2024-02-03 - 11:57:11,Ryanair,FRA,DXB,50.0379,8.5622,25.2532,55.3657,Economy,2473.0,417,340.0,0.0,,365,Early,
FL8998,2023-12-03 - 06:43:25,Delta,DXB,CDG,25.2532,55.3657,49.0097,2.5479,Economy,5097.0,440,831.0,40.0,698.94,370,Early,
FL5639,2023-12-14 - 12:14:00,Emirates,LHR,DXB,51.47,-0.4543,25.2532,55.3657,Economy,13536.0,389,374.0,4.0,362.25,382,No,Weather
FL3630,2023-11-23 - 06:21:00,Air France,LHR,NRT,51.47,-0.4543,35.772,140.3929,Economy,4030.0,524,757.0,0.0,480.94,391,Early,
FL1804,2023-09-15 - 01:35:15,United,SYD,NRT,-33.9399,151.1753,35.772,140.3929,First,6836.0,849,793.0,5.0,1562.02,265,No,
FL2351,2024-05-03 - 00:44:49,Delta,JFK,ORD,40.6413,-73.7781,41.9742,-87.9073,Business,9382.0,831,,17.0,299.08,153,Yes,
FL3037,2023-02-03 - 09:14:42,Ryanair,LHR,SYD,51.47,-0.4543,-33.9399,151.1753,Economy,10805.0,170,,0.0,1106.62,232,Yes,
FL8757,2023-01-13 - 17:55:47,British Airways,LAX,CDG,33.9425,-118.4081,49.0097,2.5479,Business,6215.0,690,260.0,0.0,466.98,200,Yes,
FL9847,2023-02-07 - 22:30:21,Air France,SIN,CDG,1.3644,103.9915,49.0097,2.5479,Economy,7970.0,720,378.0,36.0,,340,Yes,
FL8409,2023-03-03 - 21:56:43,Ryanair,LAX,DXB,33.9425,-118.4081,25.2532,55.3657,Economy,9489.0,722,,22.0,626.94,314,No,
FL8708,2023-01-16 - 18:46:13,Emirates,SIN,NRT,1.3644,103.9915,35.772,140.3929,Economy,12367.0,605,124.0,0.0,576.71,392,Yes,
FL5053,2023-06-15 - 09:48:19,Lufthansa,SYD,CDG,-33.9399,151.1753,49.0097,2.5479,Economy,12305.0,127,632.0,0.0,1897.66,166,Early,
FL2447,2023-01-21 - 15:18:54,British Airways,SIN,NRT,1.3644,103.9915,35.772,140.3929,Economy,8843.0,592,313.0,22.0,144.03,288,No,
FL1610,2023-06-10 - 13:15:38,Air France,FRA,NRT,50.0379,8.5622,35.772,140.3929,Economy,4892.0,606,833.0,7.0,1162.12,93,Yes,
FL6984,2024-03-05 - 18:12:36,American,DXB,SYD,25.2532,55.3657,-33.9399,151.1753,Business,13109.0,676,151.0,0.0,750.94,179,No,
FL3498,2023-02-25 - 12:58:49,Emirates,LHR,SIN,51.47,-0.4543,1.3644,103.9915,Economy,2920.0,847,863.0,0.0,310.64,168,Yes,
FL5814,2023-02-11 - 13:54:51,Ryanair,NRT,SIN,35.772,140.3929,1.3644,103.9915,First,5571.0,762,,10.0,1065.47,197,No,
FL6200,2023-09-30 - 20:21:28,Emirates,DXB,CDG,25.2532,55.3657,49.0097,2.5479,First,3946.0,115,731.0,24.0,280.0,84,Early,
FL6616,2023-08-30 - 14:06:04,Lufthansa,ORD,DXB,41.9742,-87.9073,25.2532,55.3657,Economy,8850.0,283,198.0,55.0,,303,Yes,
FL2749,2023-02-10 - 01:29:38,United,SYD,LAX,-33.9399,151.1753,33.9425,-118.4081,Business,11676.0,548,,32.0,544.67,379,Yes,
FL9554,2023-01-25 - 06:43:25,American,FRA,LHR,50.0379,8.5622,51.47,-0.4543,Economy,9743.0,407,522.0,0.0,568.23,234,Yes,
FL9835,2024-06-12 - 16:48:33,Ryanair,NRT,SYD,35.772,140.3929,-33.9399,151.1753,Economy,9949.0,792,131.0,0.0,417.85,113,Yes,
FL1980,2023-06-14 - 04:40:09,United,FRA,SYD,50.0379,8.5622,-33.9399,151.1753,Economy,5628.0,623,794.0,25.0,242.38,281,No,
FL3302,2024-04-23 - 07:39:27,Lufthansa,NRT,FRA,35.772,140.3929,50.0379,8.5622,Economy,5166.0,127,255.0,7.0,275.05,93,No,
FL2473,2023-10-26 - 08:13:04,British Airways,SIN,NRT,1.3644,103.9915,35.772,140.3929,Economy,4165.0,253,834.0,0.0,397.79,118,No,
FL5873,2023-02-20 - 01:52:03,Emirates,JFK,FRA,40.6413,-73.7781,50.0379,8.5622,Business,14504.0,658,762.0,0.0,409.12,385,Yes,
FL5929,2023-03-17 - 06:26:36,Lufthansa,CDG,LAX,49.0097,2.5479,33.9425,-118.4081,Economy,10384.0,315,592.0,32.0,236.34,260,Yes,
FL8500,2023-05-16 - 08:41:05,Emirates,ORD,LHR,41.9742,-87.9073,51.47,-0.4543,Economy,11514.0,803,861.0,0.0,552.77,213,Yes,
FL1375,2024-05-18 - 04:56:57,Lufthansa,ORD,NRT,41.9742,-87.9073,35.772,140.3929,Economy,4456.0,624,783.0,20.0,270.96,381,No,Crew
FL5651,2023-09-18 - 09:42:43,British Airways,CDG,NRT,49.0097,2.5479,35.772,140.3929,Economy,14123.0,218,225.0,2.0,531.18,316,Yes,
FL2905,2023-12-04 - 11:51:35,Emirates,DXB,NRT,25.2532,55.3657,35.772,140.3929,Economy,2322.0,619,918.0,22.0,1822.71,286,No,
FL1073,2023-01-30 - 10:33:09,Delta,DXB,JFK,25.2532,55.3657,40.6413,-73.7781,Economy,5502.0,781,,2.0,89.96,116,No,
FL2042,2024-06-30 - 00:00:00,United,FRA,DXB,50.0379,8.5622,25.2532,55.3657,Economy,6471.0,140,691.0,0.0,573.41,380,Yes,
FL8947,2023-08-12 - 16:20:32,Emirates,CDG,SIN,49.0097,2.5479,1.3644,103.9915,Business,14790.0,155,295.0,,237.96,283,No,
FL7977,2023-12-23 - 22:02:20,American,DXB,CDG,25.2532,55.3657,49.0097,2.5479,First,10559.0,168,934.0,10.0,65.99,202,Yes,
FL8997,2023-01-31 - 22:58:21,British Airways,LHR,NRT,51.47,-0.4543,35.772,140.3929,Economy,9699.0,800,806.0,194.0,627.79,387,Yes,
FL2037,2023-05-12 - 17:16:34,Lufthansa,SYD,JFK,-33.9399,151.1753,40.6413,-73.7781,Economy,4096.0,858,123.0,0.0,528.81,116,Yes,
FL2491,2023-01-23 - 11:01:10,Lufthansa,NRT,ORD,35.772,140.3929,41.9742,-87.9073,Economy,5274.0,649,619.0,138.0,812.88,148,Yes,
FL1941,2024-05-12 - 10:33:09,Emirates,CDG,FRA,49.0097,2.5479,50.0379,8.5622,Economy,9462.0,763,64.0,14.0,253.27,316,Early,
FL1378,2023-12-01 - 18:18:12,Air France,CDG,JFK,49.0097,2.5479,40.6413,-73.7781,Economy,5467.0,112,203.0,0.0,191.31,294,No,
FL9112,2023-10-06 - 14:45:17,Air France,CDG,ORD,49.0097,2.5479,41.9742,-87.9073,Economy,2368.0,511,773.0,22.0,935.68,139,Early,
FL9202,2024-04-21 - 19:14:14,Ryanair,LHR,ORD,51.47,-0.4543,41.9742,-87.9073,Economy,8606.0,424,165.0,21.0,211.96,404,No,
FL6020,2024-05-11 - 12:42:01,British Airways,DXB,CDG,25.2532,55.3657,49.0097,2.5479,Economy,10084.0,382,357.0,0.0,,358,No,
FL4391,2024-03-27 - 00:05:36,United,LHR,NRT,51.47,-0.4543,35.772,140.3929,Economy,3734.0,61,330.0,12.0,585.03,247,No,
FL8768,2023-08-20 - 06:26:36,British Airways,JFK,LAX,40.6413,-73.7781,33.9425,-118.4081,Business,5784.0,861,802.0,31.0,465.59,263,Yes,
FL9131,2023-10-28 - 03:55:19,British Airways,SYD,CDG,-33.9399,151.1753,49.0097,2.5479,Economy,3948.0,245,84.0,0.0,,148,Yes,
FL3821,2023-04-28 - 18:12:36,Lufthansa,FRA,LAX,50.0379,8.5622,33.9425,-118.4081,Economy,13627.0,406,566.0,23.0,274.92,237,Yes,
FL3948,2023-03-13 - 07:45:03,American,NRT,JFK,35.772,140.3929,40.6413,-73.7781,Economy,5294.0,152,868.0,16.0,318.81,200,No,
FL3348,2023-03-23 - 00:50:25,Delta,NRT,ORD,35.772,140.3929,41.9742,-87.9073,Business,2954.0,673,815.0,0.0,181.02,243,Yes,
FL4195,2023-11-27 - 19:36:39,British Airways,SIN,FRA,1.3644,103.9915,50.0379,8.5622,Economy,4891.0,466,111.0,0.0,446.65,81,Yes,
FL1076,2023-02-05 - 12:14:00,Delta,LAX,ORD,33.9425,-118.4081,41.9742,-87.9073,Economy,5997.0,609,,12.0,138.09,267,Early,
FL2195,2024-03-22 - 18:07:00,United,NRT,LHR,35.772,140.3929,51.47,-0.4543,Economy,721.0,562,843.0,0.0,233.14,364,No,
FL2007,2023-07-24 - 06:09:48,Emirates,NRT,LHR,35.772,140.3929,51.47,-0.4543,Economy,9395.0,725,280.0,1.0,723.69,131,Yes,
FL8162,2023-03-17 - 13:43:39,Ryanair,LHR,LAX,51.47,-0.4543,33.9425,-118.4081,Business,7649.0,824,153.0,176.0,1191.47,80,Yes,
FL9410,2024-06-21 - 12:02:48,British Airways,LHR,SYD,51.47,-0.4543,-33.9399,151.1753,Economy,1518.0,636,216.0,8.0,235.9,401,Yes,
FL1750,2023-01-29 - 12:42:01,United,SIN,ORD,1.3644,103.9915,41.9742,-87.9073,Economy,2142.0,78,279.0,0.0,442.83,319,Yes,
FL9748,2023-01-11 - 00:22:24,United,SYD,LAX,-33.9399,151.1753,33.9425,-118.4081,Economy,12537.0,817,320.0,11.0,400.33,231,Yes,
FL8872,2024-02-11 - 02:03:16,Emirates,ORD,LHR,41.9742,-87.9073,51.47,-0.4543,Economy,8838.0,605,401.0,2.0,2804.56,239,Yes,
FL7184,2024-04-09 - 15:52:31,British Airways,NRT,CDG,35.772,140.3929,49.0097,2.5479,Economy,7987.0,717,753.0,0.0,258.45,191,No,
FL3814,2023-05-16 - 23:15:10,Air France,JFK,ORD,40.6413,-73.7781,41.9742,-87.9073,Business,14219.0,747,325.0,1.0,,124,Early,
FL6031,2023-08-06 - 07:22:38,American,FRA,CDG,50.0379,8.5622,49.0097,2.5479,Economy,13742.0,845,288.0,12.0,389.41,298,Yes,
FL4338,2024-04-22 - 17:05:22,American,ORD,SYD,41.9742,-87.9073,-33.9399,151.1753,Economy,13355.0,623,390.0,0.0,,341,Yes,
FL6490,2024-02-26 - 13:32:27,United,SIN,CDG,1.3644,103.9915,49.0097,2.5479,Economy,3549.0,635,283.0,2.0,1314.18,320,No,
FL2895,2023-01-01 - 00:00:00,Emirates,LAX,FRA,33.9425,-118.4081,50.0379,8.5622,Economy,11464.0,551,214.0,55.0,48.34,410,Yes,
FL4309,2024-01-16 - 21:28:42,American,LHR,JFK,51.47,-0.4543,40.6413,-73.7781,Business,5557.0,591,905.0,49.0,1017.52,355,No,
FL1830,2023-01-25 - 21:17:30,Ryanair,SYD,SIN,-33.9399,151.1753,1.3644,103.9915,Economy,7706.0,683,597.0,0.0,130.42,250,No,
FL6715,2023-12-24 - 12:36:25,Lufthansa,FRA,JFK,50.0379,8.5622,40.6413,-73.7781,Economy,6867.0,635,62.0,0.0,121.96,301,Yes,
FL1594,2023-07-25 - 04:00:56,Lufthansa,NRT,LAX,35.772,140.3929,33.9425,-118.4081,Economy,10248.0,484,804.0,8.0,177.71,308,Yes,
FL8445,2024-02-07 - 10:38:45,Air France,FRA,JFK,50.0379,8.5622,40.6413,-73.7781,Economy,612.0,624,622.0,6.0,155.88,336,Early,Technical
FL2042,2023-11-14 - 11:06:46,American,FRA,LHR,50.0379,8.5622,51.47,-0.4543,Business,3682.0,560,209.0,54.0,101.4,126,No,
FL3170,2023-08-22 - 16:42:57,Lufthansa,FRA,SIN,50.0379,8.5622,1.3644,103.9915,Economy,12965.0,429,873.0,0.0,922.95,391,No,
FL2755,2023-12-05 - 16:59:45,United,SIN,NRT,1.3644,103.9915,35.772,140.3929,Economy,14723.0,222,293.0,96.0,210.11,290,No,
FL3951,2024-04-14 - 19:42:15,Emirates,DXB,ORD,25.2532,55.3657,41.9742,-87.9073,Economy,12757.0,254,569.0,0.0,623.54,202,No,
FL5573,2024-03-15 - 18:35:01,British Airways,JFK,CDG,40.6413,-73.7781,49.0097,2.5479,Economy,14366.0,719,263.0,0.0,804.73,201,No,
FL2463,2024-02-18 - 01:35:15,Lufthansa,LAX,LHR,33.9425,-118.4081,51.47,-0.4543,Economy,6013.0,837,636.0,10.0,560.17,335,Yes,
FL8510,2023-05-03 - 14:45:17,American,LHR,FRA,51.47,-0.4543,50.0379,8.5622,Economy,9307.0,565,603.0,0.0,214.94,185,No,
FL8438,2024-06-26 - 08:35:29,Air France,DXB,JFK,25.2532,55.3657,40.6413,-73.7781,Economy,7380.0,121,783.0,2.0,385.39,364,No,
FL5333,2024-01-02 - 00:33:37,Emirates,CDG,SYD,49.0097,2.5479,-33.9399,151.1753,Business,9593.0,701,695.0,16.0,257.91,158,Yes,
FL1776,2023-02-01 - 13:32:27,Delta,NRT,LHR,35.772,140.3929,51.47,-0.4543,First,11181.0,755,,0.0,352.96,177,No,
FL2607,2023-07-28 - 19:25:26,United,SYD,ORD,-33.9399,151.1753,41.9742,-87.9073,Business,3248.0,386,545.0,27.0,101.65,147,Yes,
FL8180,2023-12-28 - 18:35:01,Emirates,DXB,JFK,25.2532,55.3657,40.6413,-73.7781,Economy,2819.0,269,778.0,3.0,437.32,293,Yes,
FL7276,2023-09-08 - 16:37:21,Ryanair,ORD,NRT,41.9742,-87.9073,35.772,140.3929,Economy,7215.0,492,340.0,67.0,143.91,309,Early,
FL9143,2023-01-19 - 19:36:39,Lufthansa,CDG,SIN,49.0097,2.5479,1.3644,103.9915,Business,1096.0,527,819.0,0.0,448.25,112,Yes,
FL6102,2023-09-16 - 14:00:28,Delta,FRA,CDG,50.0379,8.5622,49.0097,2.5479,First,2157.0,102,807.0,0.0,293.73,243,No,
FL1537,2024-01-10 - 12:30:49,Air France,DXB,LAX,25.2532,55.3657,33.9425,-118.4081,First,4563.0,235,356.0,20.0,411.97,148,No,Technical
FL9674,2023-03-09 - 16:20:32,Emirates,FRA,ORD,50.0379,8.5622,41.9742,-87.9073,Economy,6622.0,370,625.0,41.0,152.97,278,No,
FL9981,2023-02-14 - 00:11:12,Ryanair,JFK,CDG,40.6413,-73.7781,49.0097,2.5479,Economy,9716.0,598,120.0,72.0,189.62,395,Yes,
FL1235,2023-11-27 - 05:02:34,Emirates,NRT,SIN,35.772,140.3929,1.3644,103.9915,First,4061.0,615,515.0,0.0,404.43,283,Yes,
FL2406,2023-04-24 - 04:56:57,Lufthansa,DXB,FRA,25.2532,55.3657,50.0379,8.5622,Business,9173.0,371,387.0,,1631.4,188,No,
FL8879,2024-01-29 - 08:07:28,Emirates,ORD,JFK,41.9742,-87.9073,40.6413,-73.7781,Economy,13840.0,439,784.0,136.0,397.0,117,Yes,
FL7045,2024-05-21 - 20:21:28,Lufthansa,JFK,LAX,40.6413,-73.7781,33.9425,-118.4081,Economy,1025.0,625,181.0,0.0,421.57,280,Yes,
FL8691,2024-02-19 - 14:00:28,American,NRT,SIN,35.772,140.3929,1.3644,103.9915,Economy,4531.0,241,675.0,18.0,88.82,218,No,
FL3978,2024-03-21 - 05:41:47,Emirates,SYD,DXB,-33.9399,151.1753,25.2532,55.3657,Economy,6886.0,227,560.0,0.0,855.46,393,Yes,
FL7191,2024-05-30 - 22:52:45,American,FRA,JFK,50.0379,8.5622,40.6413,-73.7781,Economy,4953.0,285,882.0,79.0,60.52,218,Yes,
FL1416,2023-01-03 - 17:33:23,American,DXB,ORD,25.2532,55.3657,41.9742,-87.9073,Economy,12728.0,415,789.0,0.0,286.98,163,No,
FL4159,2023-05-17 - 06:32:13,Delta,CDG,NRT,49.0097,2.5479,35.772,140.3929,Economy,10524.0,449,709.0,0.0,257.41,83,Yes,
FL2583,2023-08-03 - 21:06:18,Ryanair,SIN,NRT,1.3644,103.9915,35.772,140.3929,Economy,8847.0,124,,54.0,282.96,402,Yes,
FL1775,2023-03-19 - 09:25:54,Air France,CDG,LHR,49.0097,2.5479,51.47,-0.4543,Economy,10245.0,63,920.0,41.0,855.25,237,Yes,
FL6484,2023-09-25 - 16:31:45,United,SYD,LHR,-33.9399,151.1753,51.47,-0.4543,Economy,4893.0,242,357.0,0.0,349.05,299,Early,
FL9089,2023-04-29 - 01:29:38,Emirates,ORD,LAX,41.9742,-87.9073,33.9425,-118.4081,Economy,3095.0,859,790.0,15.0,861.38,210,Yes,
FL2063,2023-10-03 - 13:54:51,Emirates,LAX,DXB,33.9425,-118.4081,25.2532,55.3657,Economy,12033.0,400,379.0,41.0,580.18,347,Yes,
FL4060,2023-10-08 - 10:27:32,Lufthansa,FRA,SIN,50.0379,8.5622,1.3644,103.9915,Economy,8135.0,883,747.0,0.0,322.66,262,Yes,
FL3042,2024-04-19 - 16:14:56,United,ORD,FRA,41.9742,-87.9073,50.0379,8.5622,Economy,2819.0,152,285.0,8.0,122.73,266,No,
FL7057,2023-12-10 - 06:15:24,American,DXB,FRA,25.2532,55.3657,50.0379,8.5622,Economy,14789.0,487,125.0,0.0,,334,Yes,
FL6450,2023-05-20 - 14:39:41,Emirates,ORD,FRA,41.9742,-87.9073,50.0379,8.5622,Economy,13368.0,683,294.0,28.0,193.26,82,Yes,Technical
FL6899,2023-12-19 - 08:46:41,Air France,LHR,LAX,51.47,-0.4543,33.9425,-118.4081,Economy,11032.0,559,449.0,0.0,479.31,346,Yes,
FL5252,2023-10-18 - 18:07:00,British Airways,FRA,LAX,50.0379,8.5622,33.9425,-118.4081,Economy,10097.0,459,257.0,0.0,200.5,337,Yes,
FL4268,2023-06-02 - 01:18:26,Ryanair,NRT,ORD,35.772,140.3929,41.9742,-87.9073,Economy,4741.0,615,756.0,34.0,,172,Yes,
FL5003,2023-08-13 - 06:54:37,Emirates,SIN,NRT,1.3644,103.9915,35.772,140.3929,Economy,6199.0,655,812.0,25.0,810.32,340,Yes,
FL3228,2024-05-27 - 22:02:20,Ryanair,NRT,SYD,35.772,140.3929,-33.9399,151.1753,First,11634.0,791,,49.0,178.88,218,No,
FL9496,2023-09-21 - 10:33:09,Lufthansa,LAX,CDG,33.9425,-118.4081,49.0097,2.5479,Economy,14123.0,62,354.0,0.0,587.73,119,Yes,
FL7197,2023-08-10 - 20:38:17,Ryanair,ORD,FRA,41.9742,-87.9073,50.0379,8.5622,Economy,12996.0,436,890.0,38.0,664.54,145,Yes,
FL2148,2023-06-13 - 14:06:04,Ryanair,ORD,LHR,41.9742,-87.9073,51.47,-0.4543,First,1604.0,474,,7.0,1691.48,118,No,
FL7857,2023-07-31 - 12:58:49,British Airways,SYD,NRT,-33.9399,151.1753,35.772,140.3929,First,5584.0,803,515.0,0.0,336.24,176,Yes,
FL2984,2024-01-21 - 18:01:24,American,SYD,JFK,-33.9399,151.1753,40.6413,-73.7781,Economy,4668.0,851,805.0,116.0,1349.83,306,No,
FL1746,2024-04-06 - 15:02:06,United,SIN,LAX,1.3644,103.9915,33.9425,-118.4081,Economy,14234.0,410,189.0,15.0,235.04,130,Yes,
FL8225,2023-11-09 - 21:51:07,Delta,DXB,LAX,25.2532,55.3657,33.9425,-118.4081,First,13744.0,421,505.0,4.0,58.35,122,No,
FL3644,2023-04-23 - 21:39:55,Emirates,CDG,ORD,49.0097,2.5479,41.9742,-87.9073,Economy,9933.0,275,350.0,110.0,365.41,374,No,
FL2143,2023-07-22 - 10:27:32,Ryanair,SIN,NRT,1.3644,103.9915,35.772,140.3929,Economy,8781.0,786,700.0,76.0,245.75,365,Yes,
FL3289,2024-05-02 - 02:53:41,American,SYD,FRA,-33.9399,151.1753,50.0379,8.5622,Economy,10862.0,182,236.0,0.0,231.8,85,Yes,
FL4660,2023-04-19 - 08:24:16,Emirates,SIN,FRA,1.3644,103.9915,50.0379,8.5622,Economy,13501.0,431,126.0,44.0,289.38,158,No,Technical
FL4023,2023-10-21 - 11:40:23,United,LAX,ORD,33.9425,-118.4081,41.9742,-87.9073,Business,9328.0,405,579.0,5.0,138.48,94,Early,
FL9059,2023-08-26 - 15:24:30,Delta,SYD,LHR,-33.9399,151.1753,51.47,-0.4543,Business,5526.0,98,512.0,8.0,205.13,285,Yes,
FL5358,2023-08-12 - 01:46:27,Emirates,JFK,SYD,40.6413,-73.7781,-33.9399,151.1753,Business,9677.0,172,662.0,27.0,241.04,180,No,
FL9400,2023-11-11 - 02:59:17,Emirates,LHR,SYD,51.47,-0.4543,-33.9399,151.1753,Economy,2961.0,335,799.0,0.0,556.58,238,Yes,
FL4859,2023-10-22 - 09:31:31,British Airways,LHR,FRA,51.47,-0.4543,50.0379,8.5622,Economy,8786.0,533,704.0,20.0,510.61,346,No,
FL4585,2024-03-16 - 01:52:03,Lufthansa,LAX,LHR,33.9425,-118.4081,51.47,-0.4543,Business,13830.0,419,494.0,0.0,231.45,374,Yes,
FL2696,2024-02-17 - 11:01:10,United,NRT,LAX,35.772,140.3929,33.9425,-118.4081,Economy,13822.0,223,454.0,31.0,725.41,222,Yes,
FL5731,2024-05-09 - 16:59:45,Lufthansa,DXB,CDG,25.2532,55.3657,49.0097,2.5479,Economy,2921.0,187,656.0,20.0,684.08,108,No,
FL8613,2024-04-16 - 15:24:30,Emirates,LHR,ORD,51.47,-0.4543,41.9742,-87.9073,Economy,10458.0,858,620.0,20.0,461.4,389,Early,
FL5947,2024-04-23 - 00:22:24,Emirates,LHR,ORD,51.47,-0.4543,41.9742,-87.9073,Business,1061.0,138,257.0,0.0,861.98,416,Yes,
FL7251,2023-09-26 - 14:22:52,Lufthansa,CDG,FRA,49.0097,2.5479,50.0379,8.5622,Economy,10113.0,579,169.0,9.0,135.74,90,Early,
FL3627,2023-01-24 - 23:26:22,American,CDG,DXB,49.0097,2.5479,25.2532,55.3657,First,14024.0,65,870.0,0.0,672.74,93,No,Technical
FL8588,2023-09-05 - 01:12:50,British Airways,SIN,DXB,1.3644,103.9915,25.2532,55.3657,Economy,6270.0,870,754.0,0.0,2787.83,101,No,
FL7642,2023-12-23 - 14:45:17,Lufthansa,DXB,CDG,25.2532,55.3657,49.0097,2.5479,Economy,1161.0,453,265.0,84.0,546.59,377,Yes,
FL4272,2023-07-23 - 15:35:43,United,SYD,ORD,-33.9399,151.1753,41.9742,-87.9073,Economy,8383.0,520,915.0,0.0,272.2,286,Yes,
FL4790,2024-03-01 - 19:31:03,Air France,CDG,NRT,49.0097,2.5479,35.772,140.3929,Economy,949.0,701,79.0,0.0,134.86,132,Yes,
FL2986,2023-01-18 - 07:11:26,United,LHR,NRT,51.47,-0.4543,35.772,140.3929,Economy,14416.0,871,520.0,0.0,306.47,137,Yes,
FL9139,2023-02-10 - 08:46:41,United,JFK,ORD,40.6413,-73.7781,41.9742,-87.9073,Business,8751.0,524,424.0,104.0,1996.26,160,Yes,Operational
FL9241,2023-12-12 - 23:48:47,Delta,DXB,LAX,25.2532,55.3657,33.9425,-118.4081,Business,7466.0,596,696.0,9.0,403.93,176,No,
FL2664,2023-10-11 - 04:00:56,Emirates,CDG,SYD,49.0097,2.5479,-33.9399,151.1753,Economy,1632.0,870,638.0,0.0,626.32,83,Early,
FL7060,2024-04-13 - 21:51:07,Delta,SYD,NRT,-33.9399,151.1753,35.772,140.3929,Business,5316.0,528,779.0,21.0,276.48,86,No,
FL4298,2023-09-07 - 18:46:13,Ryanair,FRA,LHR,50.0379,8.5622,51.47,-0.4543,Economy,7941.0,307,657.0,0.0,234.14,219,Yes,
FL6245,2023-06-02 - 23:09:34,Emirates,FRA,ORD,50.0379,8.5622,41.9742,-87.9073,Business,10496.0,140,941.0,24.0,536.89,330,Yes,
FL7679,2024-05-07 - 21:17:30,Lufthansa,DXB,JFK,25.2532,55.3657,40.6413,-73.7781,Economy,13112.0,571,877.0,28.0,141.74,95,Yes,
FL5518,2023-04-16 - 07:33:51,Delta,LAX,CDG,33.9425,-118.4081,49.0097,2.5479,Economy,10685.0,842,935.0,0.0,560.47,360,Yes,
FL4315,2023-04-28 - 03:38:31,Lufthansa,FRA,LHR,50.0379,8.5622,51.47,-0.4543,Economy,9788.0,131,,54.0,372.62,307,Yes,
FL8935,2023-11-07 - 18:51:49,Emirates,DXB,NRT,25.2532,55.3657,35.772,140.3929,Economy,5773.0,190,418.0,9.0,571.88,180,Yes,
FL2654,2023-09-29 - 07:56:15,British Airways,SYD,LHR,-33.9399,151.1753,51.47,-0.4543,Business,9043.0,249,407.0,54.0,500.73,324,No,
FL3155,2023-09-09 - 07:11:26,British Airways,NRT,JFK,35.772,140.3929,40.6413,-73.7781,Business,5316.0,369,,51.0,71.18,215,Yes,
FL5889,2024-06-07 - 12:58:49,Emirates,NRT,DXB,35.772,140.3929,25.2532,55.3657,First,7238.0,569,142.0,10.0,332.31,167,Yes,
FL2681,2023-05-25 - 03:55:19,Air France,NRT,LHR,35.772,140.3929,51.47,-0.4543,Business,3514.0,661,192.0,17.0,490.99,136,No,
FL1742,2024-02-13 - 05:02:34,Emirates,SIN,CDG,1.3644,103.9915,49.0097,2.5479,Economy,13714.0,899,730.0,67.0,514.62,295,Yes,
FL4321,2024-06-06 - 22:24:44,British Airways,NRT,DXB,35.772,140.3929,25.2532,55.3657,Economy,8523.0,468,,52.0,1616.81,199,Yes,
FL5130,2023-07-17 - 21:11:54,United,FRA,CDG,50.0379,8.5622,49.0097,2.5479,Economy,12415.0,562,,0.0,273.62,184,Early,
FL5532,2023-02-22 - 04:51:21,Lufthansa,LAX,ORD,33.9425,-118.4081,41.9742,-87.9073,Economy,3038.0,676,,10.0,1466.02,345,Yes,
FL7434,2023-12-15 - 17:22:10,British Airways,NRT,LAX,35.772,140.3929,33.9425,-118.4081,Economy,9316.0,321,321.0,0.0,149.03,314,Yes,
FL8389,2023-01-12 - 12:47:37,Ryanair,LHR,CDG,51.47,-0.4543,49.0097,2.5479,Economy,1701.0,863,132.0,0.0,251.62,316,Yes,
FL1694,2023-08-05 - 09:31:31,Air France,FRA,JFK,50.0379,8.5622,40.6413,-73.7781,Business,5891.0,90,751.0,1.0,103.58,207,No,
FL8423,2023-01-28 - 07:33:51,Ryanair,DXB,ORD,25.2532,55.3657,41.9742,-87.9073,Economy,2815.0,660,310.0,68.0,275.88,316,Yes,
FL5750,2024-06-19 - 16:20:32,Air France,SIN,CDG,1.3644,103.9915,49.0097,2.5479,Economy,1975.0,807,765.0,1.0,408.04,180,Yes,Weather
FL1099,2023-09-23 - 13:32:27,American,LAX,FRA,33.9425,-118.4081,50.0379,8.5622,Economy,6075.0,391,426.0,6.0,316.97,339,Yes,
FL6053,2024-01-09 - 21:56:43,British Airways,CDG,FRA,49.0097,2.5479,50.0379,8.5622,Business,13383.0,792,618.0,28.0,324.84,315,Yes,
FL8790,2023-11-28 - 17:27:46,Emirates,ORD,LAX,41.9742,-87.9073,33.9425,-118.4081,Economy,7951.0,367,305.0,0.0,240.05,363,Yes,
FL7293,2023-12-17 - 13:04:26,Emirates,CDG,FRA,49.0097,2.5479,50.0379,8.5622,Economy,4328.0,838,713.0,9.0,145.65,356,Yes,
FL9130,2024-02-06 - 05:30:35,Air France,LAX,SIN,33.9425,-118.4081,1.3644,103.9915,Economy,6535.0,357,,19.0,115.41,263,Yes,
FL3865,2024-06-25 - 10:44:21,United,NRT,ORD,35.772,140.3929,41.9742,-87.9073,Business,10336.0,730,574.0,0.0,277.5,122,Yes,
FL8209,2023-06-01 - 10:44:21,Lufthansa,LHR,FRA,51.47,-0.4543,50.0379,8.5622,Economy,12490.0,640,103.0,0.0,732.3,312,No,
FL7420,2023-04-13 - 14:00:28,United,LAX,JFK,33.9425,-118.4081,40.6413,-73.7781,Economy,8836.0,641,428.0,4.0,109.88,112,No,
FL7449,2023-12-27 - 13:26:50,Air France,JFK,DXB,40.6413,-73.7781,25.2532,55.3657,Economy,3261.0,793,514.0,0.0,161.47,196,Yes,
FL8434,2023-01-09 - 11:57:11,United,DXB,ORD,25.2532,55.3657,41.9742,-87.9073,Economy,4143.0,480,930.0,17.0,63.48,323,No,
FL5078,2024-01-02 - 15:07:42,Delta,CDG,ORD,49.0097,2.5479,41.9742,-87.9073,Business,9290.0,581,719.0,0.0,1083.65,260,Yes,
FL6138,2024-05-20 - 00:39:13,Emirates,LHR,SYD,51.47,-0.4543,-33.9399,151.1753,Economy,10198.0,780,,13.0,452.32,395,Yes,
FL6984,2023-10-14 - 19:25:26,Air France,DXB,JFK,25.2532,55.3657,40.6413,-73.7781,Economy,1532.0,151,141.0,0.0,1101.69,403,Yes,
FL6444,2023-02-21 - 07:00:14,United,LHR,LAX,51.47,-0.4543,33.9425,-118.4081,Economy,3570.0,849,,27.0,336.07,231,Yes,
FL3329,2024-05-05 - 11:01:10,Emirates,NRT,SIN,35.772,140.3929,1.3644,103.9915,Economy,8630.0,613,283.0,54.0,517.24,393,Yes,
FL8858,2023-10-04 - 19:03:02,Delta,SIN,NRT,1.3644,103.9915,35.772,140.3929,First,6868.0,501,69.0,0.0,1006.48,163,Early,
FL4018,2023-05-30 - 00:28:00,Delta,ORD,SYD,41.9742,-87.9073,-33.9399,151.1753,Economy,3245.0,698,,71.0,131.55,105,Yes,
FL4110,2023-10-17 - 05:41:47,Ryanair,SYD,FRA,-33.9399,151.1753,50.0379,8.5622,Economy,1958.0,239,144.0,90.0,92.45,238,No,
FL3131,2023-11-29 - 22:35:57,American,CDG,FRA,49.0097,2.5479,50.0379,8.5622,Economy,7268.0,493,,2.0,,413,Yes,
FL2306,2023-11-10 - 05:08:10,American,LAX,JFK,33.9425,-118.4081,40.6413,-73.7781,Economy,3920.0,490,939.0,14.0,,92,No,
FL9127,2023-06-28 - 03:44:07,Ryanair,SIN,FRA,1.3644,103.9915,50.0379,8.5622,Economy,11124.0,297,446.0,4.0,1275.87,239,No,
FL2339,2023-08-16 - 15:02:06,Delta,NRT,SYD,35.772,140.3929,-33.9399,151.1753,Economy,2677.0,753,204.0,10.0,249.99,369,Yes,
FL4423,2023-07-19 - 09:37:07,Air France,JFK,NRT,40.6413,-73.7781,35.772,140.3929,Business,13221.0,453,687.0,0.0,141.86,265,Yes,Technical
FL5782,2023-03-13 - 00:28:00,Delta,CDG,ORD,49.0097,2.5479,41.9742,-87.9073,Economy,9433.0,258,489.0,18.0,1841.27,294,Yes,
FL1546,2023-08-11 - 03:55:19,Ryanair,NRT,SIN,35.772,140.3929,1.3644,103.9915,Economy,9834.0,307,898.0,62.0,92.83,130,Yes,
FL5983,2024-04-01 - 03:55:19,Lufthansa,SIN,LAX,1.3644,103.9915,33.9425,-118.4081,Economy,2648.0,791,351.0,9.0,289.37,143,Yes,
FL1238,2023-12-17 - 20:21:28,Emirates,NRT,JFK,35.772,140.3929,40.6413,-73.7781,Economy,7396.0,125,382.0,5.0,188.54,98,No,
FL5956,2024-02-12 - 21:45:31,Emirates,LHR,SYD,51.47,-0.4543,-33.9399,151.1753,Business,8483.0,800,887.0,95.0,118.05,390,Yes,
FL2670,2024-03-28 - 19:47:51,United,FRA,LAX,50.0379,8.5622,33.9425,-118.4081,Business,13849.0,321,470.0,0.0,213.71,214,No,
FL7794,2023-10-11 - 11:17:58,Emirates,ORD,CDG,41.9742,-87.9073,49.0097,2.5479,Economy,4222.0,301,600.0,0.0,308.37,209,Yes,
FL2962,2024-01-02 - 22:24:44,Lufthansa,ORD,SYD,41.9742,-87.9073,-33.9399,151.1753,First,7290.0,101,,0.0,341.27,227,Yes,
FL8028,2023-11-20 - 05:30:35,Emirates,LAX,FRA,33.9425,-118.4081,50.0379,8.5622,Economy,7742.0,834,818.0,0.0,459.7,127,No,
FL1446,2023-02-02 - 18:40:37,Ryanair,NRT,LAX,35.772,140.3929,33.9425,-118.4081,Economy,4276.0,567,151.0,3.0,321.77,415,Early,
FL1107,2024-03-04 - 13:04:26,Lufthansa,NRT,ORD,35.772,140.3929,41.9742,-87.9073,Economy,12423.0,219,329.0,0.0,517.65,232,Yes,Weather
FL3129,2023-06-22 - 09:20:18,Air France,NRT,SIN,35.772,140.3929,1.3644,103.9915,Economy,10596.0,468,224.0,35.0,,416,Early,
FL6495,2023-12-21 - 04:28:56,Air France,ORD,NRT,41.9742,-87.9073,35.772,140.3929,Economy,2178.0,524,450.0,12.0,,132,Yes,
FL4325,2023-12-23 - 07:28:14,Air France,SYD,NRT,-33.9399,151.1753,35.772,140.3929,Economy,9750.0,724,637.0,73.0,505.03,122,Yes,
FL1018,2023-09-28 - 02:48:05,Emirates,DXB,LAX,25.2532,55.3657,33.9425,-118.4081,First,13329.0,548,490.0,6.0,529.68,354,Yes,
FL3743,2023-10-15 - 09:59:31,British Airways,FRA,LAX,50.0379,8.5622,33.9425,-118.4081,Business,768.0,130,364.0,0.0,478.17,282,Yes,
FL9147,2023-11-15 - 01:40:51,United,SIN,CDG,1.3644,103.9915,49.0097,2.5479,Economy,3878.0,895,709.0,,338.31,389,Yes,
FL6831,2024-01-10 - 05:13:46,Ryanair,ORD,NRT,41.9742,-87.9073,35.772,140.3929,First,6527.0,759,,0.0,78.2,157,No,
FL4442,2024-01-15 - 16:20:32,Ryanair,ORD,NRT,41.9742,-87.9073,35.772,140.3929,First,10490.0,315,155.0,61.0,217.81,370,Yes,
FL3561,2024-04-11 - 11:34:47,Delta,NRT,LAX,35.772,140.3929,33.9425,-118.4081,Economy,3259.0,711,,15.0,311.42,89,Yes,
FL9444,2023-09-26 - 07:05:50,Air France,LAX,ORD,33.9425,-118.4081,41.9742,-87.9073,Economy,3902.0,382,168.0,0.0,,186,Yes,
FL7360,2024-04-10 - 21:00:42,Air France,LAX,JFK,33.9425,-118.4081,40.6413,-73.7781,Business,12663.0,246,389.0,138.0,540.95,242,No,
FL1340,2023-09-15 - 23:26:22,Emirates,SYD,NRT,-33.9399,151.1753,35.772,140.3929,First,3114.0,546,475.0,0.0,442.72,178,Yes,
FL1537,2023-08-11 - 18:29:24,Emirates,ORD,FRA,41.9742,-87.9073,50.0379,8.5622,Economy,5883.0,455,,0.0,557.69,205,Yes,
FL9281,2023-08-06 - 14:39:41,Delta,ORD,LAX,41.9742,-87.9073,33.9425,-118.4081,Business,13625.0,182,,0.0,,304,Yes,
FL7653,2023-05-18 - 18:57:25,Delta,LHR,DXB,51.47,-0.4543,25.2532,55.3657,First,9269.0,338,247.0,0.0,280.18,392,Yes,
FL3470,2023-03-22 - 02:59:17,Air France,CDG,LAX,49.0097,2.5479,33.9425,-118.4081,Economy,9606.0,433,,28.0,964.17,379,No,
FL4809,2023-01-23 - 18:18:12,United,SYD,FRA,-33.9399,151.1753,50.0379,8.5622,Economy,2991.0,574,73.0,0.0,567.85,127,Early,
FL8891,2023-05-15 - 18:07:00,Delta,SIN,FRA,1.3644,103.9915,50.0379,8.5622,Economy,9777.0,861,453.0,0.0,479.13,385,Yes,
FL5169,2023-04-30 - 21:11:54,Air France,SIN,CDG,1.3644,103.9915,49.0097,2.5479,Business,10706.0,691,169.0,20.0,923.25,190,No,
FL9528,2023-02-23 - 09:59:31,British Airways,FRA,DXB,50.0379,8.5622,25.2532,55.3657,Economy,13686.0,786,614.0,0.0,204.31,316,Yes,
FL8115,2023-11-13 - 05:58:35,Delta,LHR,CDG,51.47,-0.4543,49.0097,2.5479,Economy,10422.0,265,535.0,0.0,220.16,203,Yes,
FL5547,2024-04-27 - 20:55:05,Ryanair,SIN,FRA,1.3644,103.9915,50.0379,8.5622,Economy,4418.0,374,452.0,6.0,251.89,366,No,
FL7121,2024-03-10 - 07:28:14,British Airways,LAX,JFK,33.9425,-118.4081,40.6413,-73.7781,Economy,8899.0,766,566.0,13.0,1031.53,225,No,
FL7965,2024-01-18 - 02:36:53,Lufthansa,LHR,FRA,51.47,-0.4543,50.0379,8.5622,Economy,2369.0,845,636.0,94.0,361.76,388,Yes,
FL5885,2023-06-30 - 14:00:28,Lufthansa,FRA,ORD,50.0379,8.5622,41.9742,-87.9073,Economy,12882.0,188,351.0,0.0,298.06,342,Yes,
FL8001,2023-01-19 - 12:19:36,Delta,LHR,JFK,51.47,-0.4543,40.6413,-73.7781,Economy,14579.0,451,81.0,0.0,125.59,104,No,
FL7084,2023-09-22 - 15:41:19,Lufthansa,JFK,LAX,40.6413,-73.7781,33.9425,-118.4081,Economy,5113.0,546,325.0,28.0,523.36,411,No,
FL3089,2024-02-18 - 08:52:17,Delta,ORD,LHR,41.9742,-87.9073,51.47,-0.4543,Economy,5922.0,458,,0.0,987.75,220,No,
FL7550,2024-06-04 - 12:08:24,British Airways,DXB,LHR,25.2532,55.3657,51.47,-0.4543,Economy,3690.0,899,145.0,0.0,254.96,335,Yes,
FL8209,2023-03-26 - 08:57:53,Ryanair,DXB,JFK,25.2532,55.3657,40.6413,-73.7781,Economy,2512.0,127,377.0,1.0,177.13,347,No,
FL2737,2023-01-11 - 22:13:32,Air France,CDG,LAX,49.0097,2.5479,33.9425,-118.4081,Economy,12502.0,141,451.0,,216.15,164,No,
FL2054,2024-02-25 - 22:58:21,United,NRT,FRA,35.772,140.3929,50.0379,8.5622,Economy,1864.0,652,581.0,1.0,415.56,82,No,
FL8674,2023-07-20 - 22:02:20,United,SIN,LHR,1.3644,103.9915,51.47,-0.4543,Economy,4381.0,99,287.0,29.0,319.56,126,No,
FL6675,2024-05-16 - 01:57:39,Ryanair,LAX,SIN,33.9425,-118.4081,1.3644,103.9915,Business,3833.0,854,57.0,6.0,304.0,162,Early,
FL9164,2024-02-05 - 07:39:27,American,ORD,CDG,41.9742,-87.9073,49.0097,2.5479,Economy,4690.0,621,139.0,0.0,,260,Yes,
FL7169,2023-10-24 - 12:30:49,American,LAX,SIN,33.9425,-118.4081,1.3644,103.9915,Economy,9996.0,103,304.0,0.0,78.8,119,Yes,
FL7772,2024-03-13 - 01:01:38,Lufthansa,LAX,NRT,33.9425,-118.4081,35.772,140.3929,Business,10093.0,309,93.0,17.0,211.2,167,Yes,
FL5179,2023-08-12 - 23:37:35,Ryanair,CDG,SYD,49.0097,2.5479,-33.9399,151.1753,Economy,4269.0,495,,1.0,540.31,229,No,
FL4043,2023-02-27 - 23:15:10,Delta,CDG,DXB,49.0097,2.5479,25.2532,55.3657,Economy,11208.0,463,468.0,0.0,840.05,296,Yes,
FL9963,2023-10-06 - 22:02:20,Ryanair,ORD,NRT,41.9742,-87.9073,35.772,140.3929,Economy,7400.0,378,159.0,0.0,511.46,361,Early,
FL9068,2023-05-19 - 09:31:31,British Airways,LAX,ORD,33.9425,-118.4081,41.9742,-87.9073,Economy,1177.0,354,110.0,0.0,353.88,379,Yes,
FL5930,2023-07-24 - 20:43:53,Emirates,SIN,SYD,1.3644,103.9915,-33.9399,151.1753,Economy,9645.0,549,,10.0,2051.17,258,No,
FL4477,2023-08-19 - 15:52:31,British Airways,JFK,SYD,40.6413,-73.7781,-33.9399,151.1753,Economy,5257.0,591,663.0,55.0,471.37,221,Yes,
FL8253,2024-05-16 - 09:14:42,Emirates,DXB,NRT,25.2532,55.3657,35.772,140.3929,Economy,13390.0,866,850.0,0.0,423.52,176,No,
FL4190,2023-08-09 - 22:47:09,British Airways,DXB,CDG,25.2532,55.3657,49.0097,2.5479,Business,6889.0,248,775.0,0.0,353.26,149,Yes,
FL6611,2023-05-06 - 01:01:38,Ryanair,CDG,SIN,49.0097,2.5479,1.3644,103.9915,Economy,10751.0,545,383.0,75.0,543.91,100,Yes,
FL2448,2023-11-30 - 05:52:59,British Airways,ORD,SYD,41.9742,-87.9073,-33.9399,151.1753,Economy,751.0,528,866.0,0.0,754.87,135,Yes,
FL1937,2023-09-08 - 09:20:18,Lufthansa,FRA,NRT,50.0379,8.5622,35.772,140.3929,Economy,4776.0,654,495.0,21.0,494.54,231,Yes,
FL3696,2024-02-20 - 04:34:33,Ryanair,CDG,JFK,49.0097,2.5479,40.6413,-73.7781,Economy,2925.0,887,414.0,42.0,481.87,302,No,
FL2803,2023-07-06 - 22:58:21,Lufthansa,SIN,SYD,1.3644,103.9915,-33.9399,151.1753,Business,1336.0,806,420.0,0.0,141.1,266,Yes,
FL5502,2023-02-04 - 14:22:52,Lufthansa,CDG,LAX,49.0097,2.5479,33.9425,-118.4081,Economy,14355.0,691,790.0,0.0,87.68,156,No,
FL1118,2023-05-07 - 13:26:50,Air France,LHR,CDG,51.47,-0.4543,49.0097,2.5479,Business,5062.0,535,783.0,0.0,968.47,206,Yes,Technical
FL2347,2024-06-12 - 02:14:28,Emirates,DXB,FRA,25.2532,55.3657,50.0379,8.5622,Economy,13841.0,685,174.0,5.0,599.84,295,Yes,
FL5114,2023-10-22 - 02:14:28,Delta,DXB,CDG,25.2532,55.3657,49.0097,2.5479,Economy,12765.0,377,802.0,0.0,573.87,159,Early,
FL6397,2023-07-03 - 07:33:51,Air France,NRT,FRA,35.772,140.3929,50.0379,8.5622,Economy,4487.0,72,504.0,4.0,609.8,300,No,
FL4250,2024-06-14 - 05:13:46,Emirates,ORD,JFK,41.9742,-87.9073,40.6413,-73.7781,Business,6124.0,276,,1.0,233.94,254,Yes,
FL4611,2023-01-28 - 00:16:48,Air France,CDG,SIN,49.0097,2.5479,1.3644,103.9915,Economy,10320.0,192,170.0,3.0,147.19,110,Yes,
FL2845,2023-09-15 - 08:52:17,Ryanair,DXB,FRA,25.2532,55.3657,50.0379,8.5622,Business,12071.0,203,479.0,57.0,222.15,132,No,
FL9148,2024-02-27 - 04:06:32,American,LHR,CDG,51.47,-0.4543,49.0097,2.5479,Economy,13842.0,414,879.0,40.0,489.19,186,Yes,
FL6017,2024-06-13 - 21:56:43,Air France,CDG,SIN,49.0097,2.5479,1.3644,103.9915,Economy,5446.0,724,482.0,3.0,312.33,103,No,
FL7627,2023-08-17 - 12:53:13,Emirates,LHR,JFK,51.47,-0.4543,40.6413,-73.7781,Economy,14200.0,715,858.0,11.0,1260.08,287,Yes,
FL1712,2023-06-01 - 03:27:18,United,SIN,ORD,1.3644,103.9915,41.9742,-87.9073,Economy,8911.0,393,461.0,0.0,562.22,154,Yes,
FL9176,2024-01-23 - 06:26:36,Delta,DXB,SYD,25.2532,55.3657,-33.9399,151.1753,First,2742.0,561,93.0,9.0,422.64,416,No,
FL2589,2023-01-04 - 08:07:28,Ryanair,FRA,CDG,50.0379,8.5622,49.0097,2.5479,Economy,6857.0,645,631.0,0.0,175.78,97,Yes,
FL7265,2023-05-01 - 04:28:56,Air France,FRA,CDG,50.0379,8.5622,49.0097,2.5479,Economy,10920.0,206,,0.0,297.17,169,Yes,
FL4182,2023-03-28 - 04:40:09,United,LHR,FRA,51.47,-0.4543,50.0379,8.5622,Economy,3910.0,891,,0.0,109.54,238,No,
FL2844,2023-11-20 - 12:47:37,Emirates,LHR,JFK,51.47,-0.4543,40.6413,-73.7781,Business,12061.0,736,334.0,15.0,569.89,362,Yes,
FL6800,2023-12-28 - 11:17:58,United,JFK,LHR,40.6413,-73.7781,51.47,-0.4543,Economy,13320.0,596,744.0,37.0,825.94,382,Yes,
FL4543,2023-07-29 - 09:59:31,Emirates,SIN,DXB,1.3644,103.9915,25.2532,55.3657,Economy,7116.0,858,471.0,0.0,1147.58,249,Yes,
FL6866,2024-05-01 - 19:36:39,Air France,DXB,NRT,25.2532,55.3657,35.772,140.3929,Economy,8197.0,747,546.0,40.0,209.7,192,Yes,
FL9149,2024-06-03 - 14:17:16,Air France,DXB,JFK,25.2532,55.3657,40.6413,-73.7781,Economy,2685.0,307,80.0,91.0,291.95,171,No,
FL5079,2023-07-29 - 02:42:29,Air France,CDG,LHR,49.0097,2.5479,51.47,-0.4543,Economy,6280.0,700,324.0,,210.07,139,Yes,
FL4781,2023-09-16 - 06:43:25,Emirates,JFK,NRT,40.6413,-73.7781,35.772,140.3929,Economy,3077.0,458,,7.0,343.2,289,Yes,
FL4453,2023-02-18 - 06:09:48,Air France,FRA,NRT,50.0379,8.5622,35.772,140.3929,Economy,14989.0,71,446.0,5.0,253.88,89,No,
FL6157,2023-09-29 - 15:13:18,American,FRA,SIN,50.0379,8.5622,1.3644,103.9915,Economy,634.0,822,550.0,0.0,220.82,310,Yes,
FL2104,2024-03-14 - 06:09:48,Air France,SIN,LHR,1.3644,103.9915,51.47,-0.4543,First,1060.0,279,387.0,0.0,355.55,355,Yes,
FL1791,2023-03-20 - 00:00:00,Emirates,LAX,SIN,33.9425,-118.4081,1.3644,103.9915,Economy,1484.0,67,946.0,40.0,559.86,116,No,
FL5536,2023-04-12 - 16:09:20,Lufthansa,SIN,LAX,1.3644,103.9915,33.9425,-118.4081,Economy,9445.0,748,803.0,0.0,1230.25,166,Yes,
FL1569,2024-06-04 - 19:25:26,American,LHR,FRA,51.47,-0.4543,50.0379,8.5622,Economy,13738.0,751,728.0,,1038.92,346,No,
FL2976,2023-11-12 - 08:07:28,Lufthansa,SYD,ORD,-33.9399,151.1753,41.9742,-87.9073,Economy,6332.0,582,887.0,0.0,,126,Early,
FL7901,2023-06-06 - 07:17:02,United,SYD,FRA,-33.9399,151.1753,50.0379,8.5622,Economy,7178.0,451,475.0,19.0,354.27,287,No,
FL3568,2023-11-05 - 01:18:26,American,FRA,ORD,50.0379,8.5622,41.9742,-87.9073,Business,1804.0,198,526.0,14.0,324.25,179,No,
FL1530,2023-08-22 - 02:08:52,Lufthansa,LHR,JFK,51.47,-0.4543,40.6413,-73.7781,First,3006.0,754,,224.0,636.05,324,Yes,
FL9342,2024-04-30 - 14:28:28,United,FRA,NRT,50.0379,8.5622,35.772,140.3929,Economy,10069.0,616,542.0,21.0,1108.49,416,No,
FL7592,2023-08-19 - 23:09:34,United,DXB,SIN,25.2532,55.3657,1.3644,103.9915,Business,1368.0,746,782.0,0.0,367.94,386,Yes,
FL8445,2024-01-14 - 03:55:19,Emirates,ORD,LAX,41.9742,-87.9073,33.9425,-118.4081,Economy,4495.0,550,244.0,2.0,146.64,337,No,
FL7914,2024-01-01 - 02:42:29,Air France,FRA,LAX,50.0379,8.5622,33.9425,-118.4081,Economy,4496.0,639,541.0,69.0,351.16,96,No,
FL8140,2024-02-12 - 07:11:26,United,JFK,LAX,40.6413,-73.7781,33.9425,-118.4081,Business,4969.0,335,253.0,32.0,753.5,256,Yes,
FL2979,2023-11-01 - 17:10:58,British Airways,LAX,NRT,33.9425,-118.4081,35.772,140.3929,Economy,1251.0,556,415.0,23.0,238.68,319,No,
FL1347,2023-06-08 - 02:59:17,Air France,ORD,LHR,41.9742,-87.9073,51.47,-0.4543,Business,5989.0,250,751.0,18.0,1242.99,234,Yes,
FL8431,2023-01-07 - 16:14:56,Emirates,ORD,LAX,41.9742,-87.9073,33.9425,-118.4081,Business,13053.0,231,586.0,0.0,211.23,92,No,Technical
FL7493,2023-04-19 - 01:07:14,Delta,CDG,ORD,49.0097,2.5479,41.9742,-87.9073,Economy,10268.0,444,306.0,22.0,261.35,366,Yes,
FL3944,2024-01-23 - 13:43:39,Emirates,SYD,CDG,-33.9399,151.1753,49.0097,2.5479,Business,12922.0,694,817.0,,195.06,113,Yes,
FL7388,2024-04-13 - 14:34:05,Delta,CDG,SIN,49.0097,2.5479,1.3644,103.9915,Economy,1021.0,654,868.0,0.0,538.95,348,Yes,
FL8177,2023-04-14 - 04:34:33,Ryanair,CDG,SYD,49.0097,2.5479,-33.9399,151.1753,First,10934.0,377,661.0,19.0,61.49,132,Yes,
FL7381,2023-05-11 - 19:25:26,Ryanair,SYD,LHR,-33.9399,151.1753,51.47,-0.4543,Economy,13056.0,441,174.0,59.0,454.51,202,Yes,
FL3803,2023-05-24 - 13:21:14,Lufthansa,ORD,CDG,41.9742,-87.9073,49.0097,2.5479,Economy,10754.0,252,436.0,98.0,331.28,269,Yes,
FL1213,2023-03-07 - 20:38:17,American,CDG,LHR,49.0097,2.5479,51.47,-0.4543,Business,12933.0,573,593.0,28.0,868.91,161,No,Operational
FL2728,2023-10-04 - 11:45:59,Air France,JFK,NRT,40.6413,-73.7781,35.772,140.3929,Economy,6236.0,388,183.0,4.0,259.97,226,Yes,
FL8800,2024-01-08 - 09:31:31,Emirates,LAX,LHR,33.9425,-118.4081,51.47,-0.4543,Economy,11312.0,833,769.0,28.0,365.16,270,Yes,
FL6249,2024-03-20 - 00:33:37,United,SYD,DXB,-33.9399,151.1753,25.2532,55.3657,Business,1195.0,579,631.0,1.0,1732.82,146,No,
FL4831,2023-11-03 - 20:10:16,Delta,SIN,CDG,1.3644,103.9915,49.0097,2.5479,Business,12078.0,865,,0.0,667.4,358,No,
FL2245,2024-06-23 - 00:28:00,American,NRT,SYD,35.772,140.3929,-33.9399,151.1753,Business,5345.0,167,143.0,0.0,263.97,113,No,
FL9465,2023-01-29 - 05:24:58,Lufthansa,JFK,NRT,40.6413,-73.7781,35.772,140.3929,Economy,12263.0,91,786.0,69.0,322.87,360,No,
FL2739,2023-11-02 - 22:19:08,Lufthansa,CDG,SIN,49.0097,2.5479,1.3644,103.9915,Business,9194.0,133,72.0,0.0,976.78,142,Yes,
FL7846,2023-11-21 - 17:55:47,American,SIN,LAX,1.3644,103.9915,33.9425,-118.4081,Business,2313.0,74,709.0,0.0,199.6,373,Yes,
FL8333,2023-11-28 - 10:10:44,Delta,NRT,FRA,35.772,140.3929,50.0379,8.5622,First,12388.0,132,303.0,0.0,1061.16,173,No,Crew
FL1283,2024-03-17 - 07:00:14,Air France,DXB,FRA,25.2532,55.3657,50.0379,8.5622,Economy,6837.0,732,930.0,0.0,1345.39,219,Early,
FL1058,2024-02-01 - 23:31:59,American,SIN,ORD,1.3644,103.9915,41.9742,-87.9073,Business,6904.0,807,164.0,0.0,167.21,180,No,
FL8784,2023-07-31 - 05:41:47,British Airways,NRT,FRA,35.772,140.3929,50.0379,8.5622,First,8769.0,640,282.0,19.0,454.7,419,Yes,
FL5538,2024-05-12 - 17:50:11,Air France,DXB,ORD,25.2532,55.3657,41.9742,-87.9073,Economy,11576.0,742,,51.0,72.23,299,No,
FL4977,2023-10-30 - 06:54:37,American,FRA,ORD,50.0379,8.5622,41.9742,-87.9073,Economy,9664.0,665,339.0,0.0,543.08,357,No,
FL9731,2023-02-16 - 10:27:32,Delta,ORD,SIN,41.9742,-87.9073,1.3644,103.9915,Economy,10866.0,202,209.0,,231.54,252,No,
FL9084,2023-11-30 - 13:10:02,Ryanair,CDG,DXB,49.0097,2.5479,25.2532,55.3657,Economy,2590.0,297,445.0,11.0,773.18,318,Yes,
FL9606,2024-04-23 - 22:13:32,American,CDG,JFK,49.0097,2.5479,40.6413,-73.7781,Economy,3179.0,678,293.0,,677.74,278,Early,
FL2019,2024-01-16 - 06:54:37,Lufthansa,ORD,SIN,41.9742,-87.9073,1.3644,103.9915,Economy,11218.0,258,625.0,0.0,114.42,245,Yes,Technical
FL5632,2023-08-28 - 11:06:46,Lufthansa,FRA,ORD,50.0379,8.5622,41.9742,-87.9073,Economy,2523.0,855,83.0,0.0,176.67,303,Yes,
FL6969,2023-06-26 - 00:44:49,United,CDG,LHR,49.0097,2.5479,51.47,-0.4543,Economy,7649.0,583,240.0,71.0,359.95,201,Yes,
FL9465,2023-08-02 - 08:41:05,Emirates,NRT,SIN,35.772,140.3929,1.3644,103.9915,Economy,2644.0,161,141.0,0.0,,252,Yes,
FL1775,2024-01-03 - 20:15:52,American,NRT,FRA,35.772,140.3929,50.0379,8.5622,Economy,3689.0,743,,50.0,464.52,136,Yes,
FL6921,2024-01-29 - 00:50:25,Ryanair,FRA,LHR,50.0379,8.5622,51.47,-0.4543,Economy,5579.0,265,,18.0,233.75,380,No,
FL3372,2024-05-09 - 02:25:40,British Airways,ORD,FRA,41.9742,-87.9073,50.0379,8.5622,Business,7152.0,383,869.0,3.0,230.65,363,No,
FL2165,2024-01-18 - 09:53:55,British Airways,CDG,SIN,49.0097,2.5479,1.3644,103.9915,Economy,8876.0,639,453.0,28.0,300.61,375,No,
FL3639,2023-05-28 - 19:19:50,British Airways,SIN,CDG,1.3644,103.9915,49.0097,2.5479,Economy,12261.0,114,388.0,45.0,821.62,111,Yes,Operational
FL7837,2023-06-19 - 15:46:55,British Airways,CDG,ORD,49.0097,2.5479,41.9742,-87.9073,Economy,10520.0,858,164.0,0.0,203.12,342,Yes,
FL6971,2023-12-13 - 07:05:50,Delta,LHR,LAX,51.47,-0.4543,33.9425,-118.4081,Economy,1626.0,806,558.0,14.0,172.18,331,Yes,
FL8804,2023-12-06 - 14:50:53,Lufthansa,LHR,ORD,51.47,-0.4543,41.9742,-87.9073,Business,11473.0,227,521.0,0.0,252.92,225,No,
FL2212,2023-09-01 - 02:31:17,Emirates,ORD,NRT,41.9742,-87.9073,35.772,140.3929,Economy,13475.0,464,495.0,11.0,87.1,376,Yes,
FL6897,2023-06-05 - 09:25:54,Emirates,SYD,SIN,-33.9399,151.1753,1.3644,103.9915,Business,6467.0,695,,,310.47,298,Yes,
FL8217,2023-07-12 - 02:48:05,British Airways,FRA,SYD,50.0379,8.5622,-33.9399,151.1753,Economy,2802.0,251,664.0,0.0,468.4,219,No,
FL7580,2024-02-15 - 00:44:49,Lufthansa,SIN,JFK,1.3644,103.9915,40.6413,-73.7781,Business,14176.0,537,491.0,17.0,1483.52,110,No,
FL5214,2024-05-11 - 05:24:58,American,FRA,LHR,50.0379,8.5622,51.47,-0.4543,Business,11635.0,584,792.0,61.0,,231,Early,
FL6283,2023-12-16 - 00:39:13,Ryanair,CDG,ORD,49.0097,2.5479,41.9742,-87.9073,Economy,6337.0,463,552.0,0.0,498.04,337,No,
FL2560,2023-08-28 - 18:23:48,United,CDG,DXB,49.0097,2.5479,25.2532,55.3657,Economy,2113.0,521,218.0,15.0,405.58,238,Yes,
FL3989,2023-02-05 - 04:56:57,Emirates,NRT,ORD,35.772,140.3929,41.9742,-87.9073,Economy,14699.0,105,659.0,6.0,396.46,383,No,
FL1263,2023-08-13 - 14:11:40,United,LHR,ORD,51.47,-0.4543,41.9742,-87.9073,Business,8784.0,285,288.0,0.0,242.4,135,Yes,
FL8663,2023-11-25 - 02:03:16,Delta,SYD,NRT,-33.9399,151.1753,35.772,140.3929,Economy,8325.0,224,881.0,12.0,198.53,202,No,
FL2666,2023-09-09 - 21:45:31,Emirates,FRA,JFK,50.0379,8.5622,40.6413,-73.7781,Economy,14379.0,306,145.0,49.0,1215.73,380,No,
FL3284,2023-02-06 - 02:48:05,Delta,CDG,DXB,49.0097,2.5479,25.2532,55.3657,Economy,2719.0,780,183.0,2.0,654.12,306,No,
FL7700,2023-07-19 - 02:20:04,Ryanair,CDG,NRT,49.0097,2.5479,35.772,140.3929,Economy,9321.0,505,741.0,10.0,815.75,414,Yes,
FL7571,2024-06-11 - 04:23:20,British Airways,CDG,JFK,49.0097,2.5479,40.6413,-73.7781,Economy,4800.0,882,389.0,0.0,234.95,258,No,
FL1331,2023-07-12 - 17:22:10,Delta,JFK,NRT,40.6413,-73.7781,35.772,140.3929,Economy,9573.0,214,892.0,9.0,214.48,235,Yes,
FL7754,2023-04-22 - 23:48:47,Lufthansa,SYD,CDG,-33.9399,151.1753,49.0097,2.5479,First,1979.0,359,742.0,91.0,116.75,375,Yes,
FL5646,2023-03-23 - 08:07:28,British Airways,LAX,LHR,33.9425,-118.4081,51.47,-0.4543,Business,5485.0,107,857.0,46.0,237.04,280,No,
FL2145,2023-07-18 - 19:03:02,Emirates,LHR,DXB,51.47,-0.4543,25.2532,55.3657,Economy,782.0,444,377.0,,213.1,350,No,
FL9554,2023-10-11 - 18:35:01,Delta,JFK,DXB,40.6413,-73.7781,25.2532,55.3657,Economy,4071.0,101,712.0,0.0,874.5,211,Yes,
FL7216,2023-09-07 - 11:29:10,American,FRA,DXB,50.0379,8.5622,25.2532,55.3657,First,6433.0,267,922.0,1.0,390.35,93,No,
FL2720,2023-09-20 - 19:59:03,Emirates,JFK,ORD,40.6413,-73.7781,41.9742,-87.9073,Economy,9651.0,788,314.0,25.0,806.82,314,Yes,Weather
FL4917,2023-01-14 - 23:03:58,British Airways,LAX,CDG,33.9425,-118.4081,49.0097,2.5479,Economy,7965.0,362,888.0,0.0,1376.55,241,No,
FL1422,2024-04-20 - 21:23:06,Emirates,SIN,LAX,1.3644,103.9915,33.9425,-118.4081,Economy,9195.0,794,695.0,65.0,397.54,203,No,
FL2750,2023-10-28 - 18:29:24,American,FRA,LAX,50.0379,8.5622,33.9425,-118.4081,Business,10523.0,848,57.0,0.0,424.29,330,Yes,
FL6847,2023-09-23 - 20:49:29,Delta,FRA,DXB,50.0379,8.5622,25.2532,55.3657,First,8171.0,465,658.0,0.0,378.32,290,No,
FL7523,2023-08-23 - 14:34:05,British Airways,SIN,ORD,1.3644,103.9915,41.9742,-87.9073,Business,3780.0,840,944.0,0.0,202.38,199,Yes,
FL9723,2024-01-05 - 23:15:10,Lufthansa,LHR,NRT,51.47,-0.4543,35.772,140.3929,Economy,6934.0,246,436.0,0.0,200.65,281,Yes,
FL2255,2023-07-17 - 06:37:49,British Airways,NRT,ORD,35.772,140.3929,41.9742,-87.9073,Economy,9402.0,448,482.0,31.0,1502.81,168,Yes,
FL7627,2023-01-02 - 05:08:10,Lufthansa,SIN,NRT,1.3644,103.9915,35.772,140.3929,Economy,11788.0,871,659.0,13.0,126.18,280,Yes,
FL2255,2023-11-01 - 09:53:55,United,SIN,SYD,1.3644,103.9915,-33.9399,151.1753,Economy,12486.0,659,220.0,0.0,419.32,157,No,
FL6652,2024-04-24 - 20:04:40,Lufthansa,DXB,FRA,25.2532,55.3657,50.0379,8.5622,Economy,3011.0,626,630.0,15.0,1518.37,113,Yes,
FL3201,2023-03-21 - 19:42:15,Air France,CDG,SIN,49.0097,2.5479,1.3644,103.9915,First,4619.0,335,757.0,4.0,989.32,228,Yes,
FL2765,2024-04-11 - 18:51:49,British Airways,SIN,ORD,1.3644,103.9915,41.9742,-87.9073,Economy,8629.0,312,109.0,3.0,580.07,271,Yes,
FL5845,2024-05-22 - 18:12:36,British Airways,LAX,JFK,33.9425,-118.4081,40.6413,-73.7781,Economy,1230.0,804,260.0,19.0,744.67,98,No,
FL4603,2023-05-15 - 10:49:57,Delta,ORD,DXB,41.9742,-87.9073,25.2532,55.3657,Economy,6062.0,683,461.0,8.0,1199.21,159,Yes,
FL7368,2023-11-01 - 02:36:53,United,JFK,SYD,40.6413,-73.7781,-33.9399,151.1753,Economy,693.0,674,714.0,67.0,561.02,136,Yes,
FL6364,2023-11-23 - 20:55:05,Delta,SYD,CDG,-33.9399,151.1753,49.0097,2.5479,Business,14509.0,147,811.0,35.0,178.35,214,No,Operational
FL7519,2023-09-12 - 00:44:49,Air France,LHR,SIN,51.47,-0.4543,1.3644,103.9915,Economy,658.0,100,724.0,19.0,686.43,374,Yes,
FL4779,2023-11-19 - 00:22:24,British Airways,CDG,NRT,49.0097,2.5479,35.772,140.3929,Economy,1059.0,502,63.0,3.0,196.82,262,No,
FL5242,2023-04-03 - 06:21:00,Ryanair,CDG,SIN,49.0097,2.5479,1.3644,103.9915,Economy,3343.0,251,386.0,27.0,458.59,402,Yes,
FL4287,2024-02-19 - 06:43:25,British Airways,DXB,NRT,25.2532,55.3657,35.772,140.3929,Economy,11877.0,150,575.0,2.0,408.58,337,No,
FL8443,2024-04-25 - 10:38:45,Air France,SYD,ORD,-33.9399,151.1753,41.9742,-87.9073,Economy,4361.0,255,569.0,0.0,648.19,213,No,
FL7408,2023-04-05 - 23:54:23,Lufthansa,DXB,CDG,25.2532,55.3657,49.0097,2.5479,Business,11421.0,334,481.0,0.0,510.17,162,No,
FL8598,2023-02-15 - 05:19:22,United,SYD,LAX,-33.9399,151.1753,33.9425,-118.4081,Economy,12689.0,624,104.0,9.0,1511.59,119,Yes,
FL8933,2023-12-15 - 10:05:08,Emirates,SYD,JFK,-33.9399,151.1753,40.6413,-73.7781,Economy,14547.0,311,239.0,6.0,2047.99,416,No,
FL7403,2024-01-04 - 03:32:55,United,LHR,CDG,51.47,-0.4543,49.0097,2.5479,Economy,2266.0,666,706.0,0.0,797.08,127,Yes,
FL9863,2023-06-24 - 05:02:34,United,NRT,JFK,35.772,140.3929,40.6413,-73.7781,First,11082.0,526,561.0,11.0,277.98,255,Yes,
FL5271,2023-01-16 - 04:12:08,Air France,SIN,NRT,1.3644,103.9915,35.772,140.3929,Economy,12177.0,877,877.0,10.0,193.3,192,Yes,
FL2856,2024-03-07 - 06:37:49,American,CDG,ORD,49.0097,2.5479,41.9742,-87.9073,Economy,4528.0,293,894.0,32.0,137.98,349,Yes,
FL4053,2023-08-09 - 08:13:04,United,LAX,NRT,33.9425,-118.4081,35.772,140.3929,Economy,8510.0,873,833.0,0.0,280.08,301,Yes,
FL6440,2023-09-10 - 19:36:39,Ryanair,CDG,ORD,49.0097,2.5479,41.9742,-87.9073,Economy,2315.0,457,811.0,142.0,468.77,156,Yes,
FL3487,2024-02-22 - 22:07:56,Air France,DXB,CDG,25.2532,55.3657,49.0097,2.5479,Economy,2659.0,837,791.0,,358.78,240,Yes,
FL5885,2023-12-05 - 09:42:43,Air France,JFK,ORD,40.6413,-73.7781,41.9742,-87.9073,Business,3347.0,650,626.0,0.0,626.14,284,No,
FL2593,2023-12-20 - 21:11:54,Delta,ORD,JFK,41.9742,-87.9073,40.6413,-73.7781,Economy,10361.0,612,177.0,,414.3,126,Early,
FL1980,2023-05-23 - 15:30:07,British Airways,SYD,FRA,-33.9399,151.1753,50.0379,8.5622,Economy,5599.0,204,227.0,0.0,234.39,262,Yes,Operational
FL8440,2023-10-22 - 16:48:33,Air France,SIN,LAX,1.3644,103.9915,33.9425,-118.4081,Economy,2927.0,118,334.0,8.0,,83,Yes,
FL9086,2023-07-18 - 04:28:56,Delta,CDG,LHR,49.0097,2.5479,51.47,-0.4543,Economy,14475.0,482,841.0,24.0,247.31,367,Yes,
FL5335,2023-05-02 - 02:20:04,Ryanair,ORD,JFK,41.9742,-87.9073,40.6413,-73.7781,Economy,9279.0,296,163.0,79.0,106.93,323,Yes,
FL1560,2023-06-05 - 02:08:52,Emirates,LAX,CDG,33.9425,-118.4081,49.0097,2.5479,Economy,9256.0,714,854.0,0.0,306.68,80,Yes,
FL2154,2023-04-08 - 02:53:41,Lufthansa,FRA,SYD,50.0379,8.5622,-33.9399,151.1753,Economy,1779.0,532,521.0,23.0,238.86,159,No,
FL5220,2023-01-06 - 18:23:48,Lufthansa,FRA,LAX,50.0379,8.5622,33.9425,-118.4081,Economy,2011.0,739,624.0,0.0,296.83,225,Yes,
FL1253,2023-07-27 - 14:17:16,Ryanair,CDG,SIN,49.0097,2.5479,1.3644,103.9915,Economy,1004.0,720,512.0,0.0,540.85,91,No,
FL3961,2023-01-11 - 14:56:29,Lufthansa,CDG,SYD,49.0097,2.5479,-33.9399,151.1753,Economy,3212.0,748,138.0,0.0,1521.81,384,Early,
FL6993,2023-10-01 - 18:12:36,Ryanair,NRT,FRA,35.772,140.3929,50.0379,8.5622,Economy,811.0,330,857.0,0.0,461.98,168,No,
FL2537,2023-09-08 - 23:54:23,American,SIN,LAX,1.3644,103.9915,33.9425,-118.4081,Business,1686.0,333,487.0,0.0,440.92,211,No,
FL8166,2024-05-13 - 15:41:19,British Airways,SIN,ORD,1.3644,103.9915,41.9742,-87.9073,Economy,10160.0,262,412.0,10.0,263.35,312,Yes,
FL3437,2023-05-04 - 12:36:25,Ryanair,LAX,JFK,33.9425,-118.4081,40.6413,-73.7781,Economy,8979.0,856,362.0,12.0,233.0,180,Early,
FL8280,2023-10-07 - 05:19:22,Delta,JFK,SYD,40.6413,-73.7781,-33.9399,151.1753,Economy,1586.0,451,679.0,0.0,796.43,325,Yes,
FL2224,2023-06-12 - 23:31:59,Delta,NRT,FRA,35.772,140.3929,50.0379,8.5622,Economy,11748.0,230,462.0,0.0,1261.71,414,Yes,
FL8988,2023-08-19 - 01:18:26,Lufthansa,CDG,NRT,49.0097,2.5479,35.772,140.3929,Economy,596.0,669,271.0,0.0,160.91,158,No,
FL3390,2023-11-19 - 07:39:27,Lufthansa,DXB,ORD,25.2532,55.3657,41.9742,-87.9073,Economy,778.0,522,923.0,0.0,242.29,272,Yes,
FL2598,2023-12-30 - 21:34:19,Air France,ORD,FRA,41.9742,-87.9073,50.0379,8.5622,Business,14915.0,261,804.0,0.0,376.85,360,Yes,
FL3856,2023-03-16 - 08:35:29,Air France,NRT,CDG,35.772,140.3929,49.0097,2.5479,First,8224.0,505,,10.0,374.03,403,Early,
FL3439,2023-12-09 - 01:07:14,United,DXB,LHR,25.2532,55.3657,51.47,-0.4543,Business,9984.0,872,566.0,21.0,474.42,203,No,
FL8514,2023-08-26 - 22:41:33,Ryanair,CDG,JFK,49.0097,2.5479,40.6413,-73.7781,First,7073.0,251,650.0,34.0,263.86,385,Yes,
FL6948,2024-04-29 - 09:20:18,United,FRA,NRT,50.0379,8.5622,35.772,140.3929,First,8877.0,600,420.0,7.0,143.11,337,Yes,
FL7558,2023-05-29 - 09:53:55,British Airways,CDG,LHR,49.0097,2.5479,51.47,-0.4543,Economy,4750.0,732,458.0,43.0,240.28,88,No,
FL6306,2023-02-16 - 17:44:35,American,CDG,JFK,49.0097,2.5479,40.6413,-73.7781,First,13108.0,448,797.0,13.0,,218,Yes,
FL4770,2023-10-19 - 15:58:07,British Airways,LAX,LHR,33.9425,-118.4081,51.47,-0.4543,Economy,9430.0,324,573.0,26.0,100.5,287,Yes,
FL7421,2023-09-16 - 21:17:30,Delta,NRT,CDG,35.772,140.3929,49.0097,2.5479,Economy,9871.0,455,865.0,10.0,428.02,298,No,Operational
FL5283,2024-02-02 - 21:23:06,Lufthansa,DXB,LHR,25.2532,55.3657,51.47,-0.4543,Economy,7825.0,481,833.0,0.0,292.68,329,Yes,
FL2610,2023-07-09 - 16:31:45,United,SYD,NRT,-33.9399,151.1753,35.772,140.3929,First,843.0,396,774.0,,1789.93,243,Early,
FL5234,2023-07-27 - 21:34:19,Lufthansa,SIN,LAX,1.3644,103.9915,33.9425,-118.4081,Economy,11224.0,247,681.0,0.0,538.08,414,Yes,
FL1060,2024-05-15 - 11:23:34,Emirates,FRA,SYD,50.0379,8.5622,-33.9399,151.1753,Economy,13068.0,880,684.0,0.0,449.49,239,Yes,
FL9845,2023-06-22 - 16:37:21,Ryanair,NRT,ORD,35.772,140.3929,41.9742,-87.9073,Economy,9963.0,282,744.0,2.0,293.27,124,Yes,
FL3695,2024-06-11 - 11:40:23,United,SYD,FRA,-33.9399,151.1753,50.0379,8.5622,Economy,10439.0,248,463.0,0.0,1665.62,344,No,
FL9684,2023-01-06 - 03:49:43,British Airways,NRT,JFK,35.772,140.3929,40.6413,-73.7781,Business,5108.0,487,579.0,24.0,445.22,260,Yes,
FL3138,2023-02-08 - 13:04:26,United,FRA,JFK,50.0379,8.5622,40.6413,-73.7781,Business,2557.0,334,277.0,20.0,,303,Yes,
FL5086,2024-02-13 - 12:19:36,Lufthansa,SIN,LAX,1.3644,103.9915,33.9425,-118.4081,Economy,10848.0,631,834.0,37.0,324.62,348,Early,
FL2688,2024-01-24 - 04:17:44,Delta,DXB,LHR,25.2532,55.3657,51.47,-0.4543,Economy,12618.0,889,790.0,0.0,304.52,372,No,
FL4624,2024-06-28 - 11:34:47,Lufthansa,CDG,LHR,49.0097,2.5479,51.47,-0.4543,Economy,7192.0,319,904.0,,541.68,394,No,
FL7446,2023-10-09 - 08:18:40,Ryanair,JFK,LAX,40.6413,-73.7781,33.9425,-118.4081,Economy,7285.0,702,214.0,0.0,1664.83,86,Yes,
FL9764,2023-10-25 - 10:21:56,United,LHR,SYD,51.47,-0.4543,-33.9399,151.1753,Economy,2081.0,118,743.0,3.0,392.86,311,No,
FL5472,2024-06-27 - 06:26:36,Air France,ORD,LHR,41.9742,-87.9073,51.47,-0.4543,Economy,9420.0,206,706.0,23.0,687.38,146,No,
FL3303,2023-02-27 - 15:58:07,Ryanair,DXB,JFK,25.2532,55.3657,40.6413,-73.7781,Economy,14042.0,159,269.0,43.0,499.29,283,No,
FL6870,2023-12-12 - 16:31:45,British Airways,DXB,ORD,25.2532,55.3657,41.9742,-87.9073,Economy,13219.0,665,260.0,7.0,837.88,224,Yes,
FL5791,2023-10-29 - 01:46:27,Air France,FRA,LHR,50.0379,8.5622,51.47,-0.4543,Economy,7981.0,582,904.0,0.0,,297,Yes,
FL5637,2024-06-24 - 12:53:13,Lufthansa,CDG,LHR,49.0097,2.5479,51.47,-0.4543,Economy,4902.0,512,814.0,109.0,225.63,397,No,
FL3241,2024-04-30 - 21:45:31,Emirates,FRA,SIN,50.0379,8.5622,1.3644,103.9915,Business,1445.0,130,,17.0,772.08,365,Yes,
FL4742,2023-07-03 - 22:07:56,Delta,CDG,NRT,49.0097,2.5479,35.772,140.3929,Economy,3888.0,850,294.0,0.0,672.42,103,No,
FL4991,2023-02-24 - 15:07:42,Air France,CDG,DXB,49.0097,2.5479,25.2532,55.3657,Business,1842.0,217,448.0,0.0,1155.66,291,Yes,
FL4014,2023-04-02 - 08:29:52,British Airways,DXB,FRA,25.2532,55.3657,50.0379,8.5622,Economy,10907.0,397,503.0,0.0,,329,Yes,
FL7227,2023-05-31 - 12:53:13,Emirates,LAX,DXB,33.9425,-118.4081,25.2532,55.3657,Economy,11084.0,307,827.0,16.0,543.25,383,Yes,
FL3930,2024-04-17 - 05:58:35,Lufthansa,NRT,SYD,35.772,140.3929,-33.9399,151.1753,Business,1062.0,624,376.0,32.0,266.2,102,Yes,
FL2599,2024-04-21 - 04:40:09,Air France,DXB,LAX,25.2532,55.3657,33.9425,-118.4081,Business,10027.0,308,902.0,28.0,384.98,334,Yes,
FL3055,2024-04-07 - 20:10:16,United,SYD,LHR,-33.9399,151.1753,51.47,-0.4543,First,14596.0,887,471.0,0.0,326.49,248,Yes,
FL9767,2024-03-31 - 20:38:17,United,LHR,DXB,51.47,-0.4543,25.2532,55.3657,Business,12290.0,591,909.0,2.0,426.13,324,Yes,
FL6352,2023-06-06 - 21:51:07,American,LHR,ORD,51.47,-0.4543,41.9742,-87.9073,Economy,8809.0,530,,0.0,634.03,416,Yes,
FL1391,2024-05-19 - 10:05:08,American,ORD,DXB,41.9742,-87.9073,25.2532,55.3657,Economy,4741.0,587,,38.0,,327,No,
FL2782,2023-11-21 - 10:38:45,Delta,JFK,DXB,40.6413,-73.7781,25.2532,55.3657,Economy,10919.0,766,444.0,54.0,497.72,283,Yes,
FL2718,2023-05-25 - 11:12:22,British Airways,SYD,CDG,-33.9399,151.1753,49.0097,2.5479,Economy,13509.0,118,659.0,29.0,643.94,160,Yes,
FL6709,2023-02-17 - 15:35:43,Air France,JFK,SIN,40.6413,-73.7781,1.3644,103.9915,Economy,14610.0,365,503.0,28.0,194.07,205,Early,
FL9599,2024-01-13 - 06:04:12,Ryanair,SIN,FRA,1.3644,103.9915,50.0379,8.5622,Economy,5124.0,802,889.0,38.0,497.49,417,No,
FL5288,2023-12-29 - 16:26:08,Air France,CDG,FRA,49.0097,2.5479,50.0379,8.5622,Economy,13759.0,643,285.0,18.0,85.11,346,No,
FL4262,2023-01-05 - 20:32:41,British Airways,JFK,SYD,40.6413,-73.7781,-33.9399,151.1753,Economy,8934.0,227,856.0,17.0,876.92,234,No,
FL1452,2023-11-22 - 08:29:52,Lufthansa,LHR,SIN,51.47,-0.4543,1.3644,103.9915,Economy,1732.0,303,738.0,5.0,763.29,238,Yes,
FL3156,2024-06-29 - 09:25:54,British Airways,JFK,LHR,40.6413,-73.7781,51.47,-0.4543,Economy,5084.0,551,132.0,18.0,134.95,223,No,
FL6263,2023-06-15 - 17:05:22,Delta,LAX,SYD,33.9425,-118.4081,-33.9399,151.1753,Economy,14227.0,791,423.0,54.0,773.31,215,Early,
FL9131,2023-07-19 - 16:54:09,Delta,JFK,ORD,40.6413,-73.7781,41.9742,-87.9073,Economy,822.0,541,495.0,0.0,111.44,202,Early,
FL1466,2024-03-28 - 05:13:46,United,FRA,ORD,50.0379,8.5622,41.9742,-87.9073,First,7833.0,135,83.0,23.0,634.62,205,Yes,
FL3233,2023-11-06 - 06:26:36,Emirates,SYD,DXB,-33.9399,151.1753,25.2532,55.3657,Economy,5873.0,888,,13.0,241.76,187,Yes,
FL1552,2024-04-08 - 03:27:18,Air France,JFK,NRT,40.6413,-73.7781,35.772,140.3929,Economy,5342.0,565,411.0,0.0,1157.17,254,Yes,
FL6593,2023-10-19 - 01:24:02,Emirates,ORD,DXB,41.9742,-87.9073,25.2532,55.3657,Business,1309.0,140,614.0,26.0,317.33,346,Yes,
FL3152,2024-06-05 - 09:59:31,Emirates,DXB,SIN,25.2532,55.3657,1.3644,103.9915,Business,10026.0,619,142.0,14.0,,106,Yes,
FL2447,2023-03-27 - 21:23:06,British Airways,NRT,DXB,35.772,140.3929,25.2532,55.3657,Economy,12609.0,787,894.0,75.0,287.46,94,Yes,
FL7127,2023-08-30 - 21:23:06,Emirates,FRA,CDG,50.0379,8.5622,49.0097,2.5479,Economy,3308.0,360,389.0,7.0,1302.14,239,No,
FL5991,2024-03-28 - 12:30:49,United,ORD,DXB,41.9742,-87.9073,25.2532,55.3657,Economy,3267.0,789,653.0,22.0,2182.78,391,Yes,
FL9265,2023-03-10 - 06:54:37,Ryanair,DXB,LHR,25.2532,55.3657,51.47,-0.4543,Business,9938.0,346,947.0,9.0,1010.21,215,Yes,
FL3265,2023-01-08 - 21:23:06,Air France,FRA,JFK,50.0379,8.5622,40.6413,-73.7781,Economy,6464.0,718,138.0,,161.62,141,Yes,
FL3150,2024-05-06 - 16:09:20,Ryanair,JFK,DXB,40.6413,-73.7781,25.2532,55.3657,Economy,3591.0,650,258.0,22.0,1827.03,90,No,
FL8998,2023-05-13 - 15:07:42,American,ORD,LAX,41.9742,-87.9073,33.9425,-118.4081,Economy,13632.0,252,160.0,8.0,368.53,159,Yes,
FL2303,2024-06-22 - 17:10:58,Emirates,SYD,SIN,-33.9399,151.1753,1.3644,103.9915,Economy,3936.0,692,,0.0,945.4,83,No,
FL8542,2024-02-26 - 06:15:24,Delta,JFK,SYD,40.6413,-73.7781,-33.9399,151.1753,Business,11062.0,327,373.0,16.0,944.9,148,No,
FL9004,2023-03-11 - 12:02:48,British Airways,SIN,JFK,1.3644,103.9915,40.6413,-73.7781,First,7566.0,615,256.0,65.0,549.51,279,Yes,
FL3898,2023-01-12 - 05:30:35,British Airways,NRT,ORD,35.772,140.3929,41.9742,-87.9073,Business,4590.0,313,,3.0,214.52,155,Early,
FL5957,2023-08-16 - 07:45:03,Air France,DXB,LAX,25.2532,55.3657,33.9425,-118.4081,Economy,7654.0,393,943.0,8.0,220.19,141,Yes,
FL5917,2023-11-14 - 03:49:43,United,CDG,JFK,49.0097,2.5479,40.6413,-73.7781,Economy,5153.0,745,275.0,5.0,211.8,175,No,
FL9682,2024-02-29 - 07:05:50,Delta,FRA,SIN,50.0379,8.5622,1.3644,103.9915,Business,1912.0,822,160.0,0.0,632.99,398,Yes,
FL4921,2023-05-23 - 08:13:04,Air France,FRA,NRT,50.0379,8.5622,35.772,140.3929,Economy,784.0,732,377.0,3.0,531.34,212,No,
FL2968,2024-04-16 - 08:07:28,American,SYD,NRT,-33.9399,151.1753,35.772,140.3929,Economy,10885.0,584,316.0,37.0,982.08,185,Yes,
FL7111,2024-06-28 - 04:17:44,United,LHR,LAX,51.47,-0.4543,33.9425,-118.4081,Economy,6558.0,348,890.0,3.0,598.14,149,Yes,
FL2337,2023-07-28 - 12:08:24,Lufthansa,CDG,DXB,49.0097,2.5479,25.2532,55.3657,Business,7746.0,708,944.0,7.0,363.48,372,No,
FL9005,2024-05-26 - 02:20:04,Ryanair,LAX,LHR,33.9425,-118.4081,51.47,-0.4543,Economy,5164.0,117,438.0,33.0,1714.34,101,No,
FL3678,2023-07-13 - 22:30:21,British Airways,DXB,FRA,25.2532,55.3657,50.0379,8.5622,Economy,14190.0,670,644.0,0.0,836.99,277,Yes,
FL7064,2024-04-22 - 02:31:17,Lufthansa,LHR,SYD,51.47,-0.4543,-33.9399,151.1753,Economy,6053.0,504,255.0,28.0,219.16,94,No,
FL1878,2024-01-05 - 15:58:07,Ryanair,LHR,SYD,51.47,-0.4543,-33.9399,151.1753,Business,10694.0,527,495.0,0.0,1305.59,193,No,
FL2918,2023-12-18 - 10:55:33,Delta,SYD,JFK,-33.9399,151.1753,40.6413,-73.7781,Economy,11977.0,701,921.0,84.0,158.67,276,Early,
FL9521,2024-03-05 - 10:55:33,Delta,SYD,DXB,-33.9399,151.1753,25.2532,55.3657,Economy,4454.0,220,346.0,3.0,701.32,130,Yes,
FL5560,2024-04-06 - 00:28:00,Lufthansa,ORD,NRT,41.9742,-87.9073,35.772,140.3929,Business,7606.0,145,428.0,36.0,273.22,224,Yes,
FL8236,2024-01-30 - 13:15:38,Lufthansa,ORD,FRA,41.9742,-87.9073,50.0379,8.5622,Business,12997.0,846,208.0,0.0,282.89,330,No,
FL3236,2024-05-20 - 15:13:18,Delta,CDG,DXB,49.0097,2.5479,25.2532,55.3657,Business,4396.0,826,261.0,7.0,566.66,411,No,
FL8850,2023-08-31 - 19:14:14,Emirates,LAX,SYD,33.9425,-118.4081,-33.9399,151.1753,Business,8870.0,886,891.0,0.0,141.84,169,Yes,
FL2552,2023-02-18 - 13:26:50,American,FRA,SIN,50.0379,8.5622,1.3644,103.9915,Economy,13021.0,84,767.0,8.0,59.67,285,Yes,
FL1530,2023-10-18 - 03:32:55,British Airways,FRA,LAX,50.0379,8.5622,33.9425,-118.4081,Economy,11759.0,217,491.0,41.0,266.29,153,Yes,
FL5294,2023-12-26 - 22:52:45,Ryanair,FRA,SIN,50.0379,8.5622,1.3644,103.9915,Economy,10488.0,189,394.0,42.0,178.22,303,Yes,
FL5573,2023-09-07 - 04:12:08,British Airways,ORD,LHR,41.9742,-87.9073,51.47,-0.4543,Business,664.0,361,,0.0,356.88,319,Yes,
FL2432,2024-04-13 - 07:17:02,Air France,SIN,SYD,1.3644,103.9915,-33.9399,151.1753,Economy,2711.0,777,795.0,0.0,515.08,193,Early,
FL4114,2023-09-24 - 04:06:32,United,JFK,LAX,40.6413,-73.7781,33.9425,-118.4081,Economy,7851.0,442,539.0,29.0,108.07,408,Yes,
FL9344,2023-10-05 - 02:20:04,Air France,SYD,SIN,-33.9399,151.1753,1.3644,103.9915,Business,14387.0,405,431.0,0.0,379.05,198,Yes,
FL8254,2023-02-16 - 03:10:30,Lufthansa,SIN,FRA,1.3644,103.9915,50.0379,8.5622,Economy,11112.0,586,675.0,88.0,330.05,104,No,
FL2262,2024-05-24 - 06:37:49,British Airways,LAX,FRA,33.9425,-118.4081,50.0379,8.5622,Economy,8595.0,823,935.0,1.0,553.07,378,No,Weather
FL1089,2024-05-08 - 11:51:35,Air France,NRT,DXB,35.772,140.3929,25.2532,55.3657,Economy,1097.0,206,890.0,20.0,212.18,149,Yes,
FL6173,2023-06-04 - 11:34:47,Emirates,LHR,SIN,51.47,-0.4543,1.3644,103.9915,Economy,8715.0,706,204.0,29.0,652.19,268,No,
FL3290,2023-12-11 - 11:23:34,Emirates,DXB,NRT,25.2532,55.3657,35.772,140.3929,Economy,12661.0,414,450.0,21.0,744.58,406,Yes,
FL3944,2024-01-15 - 09:03:30,American,SIN,ORD,1.3644,103.9915,41.9742,-87.9073,Economy,12866.0,126,668.0,0.0,603.49,194,No,
FL7269,2024-04-08 - 10:44:21,Emirates,DXB,CDG,25.2532,55.3657,49.0097,2.5479,Economy,9065.0,704,,0.0,492.83,123,Yes,
FL8451,2023-02-01 - 06:15:24,Delta,FRA,ORD,50.0379,8.5622,41.9742,-87.9073,Economy,9620.0,426,283.0,0.0,198.53,123,Yes,
FL1521,2024-03-14 - 13:26:50,British Airways,LHR,SIN,51.47,-0.4543,1.3644,103.9915,Economy,6095.0,175,828.0,0.0,1120.16,304,Yes,
FL4764,2024-03-13 - 22:52:45,British Airways,SIN,ORD,1.3644,103.9915,41.9742,-87.9073,Business,13122.0,193,,4.0,333.36,102,No,
FL5209,2023-06-27 - 20:27:04,Ryanair,CDG,NRT,49.0097,2.5479,35.772,140.3929,Business,14493.0,446,411.0,79.0,711.78,385,No,
FL9401,2024-05-06 - 01:35:15,American,SIN,FRA,1.3644,103.9915,50.0379,8.5622,First,5179.0,293,315.0,1.0,254.6,380,Yes,
FL7789,2023-12-13 - 21:39:55,Delta,NRT,LHR,35.772,140.3929,51.47,-0.4543,Economy,12647.0,199,749.0,0.0,238.92,172,Yes,
FL2807,2023-01-17 - 02:03:16,Emirates,ORD,NRT,41.9742,-87.9073,35.772,140.3929,Business,6184.0,353,364.0,31.0,440.88,151,No,
FL4622,2023-02-15 - 19:53:27,British Airways,SYD,CDG,-33.9399,151.1753,49.0097,2.5479,Economy,11912.0,717,295.0,0.0,1037.27,301,Yes,
FL9385,2023-05-03 - 07:28:14,Air France,LAX,SIN,33.9425,-118.4081,1.3644,103.9915,Business,3024.0,794,327.0,28.0,92.16,193,No,
FL3846,2024-06-21 - 04:45:45,Emirates,SIN,LAX,1.3644,103.9915,33.9425,-118.4081,Business,6540.0,743,123.0,0.0,141.79,276,Yes,
FL6205,2023-03-04 - 19:47:51,Lufthansa,DXB,CDG,25.2532,55.3657,49.0097,2.5479,Economy,10365.0,527,553.0,17.0,188.1,276,No,
FL4617,2024-06-08 - 03:32:55,Ryanair,LHR,SIN,51.47,-0.4543,1.3644,103.9915,Economy,9121.0,768,592.0,0.0,419.44,231,No,
FL8556,2023-12-07 - 12:42:01,Emirates,NRT,LAX,35.772,140.3929,33.9425,-118.4081,Business,916.0,604,818.0,10.0,1182.79,260,Early,
FL4184,2024-05-01 - 12:19:36,American,SIN,FRA,1.3644,103.9915,50.0379,8.5622,Business,14492.0,244,728.0,22.0,573.52,92,Yes,
FL9350,2023-01-03 - 10:16:20,Ryanair,SYD,CDG,-33.9399,151.1753,49.0097,2.5479,Economy,7934.0,68,,10.0,,296,Yes,Operational
FL1951,2023-11-04 - 18:01:24,Lufthansa,SIN,NRT,1.3644,103.9915,35.772,140.3929,Economy,5225.0,111,747.0,,281.69,369,Yes,
FL7364,2024-05-13 - 08:24:16,United,FRA,SYD,50.0379,8.5622,-33.9399,151.1753,Economy,13234.0,337,652.0,56.0,329.34,101,No,
FL8684,2023-11-18 - 17:05:22,United,DXB,LAX,25.2532,55.3657,33.9425,-118.4081,Economy,1835.0,842,132.0,16.0,1833.95,209,Yes,
FL6920,2023-05-18 - 04:23:20,American,SIN,FRA,1.3644,103.9915,50.0379,8.5622,Economy,3452.0,257,99.0,2.0,227.46,359,No,
FL3576,2023-03-18 - 18:51:49,Lufthansa,NRT,JFK,35.772,140.3929,40.6413,-73.7781,Business,10634.0,547,162.0,7.0,392.19,399,No,
FL5188,2024-02-07 - 17:55:47,Ryanair,SYD,SIN,-33.9399,151.1753,1.3644,103.9915,Economy,8464.0,124,702.0,6.0,544.35,390,Yes,
FL7648,2023-09-29 - 22:30:21,British Airways,ORD,DXB,41.9742,-87.9073,25.2532,55.3657,Business,8828.0,323,694.0,8.0,461.24,103,Yes,
FL2456,2024-04-27 - 06:21:00,Ryanair,FRA,JFK,50.0379,8.5622,40.6413,-73.7781,Economy,12118.0,117,72.0,26.0,360.14,196,No,
FL4758,2023-09-25 - 01:57:39,Air France,DXB,JFK,25.2532,55.3657,40.6413,-73.7781,First,2509.0,468,550.0,0.0,267.25,386,Yes,
FL5009,2024-06-06 - 15:07:42,Lufthansa,FRA,DXB,50.0379,8.5622,25.2532,55.3657,Business,11813.0,832,707.0,0.0,236.01,373,Early,
FL1966,2023-07-09 - 01:57:39,Lufthansa,SIN,NRT,1.3644,103.9915,35.772,140.3929,Economy,5678.0,693,179.0,0.0,686.3,318,Yes,
FL1349,2023-04-15 - 16:59:45,Emirates,LHR,ORD,51.47,-0.4543,41.9742,-87.9073,Economy,8636.0,628,408.0,12.0,967.82,318,No,
FL6905,2024-04-19 - 08:57:53,American,SYD,JFK,-33.9399,151.1753,40.6413,-73.7781,Economy,13081.0,838,677.0,0.0,1707.55,239,Yes,
FL4326,2023-03-21 - 12:25:12,Ryanair,DXB,LAX,25.2532,55.3657,33.9425,-118.4081,Economy,4559.0,196,372.0,7.0,635.72,169,Yes,
FL2519,2024-02-05 - 22:13:32,Emirates,LAX,DXB,33.9425,-118.4081,25.2532,55.3657,Business,6004.0,593,688.0,19.0,,283,Yes,
FL8971,2024-03-12 - 10:27:32,Air France,SIN,NRT,1.3644,103.9915,35.772,140.3929,Economy,10668.0,629,202.0,7.0,570.73,273,No,
FL9241,2023-02-15 - 12:36:25,Delta,CDG,LAX,49.0097,2.5479,33.9425,-118.4081,Business,2194.0,363,182.0,1.0,318.87,228,Yes,
FL2476,2023-05-24 - 06:04:12,British Airways,FRA,DXB,50.0379,8.5622,25.2532,55.3657,Economy,4656.0,848,625.0,0.0,338.21,108,No,
FL2652,2023-07-14 - 05:47:23,British Airways,SYD,ORD,-33.9399,151.1753,41.9742,-87.9073,Economy,3397.0,497,142.0,0.0,831.71,303,Yes,
FL6079,2024-05-18 - 12:14:00,Lufthansa,DXB,FRA,25.2532,55.3657,50.0379,8.5622,Business,10164.0,116,127.0,8.0,901.32,319,Yes,
FL4108,2024-06-05 - 17:16:34,Ryanair,NRT,JFK,35.772,140.3929,40.6413,-73.7781,Business,3262.0,392,781.0,22.0,907.94,186,No,
FL6066,2023-06-16 - 22:13:32,American,NRT,SIN,35.772,140.3929,1.3644,103.9915,Economy,14542.0,281,300.0,0.0,201.72,300,Yes,
FL9172,2023-10-09 - 15:35:43,British Airways,FRA,SYD,50.0379,8.5622,-33.9399,151.1753,Economy,8418.0,463,719.0,7.0,53.56,255,Yes,
FL1485,2023-05-29 - 02:36:53,Emirates,CDG,SYD,49.0097,2.5479,-33.9399,151.1753,Economy,7670.0,605,843.0,28.0,484.01,231,No,
FL9588,2024-05-17 - 14:22:52,Emirates,DXB,LAX,25.2532,55.3657,33.9425,-118.4081,Economy,7098.0,580,,11.0,694.77,410,Early,
FL9948,2023-12-22 - 09:37:07,Air France,LAX,JFK,33.9425,-118.4081,40.6413,-73.7781,Economy,6653.0,200,575.0,0.0,1731.45,306,Yes,
FL3740,2023-02-14 - 07:28:14,Lufthansa,LAX,JFK,33.9425,-118.4081,40.6413,-73.7781,Economy,10375.0,86,485.0,21.0,495.37,290,Yes,
FL6402,2024-04-19 - 23:31:59,American,LAX,CDG,33.9425,-118.4081,49.0097,2.5479,Economy,13902.0,797,684.0,,4393.36,225,Yes,
FL8371,2024-06-17 - 06:04:12,Emirates,JFK,DXB,40.6413,-73.7781,25.2532,55.3657,Economy,8989.0,844,619.0,15.0,203.31,194,No,
FL8629,2023-05-03 - 00:11:12,United,NRT,JFK,35.772,140.3929,40.6413,-73.7781,Economy,14828.0,239,182.0,1.0,745.81,407,Early,
FL7018,2023-10-17 - 12:58:49,United,LAX,DXB,33.9425,-118.4081,25.2532,55.3657,Economy,5883.0,135,469.0,90.0,181.95,261,No,
FL1013,2024-06-04 - 04:51:21,Ryanair,CDG,FRA,49.0097,2.5479,50.0379,8.5622,Economy,3847.0,687,233.0,9.0,2319.03,226,Yes,
FL3070,2023-07-20 - 00:11:12,American,NRT,LHR,35.772,140.3929,51.47,-0.4543,Economy,8593.0,144,197.0,0.0,166.89,321,Yes,
FL4643,2024-02-21 - 09:42:43,British Airways,FRA,NRT,50.0379,8.5622,35.772,140.3929,Business,5613.0,330,89.0,1.0,1053.91,296,Yes,
FL8868,2023-05-21 - 12:30:49,Air France,SIN,DXB,1.3644,103.9915,25.2532,55.3657,Business,14832.0,414,183.0,0.0,114.14,322,No,
FL5943,2024-02-14 - 10:10:44,Delta,LAX,SIN,33.9425,-118.4081,1.3644,103.9915,Economy,14705.0,571,670.0,0.0,796.94,234,No,
FL1976,2023-02-26 - 10:49:57,Emirates,LAX,NRT,33.9425,-118.4081,35.772,140.3929,Economy,8888.0,485,,32.0,231.03,344,Early,
FL6447,2023-12-15 - 02:48:05,British Airways,JFK,LAX,40.6413,-73.7781,33.9425,-118.4081,Economy,10863.0,526,110.0,114.0,272.12,159,Yes,
FL1428,2024-01-07 - 11:40:23,American,CDG,JFK,49.0097,2.5479,40.6413,-73.7781,Economy,5002.0,528,587.0,5.0,,381,Yes,
FL8750,2023-07-04 - 12:42:01,Delta,CDG,DXB,49.0097,2.5479,25.2532,55.3657,Economy,2723.0,634,62.0,5.0,475.65,200,Yes,
FL3069,2023-02-13 - 09:37:07,British Airways,LHR,FRA,51.47,-0.4543,50.0379,8.5622,Economy,1250.0,847,907.0,21.0,127.85,112,Yes,
FL6212,2023-08-16 - 22:19:08,American,ORD,LHR,41.9742,-87.9073,51.47,-0.4543,Economy,2187.0,691,764.0,56.0,,102,No,
FL5283,2024-04-10 - 13:43:39,United,SYD,LHR,-33.9399,151.1753,51.47,-0.4543,Economy,4379.0,430,342.0,0.0,1803.5,212,No,
FL6797,2023-10-25 - 17:38:59,British Airways,SIN,NRT,1.3644,103.9915,35.772,140.3929,Economy,14820.0,777,313.0,0.0,738.85,109,Yes,
FL9591,2023-03-01 - 18:57:25,Delta,CDG,LHR,49.0097,2.5479,51.47,-0.4543,Economy,8500.0,569,287.0,0.0,342.17,248,Yes,
FL3509,2023-09-25 - 23:48:47,American,FRA,JFK,50.0379,8.5622,40.6413,-73.7781,Business,4060.0,655,381.0,0.0,419.48,200,No,
FL2376,2023-03-26 - 16:14:56,Air France,NRT,LHR,35.772,140.3929,51.47,-0.4543,Economy,5814.0,233,806.0,8.0,497.99,191,Yes,
FL6342,2023-03-30 - 22:13:32,Delta,SYD,ORD,-33.9399,151.1753,41.9742,-87.9073,Economy,11404.0,834,328.0,7.0,328.33,151,No,
FL3739,2024-05-20 - 22:30:21,Emirates,ORD,SIN,41.9742,-87.9073,1.3644,103.9915,Economy,1081.0,500,,0.0,432.37,124,Yes,
FL9037,2023-05-02 - 09:37:07,Delta,LAX,FRA,33.9425,-118.4081,50.0379,8.5622,Business,6738.0,219,725.0,67.0,616.27,137,No,
FL7900,2023-02-07 - 00:39:13,American,DXB,JFK,25.2532,55.3657,40.6413,-73.7781,First,13098.0,625,536.0,0.0,641.31,200,No,
FL6614,2024-01-02 - 07:50:39,British Airways,CDG,JFK,49.0097,2.5479,40.6413,-73.7781,Economy,8798.0,474,462.0,84.0,478.77,171,No,
FL6520,2023-03-03 - 07:22:38,Emirates,SIN,NRT,1.3644,103.9915,35.772,140.3929,Business,834.0,362,376.0,21.0,,304,No,
FL4069,2024-03-19 - 17:16:34,Emirates,NRT,JFK,35.772,140.3929,40.6413,-73.7781,Business,8759.0,727,,0.0,742.77,354,No,
FL5358,2023-09-11 - 10:10:44,Lufthansa,ORD,CDG,41.9742,-87.9073,49.0097,2.5479,Economy,6825.0,866,810.0,40.0,149.75,239,Yes,
FL4722,2023-03-16 - 15:52:31,Emirates,SYD,FRA,-33.9399,151.1753,50.0379,8.5622,Economy,10668.0,889,408.0,46.0,47.75,248,No,
FL8449,2024-03-12 - 17:44:35,Air France,JFK,FRA,40.6413,-73.7781,50.0379,8.5622,Economy,7908.0,581,861.0,3.0,134.08,135,Yes,
FL8517,2024-06-09 - 23:15:10,Air France,SYD,DXB,-33.9399,151.1753,25.2532,55.3657,Economy,7879.0,831,599.0,7.0,282.9,271,Yes,
FL6098,2024-06-05 - 02:42:29,Delta,SYD,LAX,-33.9399,151.1753,33.9425,-118.4081,Economy,12614.0,740,874.0,0.0,242.07,163,Yes,
FL8734,2023-12-16 - 22:30:21,British Airways,CDG,NRT,49.0097,2.5479,35.772,140.3929,Economy,13527.0,645,636.0,0.0,729.67,316,Yes,
FL8531,2024-03-08 - 19:03:02,Emirates,FRA,DXB,50.0379,8.5622,25.2532,55.3657,Business,3484.0,585,,6.0,370.91,284,Yes,
FL1389,2023-04-27 - 13:04:26,Delta,ORD,JFK,41.9742,-87.9073,40.6413,-73.7781,Economy,3559.0,796,455.0,0.0,617.42,329,Yes,
FL2468,2024-05-03 - 08:01:52,Emirates,SIN,LAX,1.3644,103.9915,33.9425,-118.4081,Economy,3811.0,800,640.0,0.0,89.59,119,Yes,
FL3219,2023-09-17 - 04:34:33,Delta,DXB,FRA,25.2532,55.3657,50.0379,8.5622,Economy,1233.0,201,765.0,34.0,,142,Yes,
FL3012,2023-03-08 - 11:12:22,British Airways,SIN,CDG,1.3644,103.9915,49.0097,2.5479,Economy,2494.0,888,930.0,15.0,37.01,402,Early,
FL9499,2023-07-14 - 13:04:26,Delta,DXB,LAX,25.2532,55.3657,33.9425,-118.4081,Economy,1776.0,762,542.0,0.0,,95,Early,
FL1680,2023-01-01 - 07:17:02,United,CDG,ORD,49.0097,2.5479,41.9742,-87.9073,Economy,8155.0,374,232.0,11.0,409.5,122,Yes,
FL3358,2023-02-03 - 23:48:47,Emirates,FRA,LAX,50.0379,8.5622,33.9425,-118.4081,Economy,4155.0,652,390.0,21.0,165.67,309,No,
FL9611,2023-07-31 - 20:15:52,Delta,JFK,SIN,40.6413,-73.7781,1.3644,103.9915,First,632.0,115,915.0,15.0,728.17,178,Yes,
FL6722,2024-06-13 - 07:22:38,Emirates,SYD,JFK,-33.9399,151.1753,40.6413,-73.7781,Economy,3434.0,516,770.0,11.0,842.43,317,Yes,
FL5773,2023-10-16 - 15:07:42,Air France,NRT,JFK,35.772,140.3929,40.6413,-73.7781,Business,13497.0,678,262.0,134.0,,370,No,
FL6684,2024-05-01 - 05:02:34,Emirates,NRT,SIN,35.772,140.3929,1.3644,103.9915,Economy,11657.0,672,,62.0,388.67,363,No,
FL7216,2024-03-03 - 22:30:21,American,CDG,ORD,49.0097,2.5479,41.9742,-87.9073,Economy,6107.0,177,55.0,90.0,1246.49,121,No,
FL3574,2024-03-03 - 15:13:18,Lufthansa,NRT,SIN,35.772,140.3929,1.3644,103.9915,Economy,1424.0,272,271.0,0.0,211.41,169,No,
FL8043,2024-04-10 - 06:26:36,Emirates,ORD,SIN,41.9742,-87.9073,1.3644,103.9915,First,6475.0,636,230.0,4.0,303.88,306,No,
FL2503,2024-01-27 - 19:42:15,American,FRA,JFK,50.0379,8.5622,40.6413,-73.7781,Economy,9393.0,391,920.0,66.0,2825.77,99,Yes,
FL3979,2024-05-16 - 16:31:45,British Airways,CDG,ORD,49.0097,2.5479,41.9742,-87.9073,Economy,3915.0,128,200.0,73.0,254.83,213,No,
FL2699,2023-05-14 - 20:15:52,Air France,SIN,LAX,1.3644,103.9915,33.9425,-118.4081,Business,4707.0,278,600.0,5.0,1032.89,372,Yes,
FL1931,2024-04-06 - 07:45:03,Delta,NRT,CDG,35.772,140.3929,49.0097,2.5479,Economy,5623.0,65,94.0,22.0,109.54,360,Yes,
FL1423,2023-12-11 - 18:40:37,United,CDG,FRA,49.0097,2.5479,50.0379,8.5622,Business,6052.0,237,429.0,54.0,403.62,196,Early,
FL4635,2024-01-17 - 04:45:45,Ryanair,DXB,LHR,25.2532,55.3657,51.47,-0.4543,Economy,6041.0,526,,0.0,186.08,309,Yes,Crew
FL5214,2024-05-31 - 13:26:50,British Airways,LHR,FRA,51.47,-0.4543,50.0379,8.5622,Business,9231.0,388,925.0,0.0,126.1,271,Yes,
FL2948,2024-02-28 - 23:48:47,Ryanair,CDG,FRA,49.0097,2.5479,50.0379,8.5622,Economy,7117.0,80,148.0,0.0,264.54,368,Yes,
FL4822,2023-07-21 - 05:19:22,Emirates,SYD,LHR,-33.9399,151.1753,51.47,-0.4543,First,12059.0,499,390.0,0.0,690.13,326,Yes,
FL8871,2024-05-23 - 23:20:46,Emirates,FRA,SIN,50.0379,8.5622,1.3644,103.9915,Economy,14709.0,572,311.0,0.0,112.94,184,Yes,
FL1171,2024-01-17 - 12:02:48,Air France,SIN,CDG,1.3644,103.9915,49.0097,2.5479,Economy,14803.0,193,524.0,36.0,464.98,389,Early,
FL1428,2024-05-07 - 14:00:28,Emirates,NRT,LAX,35.772,140.3929,33.9425,-118.4081,Economy,12081.0,615,273.0,0.0,878.78,401,No,
FL9825,2023-04-07 - 05:02:34,Air France,ORD,SYD,41.9742,-87.9073,-33.9399,151.1753,Economy,2736.0,456,874.0,38.0,176.2,198,No,
FL8567,2023-07-16 - 16:03:44,British Airways,SIN,FRA,1.3644,103.9915,50.0379,8.5622,Economy,12119.0,868,432.0,0.0,617.67,331,Yes,
FL8536,2024-03-11 - 05:19:22,Emirates,NRT,ORD,35.772,140.3929,41.9742,-87.9073,First,10899.0,165,69.0,93.0,872.38,315,Yes,
FL7198,2024-03-24 - 21:06:18,Air France,CDG,SIN,49.0097,2.5479,1.3644,103.9915,Economy,14055.0,869,784.0,0.0,3152.16,227,No,
FL5427,2023-08-04 - 04:23:20,American,SIN,SYD,1.3644,103.9915,-33.9399,151.1753,Economy,4535.0,732,282.0,4.0,3407.38,373,No,
FL7029,2024-02-24 - 10:33:09,Air France,DXB,JFK,25.2532,55.3657,40.6413,-73.7781,Business,12212.0,465,368.0,4.0,316.19,225,Yes,
FL5401,2024-01-25 - 02:08:52,Delta,LAX,LHR,33.9425,-118.4081,51.47,-0.4543,Economy,9527.0,165,461.0,12.0,566.54,346,No,
FL9499,2023-10-23 - 00:05:36,United,SIN,CDG,1.3644,103.9915,49.0097,2.5479,Business,12922.0,305,856.0,0.0,1577.36,163,No,
FL2849,2023-07-10 - 07:05:50,Emirates,SYD,NRT,-33.9399,151.1753,35.772,140.3929,Business,4085.0,752,214.0,13.0,729.96,200,No,
FL7137,2023-07-11 - 19:31:03,British Airways,FRA,DXB,50.0379,8.5622,25.2532,55.3657,Business,13530.0,754,172.0,34.0,409.04,268,Yes,
FL3023,2024-02-01 - 08:57:53,Lufthansa,DXB,LAX,25.2532,55.3657,33.9425,-118.4081,Economy,12298.0,681,585.0,6.0,,221,No,
FL1425,2024-02-29 - 21:39:55,Emirates,SIN,LHR,1.3644,103.9915,51.47,-0.4543,Economy,8353.0,840,264.0,0.0,349.54,157,Early,
FL3692,2024-03-03 - 07:56:15,American,NRT,ORD,35.772,140.3929,41.9742,-87.9073,Business,3593.0,456,,35.0,425.08,401,No,
FL2755,2024-01-14 - 18:29:24,Emirates,JFK,DXB,40.6413,-73.7781,25.2532,55.3657,Business,14778.0,630,546.0,0.0,240.23,200,Yes,
FL6358,2024-06-23 - 22:19:08,British Airways,DXB,NRT,25.2532,55.3657,35.772,140.3929,Economy,9887.0,603,384.0,38.0,169.24,378,Yes,
FL1340,2024-01-16 - 14:11:40,Air France,DXB,JFK,25.2532,55.3657,40.6413,-73.7781,Economy,1773.0,580,637.0,0.0,505.25,106,Yes,
FL8333,2024-03-30 - 00:56:01,Delta,NRT,FRA,35.772,140.3929,50.0379,8.5622,Economy,14471.0,415,431.0,0.0,371.32,412,No,
FL4370,2024-02-21 - 02:25:40,Delta,SIN,ORD,1.3644,103.9915,41.9742,-87.9073,Economy,11993.0,460,664.0,0.0,666.58,261,Early,
FL1008,2024-04-09 - 01:18:26,Air France,SYD,JFK,-33.9399,151.1753,40.6413,-73.7781,Business,10494.0,653,137.0,71.0,269.65,362,Yes,
FL4681,2024-02-15 - 22:35:57,Air France,SIN,SYD,1.3644,103.9915,-33.9399,151.1753,Economy,11129.0,487,232.0,0.0,901.39,336,No,
FL8130,2024-06-16 - 08:13:04,Ryanair,SYD,DXB,-33.9399,151.1753,25.2532,55.3657,Economy,8266.0,551,589.0,14.0,464.78,156,Yes,
FL9887,2024-06-09 - 15:58:07,Lufthansa,SIN,ORD,1.3644,103.9915,41.9742,-87.9073,Business,12568.0,582,555.0,0.0,168.2,208,No,
FL7177,2024-05-27 - 14:45:17,Lufthansa,SYD,JFK,-33.9399,151.1753,40.6413,-73.7781,Economy,11944.0,295,75.0,32.0,310.94,287,No,
FL7224,2023-08-30 - 06:49:01,British Airways,ORD,DXB,41.9742,-87.9073,25.2532,55.3657,Economy,14419.0,761,366.0,35.0,917.89,212,Yes,
FL9887,2023-07-15 - 18:12:36,Lufthansa,SIN,DXB,1.3644,103.9915,25.2532,55.3657,Economy,2646.0,295,903.0,41.0,357.81,324,Yes,
FL2000,2023-11-04 - 03:27:18,British Airways,LHR,SYD,51.47,-0.4543,-33.9399,151.1753,First,12738.0,96,697.0,19.0,244.07,413,Yes,
FL1479,2024-05-24 - 21:11:54,Delta,JFK,LHR,40.6413,-73.7781,51.47,-0.4543,Economy,7248.0,724,652.0,0.0,665.04,120,Yes,
FL8120,2023-06-18 - 17:55:47,United,SYD,LAX,-33.9399,151.1753,33.9425,-118.4081,Economy,8387.0,426,,3.0,,383,No,
FL9540,2023-07-26 - 16:26:08,United,FRA,LHR,50.0379,8.5622,51.47,-0.4543,Economy,13942.0,446,87.0,0.0,321.99,376,No,
FL5801,2023-06-25 - 02:53:41,American,FRA,NRT,50.0379,8.5622,35.772,140.3929,Economy,2886.0,140,878.0,,158.28,142,No,
FL7316,2023-12-03 - 14:00:28,American,ORD,JFK,41.9742,-87.9073,40.6413,-73.7781,Economy,14097.0,591,581.0,16.0,164.98,375,Yes,
FL9954,2024-01-20 - 05:36:11,Ryanair,NRT,CDG,35.772,140.3929,49.0097,2.5479,Economy,13557.0,832,427.0,211.0,880.52,359,Early,
FL3332,2023-12-26 - 01:01:38,Air France,NRT,LAX,35.772,140.3929,33.9425,-118.4081,Business,6621.0,831,664.0,2.0,161.88,394,Yes,
FL4015,2023-06-09 - 00:50:25,Lufthansa,JFK,FRA,40.6413,-73.7781,50.0379,8.5622,Economy,13458.0,261,59.0,0.0,538.84,134,Yes,
FL2129,2023-11-18 - 09:48:19,Delta,CDG,LHR,49.0097,2.5479,51.47,-0.4543,Economy,10762.0,87,835.0,18.0,1322.23,317,Early,
FL8346,2023-06-13 - 21:23:06,Air France,SIN,LAX,1.3644,103.9915,33.9425,-118.4081,First,7682.0,350,386.0,0.0,252.8,105,Yes,
FL1430,2023-12-29 - 09:09:06,Ryanair,DXB,FRA,25.2532,55.3657,50.0379,8.5622,Economy,14961.0,359,495.0,6.0,832.91,332,No,
FL2394,2023-08-16 - 00:28:00,Air France,ORD,NRT,41.9742,-87.9073,35.772,140.3929,Economy,13353.0,596,596.0,43.0,1313.25,226,Yes,
FL4953,2024-05-28 - 12:36:25,American,NRT,ORD,35.772,140.3929,41.9742,-87.9073,Economy,3268.0,494,488.0,10.0,826.87,309,No,
FL8736,2024-03-10 - 00:11:12,United,LHR,SIN,51.47,-0.4543,1.3644,103.9915,First,3638.0,553,101.0,0.0,818.69,403,No,
FL8319,2023-05-27 - 21:28:42,British Airways,SIN,ORD,1.3644,103.9915,41.9742,-87.9073,Economy,878.0,407,825.0,6.0,1085.92,127,Yes,
FL5344,2023-01-29 - 19:59:03,Lufthansa,JFK,DXB,40.6413,-73.7781,25.2532,55.3657,Economy,6943.0,99,,0.0,236.55,221,Yes,
FL3413,2023-11-06 - 13:43:39,American,NRT,LHR,35.772,140.3929,51.47,-0.4543,Economy,2970.0,301,586.0,0.0,191.06,308,No,
FL6264,2023-06-20 - 20:55:05,Delta,LHR,SYD,51.47,-0.4543,-33.9399,151.1753,Economy,12704.0,378,268.0,0.0,394.56,264,Yes,
FL9672,2024-01-19 - 15:02:06,American,FRA,LHR,50.0379,8.5622,51.47,-0.4543,Economy,13765.0,666,498.0,12.0,101.46,181,Early,
FL9305,2023-08-14 - 04:45:45,Lufthansa,CDG,SYD,49.0097,2.5479,-33.9399,151.1753,Economy,7313.0,249,,0.0,506.34,297,No,
FL2715,2023-09-19 - 22:07:56,American,LHR,DXB,51.47,-0.4543,25.2532,55.3657,Economy,9909.0,858,501.0,4.0,371.06,367,Yes,
FL8456,2024-04-29 - 23:54:23,Delta,ORD,CDG,41.9742,-87.9073,49.0097,2.5479,Economy,14663.0,485,698.0,8.0,,283,Yes,Crew
FL6829,2024-03-26 - 09:31:31,United,SYD,LAX,-33.9399,151.1753,33.9425,-118.4081,Economy,14031.0,595,739.0,0.0,395.64,290,No,
FL4714,2023-09-28 - 10:05:08,Emirates,LHR,JFK,51.47,-0.4543,40.6413,-73.7781,Economy,7980.0,254,237.0,0.0,262.95,162,Yes,
FL2577,2024-04-23 - 14:56:29,Air France,DXB,LHR,25.2532,55.3657,51.47,-0.4543,Economy,10555.0,296,701.0,20.0,402.11,393,Yes,
FL4401,2023-11-12 - 00:50:25,British Airways,SIN,NRT,1.3644,103.9915,35.772,140.3929,Economy,13679.0,567,616.0,,1246.22,258,Early,
FL5410,2023-03-04 - 12:30:49,American,ORD,FRA,41.9742,-87.9073,50.0379,8.5622,Economy,3877.0,201,546.0,0.0,210.18,129,Yes,Technical
FL7870,2023-04-29 - 23:20:46,American,LHR,DXB,51.47,-0.4543,25.2532,55.3657,Economy,1918.0,473,,1.0,90.03,389,Yes,
FL7143,2023-08-29 - 23:31:59,Delta,SYD,DXB,-33.9399,151.1753,25.2532,55.3657,Economy,11985.0,300,,8.0,1512.77,369,Yes,
FL1834,2023-09-22 - 01:07:14,British Airways,CDG,LAX,49.0097,2.5479,33.9425,-118.4081,Economy,11803.0,668,584.0,10.0,437.01,190,Yes,
FL4347,2023-05-01 - 11:45:59,American,LAX,SIN,33.9425,-118.4081,1.3644,103.9915,Economy,7533.0,680,904.0,26.0,1985.91,127,Yes,
FL1001,2023-08-21 - 11:34:47,Ryanair,SYD,JFK,-33.9399,151.1753,40.6413,-73.7781,Economy,12062.0,428,850.0,84.0,322.27,335,Early,
FL6978,2024-05-25 - 11:45:59,British Airways,FRA,DXB,50.0379,8.5622,25.2532,55.3657,Economy,3147.0,430,59.0,7.0,411.26,288,Yes,
FL9256,2024-01-12 - 15:30:07,Emirates,LHR,JFK,51.47,-0.4543,40.6413,-73.7781,Economy,5474.0,115,323.0,80.0,260.27,92,Yes,
FL6635,2023-11-09 - 00:00:00,British Airways,LHR,FRA,51.47,-0.4543,50.0379,8.5622,Business,607.0,504,265.0,0.0,214.15,159,Yes,
FL5140,2023-07-14 - 20:21:28,Lufthansa,LHR,JFK,51.47,-0.4543,40.6413,-73.7781,Business,6504.0,800,378.0,50.0,611.45,412,Yes,Weather
FL4108,2024-06-05 - 17:16:34,Ryanair,NRT,JFK,35.772,140.3929,40.6413,-73.7781,Business,3262.0,392,781.0,22.0,907.94,186,No,
FL5028,2023-07-05 - 17:50:11,Emirates,SYD,LAX,-33.9399,151.1753,33.9425,-118.4081,Economy,14836.0,344,87.0,25.0,319.43,360,Yes,
FL3262,2023-10-19 - 08:41:05,American,DXB,SYD,25.2532,55.3657,-33.9399,151.1753,Economy,1421.0,856,493.0,61.0,562.32,216,Yes,
FL4882,2024-04-21 - 11:57:11,American,CDG,LAX,49.0097,2.5479,33.9425,-118.4081,Economy,14134.0,86,746.0,19.0,830.44,215,Yes,Operational
FL9258,2023-08-09 - 00:56:01,Air France,DXB,LAX,25.2532,55.3657,33.9425,-118.4081,Economy,579.0,501,509.0,0.0,219.41,289,No,Crew
FL1693,2023-07-27 - 07:00:14,British Airways,SYD,ORD,-33.9399,151.1753,41.9742,-87.9073,Business,2819.0,489,256.0,17.0,,125,Yes,
FL1574,2023-01-30 - 17:50:11,Delta,LAX,CDG,33.9425,-118.4081,49.0097,2.5479,First,12293.0,310,889.0,0.0,132.69,170,Yes,
FL8349,2023-09-02 - 00:22:24,British Airways,FRA,LAX,50.0379,8.5622,33.9425,-118.4081,Economy,9436.0,859,628.0,47.0,245.8,118,Early,
FL1807,2024-04-29 - 16:37:21,Air France,SIN,NRT,1.3644,103.9915,35.772,140.3929,Business,5802.0,458,,,301.89,127,Yes,
FL6640,2023-05-04 - 05:19:22,Emirates,DXB,CDG,25.2532,55.3657,49.0097,2.5479,Economy,3514.0,373,867.0,0.0,394.41,376,No,
FL8651,2023-06-02 - 08:35:29,Air France,SIN,LAX,1.3644,103.9915,33.9425,-118.4081,Economy,10228.0,349,79.0,9.0,2619.43,156,Early,
FL6159,2023-11-22 - 01:12:50,Emirates,FRA,NRT,50.0379,8.5622,35.772,140.3929,Economy,13804.0,168,376.0,0.0,147.76,366,No,
FL3525,2023-11-17 - 11:57:11,Emirates,JFK,DXB,40.6413,-73.7781,25.2532,55.3657,First,2284.0,622,873.0,4.0,304.36,247,Yes,
FL2226,2023-10-09 - 22:52:45,United,NRT,ORD,35.772,140.3929,41.9742,-87.9073,Economy,8129.0,141,938.0,22.0,563.61,375,No,
FL2334,2023-08-25 - 10:16:20,Emirates,JFK,SIN,40.6413,-73.7781,1.3644,103.9915,Economy,11121.0,540,327.0,0.0,674.85,138,Yes,
FL2446,2023-03-02 - 16:48:33,British Airways,NRT,SYD,35.772,140.3929,-33.9399,151.1753,First,7423.0,804,836.0,1.0,309.47,164,No,
FL3283,2023-02-10 - 16:03:44,United,LHR,NRT,51.47,-0.4543,35.772,140.3929,Economy,13754.0,340,598.0,5.0,926.45,144,Yes,
FL7570,2023-11-15 - 23:31:59,British Airways,FRA,JFK,50.0379,8.5622,40.6413,-73.7781,Economy,10753.0,101,842.0,0.0,148.02,86,Yes,
FL1536,2023-01-13 - 03:21:42,American,JFK,DXB,40.6413,-73.7781,25.2532,55.3657,Economy,8361.0,855,,0.0,501.16,389,Early,
FL6205,2023-11-05 - 15:52:31,Delta,FRA,NRT,50.0379,8.5622,35.772,140.3929,Economy,11288.0,698,277.0,0.0,541.24,99,Yes,
FL2567,2023-03-11 - 19:19:50,Air France,JFK,ORD,40.6413,-73.7781,41.9742,-87.9073,Business,13673.0,437,448.0,2.0,162.12,270,No,
FL1503,2024-04-04 - 04:45:45,Ryanair,SIN,LAX,1.3644,103.9915,33.9425,-118.4081,Economy,12219.0,665,904.0,0.0,468.95,343,No,
FL6089,2023-04-25 - 17:22:10,American,ORD,CDG,41.9742,-87.9073,49.0097,2.5479,Business,8834.0,742,780.0,0.0,254.12,253,No,
FL1427,2023-03-29 - 09:48:19,United,SIN,JFK,1.3644,103.9915,40.6413,-73.7781,Economy,6119.0,183,561.0,0.0,409.67,419,Early,
FL8732,2023-05-07 - 20:43:53,Ryanair,FRA,LHR,50.0379,8.5622,51.47,-0.4543,Economy,9222.0,580,286.0,0.0,94.66,91,No,
FL9670,2023-04-29 - 16:03:44,United,DXB,ORD,25.2532,55.3657,41.9742,-87.9073,Economy,1166.0,787,848.0,83.0,427.69,384,Yes,
FL9989,2023-06-29 - 16:09:20,Emirates,FRA,LAX,50.0379,8.5622,33.9425,-118.4081,Economy,13369.0,893,,0.0,1229.85,396,Yes,
FL8251,2024-04-06 - 22:19:08,United,JFK,SYD,40.6413,-73.7781,-33.9399,151.1753,Business,11697.0,520,776.0,,568.83,272,Yes,
FL1739,2023-12-19 - 16:03:44,British Airways,JFK,CDG,40.6413,-73.7781,49.0097,2.5479,Economy,13377.0,652,247.0,110.0,188.47,315,Yes,
FL7147,2023-11-26 - 14:28:28,British Airways,SIN,ORD,1.3644,103.9915,41.9742,-87.9073,Economy,13101.0,544,287.0,0.0,335.1,266,No,
FL5918,2024-03-29 - 17:38:59,Ryanair,NRT,LAX,35.772,140.3929,33.9425,-118.4081,Business,5295.0,724,,0.0,1072.06,354,Yes,Technical
FL8084,2023-07-16 - 08:46:41,Lufthansa,LHR,NRT,51.47,-0.4543,35.772,140.3929,Economy,12645.0,589,395.0,0.0,481.42,377,No,
FL2873,2023-12-16 - 15:13:18,Ryanair,NRT,ORD,35.772,140.3929,41.9742,-87.9073,Economy,9311.0,272,527.0,37.0,226.04,89,Yes,
FL5685,2024-02-19 - 21:17:30,Air France,LHR,SYD,51.47,-0.4543,-33.9399,151.1753,Economy,1094.0,396,142.0,7.0,,120,Yes,
FL9232,2023-06-07 - 19:42:15,United,LHR,CDG,51.47,-0.4543,49.0097,2.5479,Economy,3158.0,317,775.0,24.0,2152.12,352,Yes,
FL8165,2023-01-20 - 10:10:44,British Airways,ORD,DXB,41.9742,-87.9073,25.2532,55.3657,Business,9762.0,529,,48.0,908.17,125,Yes,
FL7404,2023-01-05 - 05:58:35,Ryanair,LAX,NRT,33.9425,-118.4081,35.772,140.3929,Economy,5446.0,125,943.0,39.0,308.66,302,Yes,
FL7662,2023-12-25 - 03:10:30,United,SYD,ORD,-33.9399,151.1753,41.9742,-87.9073,Economy,3662.0,381,235.0,0.0,78.1,166,Yes,
FL5545,2023-11-19 - 22:13:32,Emirates,FRA,DXB,50.0379,8.5622,25.2532,55.3657,Economy,7670.0,490,420.0,12.0,176.21,362,No,
FL4703,2023-05-30 - 07:45:03,Lufthansa,DXB,CDG,25.2532,55.3657,49.0097,2.5479,Economy,3566.0,243,579.0,0.0,339.99,189,Yes,
FL7182,2023-04-26 - 00:39:13,British Airways,FRA,CDG,50.0379,8.5622,49.0097,2.5479,Economy,8176.0,506,361.0,89.0,1044.05,311,Yes,
FL6414,2023-02-26 - 18:07:00,Air France,SYD,SIN,-33.9399,151.1753,1.3644,103.9915,Economy,13009.0,319,181.0,54.0,295.54,245,No,
FL2538,2023-08-20 - 13:43:39,United,ORD,LHR,41.9742,-87.9073,51.47,-0.4543,Economy,5005.0,81,422.0,0.0,756.09,145,Yes,
FL4776,2023-03-07 - 13:21:14,Emirates,LAX,CDG,33.9425,-118.4081,49.0097,2.5479,Business,2716.0,546,436.0,,497.83,127,Yes,
FL2375,2023-08-29 - 01:40:51,Delta,SYD,SIN,-33.9399,151.1753,1.3644,103.9915,Economy,7447.0,264,816.0,19.0,77.39,279,Yes,
FL6372,2023-11-23 - 13:38:03,Ryanair,SYD,LAX,-33.9399,151.1753,33.9425,-118.4081,Business,14906.0,571,389.0,1.0,767.84,359,Yes,
FL5433,2023-09-24 - 11:23:34,United,CDG,SYD,49.0097,2.5479,-33.9399,151.1753,First,8649.0,293,455.0,0.0,599.92,248,Yes,
FL2930,2023-04-13 - 06:43:25,Air France,ORD,LAX,41.9742,-87.9073,33.9425,-118.4081,Economy,7384.0,581,938.0,,1960.65,206,No,
FL2492,2023-08-07 - 05:13:46,United,LHR,CDG,51.47,-0.4543,49.0097,2.5479,Economy,14227.0,308,362.0,81.0,157.88,98,Yes,
FL6278,2023-03-31 - 12:47:37,Lufthansa,SIN,CDG,1.3644,103.9915,49.0097,2.5479,Economy,14855.0,815,,55.0,257.46,215,No,
FL2707,2023-11-05 - 08:35:29,Ryanair,JFK,SIN,40.6413,-73.7781,1.3644,103.9915,Business,5349.0,536,85.0,12.0,425.58,291,Yes,
FL4089,2024-01-22 - 23:09:34,American,CDG,NRT,49.0097,2.5479,35.772,140.3929,Business,10201.0,587,933.0,5.0,,168,Yes,
FL6364,2024-03-26 - 16:48:33,Ryanair,SYD,CDG,-33.9399,151.1753,49.0097,2.5479,Economy,13898.0,579,339.0,17.0,289.74,204,Yes,
FL8960,2023-05-19 - 02:14:28,Emirates,DXB,CDG,25.2532,55.3657,49.0097,2.5479,First,9085.0,311,247.0,0.0,329.15,91,Early,
FL2853,2023-06-13 - 06:49:01,Lufthansa,LAX,DXB,33.9425,-118.4081,25.2532,55.3657,Economy,11003.0,423,872.0,77.0,452.75,337,Yes,
FL4603,2023-09-05 - 08:29:52,Delta,SYD,DXB,-33.9399,151.1753,25.2532,55.3657,Economy,3526.0,99,,0.0,456.56,328,Yes,
FL9116,2023-03-23 - 15:24:30,Lufthansa,JFK,SYD,40.6413,-73.7781,-33.9399,151.1753,Economy,927.0,159,418.0,21.0,535.81,121,No,
FL2771,2023-10-29 - 23:37:35,Emirates,LAX,SIN,33.9425,-118.4081,1.3644,103.9915,Economy,1947.0,492,466.0,0.0,768.55,362,Yes,
FL1829,2023-03-03 - 00:05:36,Emirates,FRA,JFK,50.0379,8.5622,40.6413,-73.7781,Economy,12917.0,64,811.0,82.0,144.41,403,No,
FL1358,2023-02-18 - 20:43:53,British Airways,JFK,DXB,40.6413,-73.7781,25.2532,55.3657,Economy,947.0,743,502.0,25.0,346.07,378,Yes,
FL1802,2024-04-24 - 05:30:35,United,CDG,LHR,49.0097,2.5479,51.47,-0.4543,Economy,6340.0,262,853.0,6.0,485.28,264,No,
FL9390,2023-08-10 - 06:04:12,Lufthansa,CDG,NRT,49.0097,2.5479,35.772,140.3929,Economy,5941.0,565,119.0,0.0,91.25,166,No,
FL1340,2023-05-02 - 16:54:09,British Airways,LHR,JFK,51.47,-0.4543,40.6413,-73.7781,First,3151.0,213,128.0,32.0,130.0,336,No,
FL7249,2023-08-02 - 01:24:02,American,FRA,ORD,50.0379,8.5622,41.9742,-87.9073,Economy,9411.0,202,769.0,,60.98,379,No,
FL4750,2024-03-31 - 06:04:12,British Airways,LHR,CDG,51.47,-0.4543,49.0097,2.5479,Economy,1118.0,494,,0.0,474.16,202,Yes,
FL9722,2023-12-09 - 15:41:19,Ryanair,SIN,CDG,1.3644,103.9915,49.0097,2.5479,Economy,3023.0,820,545.0,0.0,292.9,243,Yes,
FL9997,2023-06-21 - 11:29:10,American,SIN,LAX,1.3644,103.9915,33.9425,-118.4081,Economy,12166.0,284,,0.0,,111,Yes,
FL7418,2024-03-04 - 20:21:28,Emirates,JFK,ORD,40.6413,-73.7781,41.9742,-87.9073,Economy,7161.0,304,469.0,0.0,147.68,402,Yes,
FL7170,2023-11-06 - 21:00:42,British Airways,JFK,DXB,40.6413,-73.7781,25.2532,55.3657,First,4453.0,631,673.0,5.0,180.57,112,Yes,
FL9689,2023-11-08 - 02:08:52,United,SYD,FRA,-33.9399,151.1753,50.0379,8.5622,Economy,13813.0,808,876.0,0.0,900.14,103,Yes,
FL7970,2024-03-04 - 05:47:23,British Airways,DXB,ORD,25.2532,55.3657,41.9742,-87.9073,Economy,5259.0,671,92.0,21.0,805.11,198,No,
FL7726,2024-04-26 - 01:12:50,United,LAX,ORD,33.9425,-118.4081,41.9742,-87.9073,Business,7944.0,131,547.0,0.0,405.14,180,Yes,
FL6124,2023-12-02 - 01:35:15,Air France,ORD,JFK,41.9742,-87.9073,40.6413,-73.7781,Economy,2549.0,884,357.0,16.0,584.59,236,No,
FL4541,2023-03-04 - 05:13:46,United,ORD,SIN,41.9742,-87.9073,1.3644,103.9915,Economy,2575.0,413,751.0,38.0,1938.95,314,Yes,
FL4145,2023-01-11 - 07:39:27,Lufthansa,SIN,CDG,1.3644,103.9915,49.0097,2.5479,Economy,8740.0,545,467.0,4.0,257.14,274,Yes,
FL4643,2023-08-24 - 05:08:10,British Airways,SIN,FRA,1.3644,103.9915,50.0379,8.5622,Economy,9121.0,570,818.0,0.0,343.16,217,No,
FL9194,2023-06-04 - 04:17:44,Air France,LAX,JFK,33.9425,-118.4081,40.6413,-73.7781,Business,920.0,92,555.0,12.0,447.42,193,No,Crew
FL7165,2024-03-16 - 09:09:06,Delta,FRA,SYD,50.0379,8.5622,-33.9399,151.1753,Economy,6650.0,266,527.0,32.0,75.97,236,Yes,
FL9073,2024-03-24 - 13:49:15,Ryanair,DXB,CDG,25.2532,55.3657,49.0097,2.5479,Economy,816.0,551,608.0,0.0,373.56,409,Yes,
FL5181,2024-06-29 - 02:08:52,Air France,LHR,FRA,51.47,-0.4543,50.0379,8.5622,Business,12788.0,113,269.0,0.0,573.08,243,Yes,
FL5535,2024-02-26 - 20:49:29,Delta,LAX,ORD,33.9425,-118.4081,41.9742,-87.9073,Economy,7530.0,357,110.0,6.0,377.69,133,No,
FL5371,2023-01-28 - 14:50:53,American,JFK,LAX,40.6413,-73.7781,33.9425,-118.4081,Economy,5405.0,640,392.0,20.0,1487.23,401,Yes,
FL7206,2024-02-18 - 16:09:20,Lufthansa,FRA,CDG,50.0379,8.5622,49.0097,2.5479,Economy,1335.0,221,825.0,0.0,307.98,253,No,
FL6067,2023-09-30 - 05:47:23,Delta,LAX,CDG,33.9425,-118.4081,49.0097,2.5479,Economy,1492.0,390,,4.0,642.54,359,Yes,
FL2563,2023-06-21 - 04:12:08,Ryanair,DXB,SYD,25.2532,55.3657,-33.9399,151.1753,Business,14796.0,342,450.0,0.0,464.99,286,No,
FL5998,2024-02-20 - 11:51:35,American,DXB,ORD,25.2532,55.3657,41.9742,-87.9073,Economy,7154.0,282,744.0,1.0,357.45,357,Early,
FL1228,2023-08-24 - 12:25:12,Lufthansa,CDG,JFK,49.0097,2.5479,40.6413,-73.7781,First,8450.0,722,516.0,0.0,276.18,191,No,
FL9326,2023-03-15 - 03:27:18,Lufthansa,NRT,ORD,35.772,140.3929,41.9742,-87.9073,Business,6884.0,417,,0.0,562.59,131,No,
FL7688,2023-01-04 - 22:41:33,Air France,FRA,SIN,50.0379,8.5622,1.3644,103.9915,Economy,9987.0,753,,30.0,452.48,249,Yes,
FL1648,2023-04-06 - 14:28:28,Emirates,ORD,JFK,41.9742,-87.9073,40.6413,-73.7781,Business,7019.0,312,457.0,33.0,664.87,392,Early,
FL4712,2023-07-02 - 02:25:40,Air France,LAX,JFK,33.9425,-118.4081,40.6413,-73.7781,Economy,11510.0,648,634.0,0.0,1346.31,329,No,
FL9544,2023-04-28 - 10:55:33,Emirates,FRA,SIN,50.0379,8.5622,1.3644,103.9915,Economy,12390.0,604,,0.0,1143.9,411,No,
FL7518,2024-01-29 - 15:24:30,Air France,DXB,LHR,25.2532,55.3657,51.47,-0.4543,Economy,14468.0,888,459.0,5.0,,228,No,
FL1264,2023-02-20 - 09:09:06,Air France,SIN,DXB,1.3644,103.9915,25.2532,55.3657,Economy,4016.0,631,677.0,30.0,382.84,174,Yes,
FL2213,2023-09-12 - 22:35:57,Lufthansa,LHR,JFK,51.47,-0.4543,40.6413,-73.7781,Economy,13987.0,539,440.0,,388.01,269,Yes,
FL1071,2023-01-07 - 01:40:51,British Airways,LHR,DXB,51.47,-0.4543,25.2532,55.3657,First,3812.0,689,713.0,4.0,974.09,324,No,Weather
FL1178,2023-07-16 - 01:29:38,American,LHR,NRT,51.47,-0.4543,35.772,140.3929,Business,9377.0,668,785.0,1.0,164.45,333,No,
FL8004,2024-04-02 - 16:20:32,Delta,ORD,FRA,41.9742,-87.9073,50.0379,8.5622,Economy,3913.0,305,863.0,112.0,293.38,331,No,
FL4514,2023-12-17 - 05:47:23,Emirates,DXB,JFK,25.2532,55.3657,40.6413,-73.7781,Economy,10595.0,705,695.0,10.0,1277.68,300,Yes,
FL9570,2024-04-08 - 18:01:24,Delta,SYD,FRA,-33.9399,151.1753,50.0379,8.5622,Economy,7711.0,578,598.0,0.0,254.72,254,Yes,
FL9029,2023-09-10 - 05:02:34,American,FRA,JFK,50.0379,8.5622,40.6413,-73.7781,Business,2965.0,709,791.0,118.0,197.9,165,Yes,
FL9382,2024-01-20 - 12:53:13,American,NRT,LHR,35.772,140.3929,51.47,-0.4543,Economy,8509.0,421,820.0,63.0,1317.8,410,Yes,
FL5873,2024-04-27 - 13:38:03,United,SIN,DXB,1.3644,103.9915,25.2532,55.3657,Business,6460.0,377,868.0,0.0,249.7,290,Yes,
FL8867,2023-06-20 - 13:38:03,Delta,LHR,FRA,51.47,-0.4543,50.0379,8.5622,Business,8872.0,500,535.0,46.0,765.64,333,Yes,
FL3492,2024-06-23 - 15:02:06,British Airways,SIN,ORD,1.3644,103.9915,41.9742,-87.9073,Business,12610.0,816,667.0,40.0,1375.05,281,No,
FL1089,2023-07-28 - 04:51:21,American,DXB,FRA,25.2532,55.3657,50.0379,8.5622,Economy,7035.0,89,569.0,0.0,163.1,87,Early,
FL6836,2023-10-18 - 10:49:57,British Airways,SYD,LAX,-33.9399,151.1753,33.9425,-118.4081,Economy,1716.0,618,119.0,0.0,2160.97,250,Yes,
FL9774,2023-02-27 - 08:41:05,British Airways,SYD,SIN,-33.9399,151.1753,1.3644,103.9915,Business,4469.0,129,702.0,94.0,,308,Yes,
FL5094,2023-10-23 - 21:56:43,Ryanair,NRT,DXB,35.772,140.3929,25.2532,55.3657,Economy,1891.0,474,695.0,78.0,374.52,337,Yes,
FL7098,2023-08-01 - 03:32:55,Air France,JFK,LAX,40.6413,-73.7781,33.9425,-118.4081,Economy,11305.0,384,725.0,3.0,,144,No,
FL3297,2024-03-30 - 22:47:09,Ryanair,JFK,CDG,40.6413,-73.7781,49.0097,2.5479,Economy,2585.0,761,652.0,0.0,367.61,120,Yes,
FL6844,2024-06-01 - 11:17:58,Air France,DXB,JFK,25.2532,55.3657,40.6413,-73.7781,First,12316.0,142,651.0,10.0,288.93,350,No,Technical
FL5664,2023-06-04 - 18:51:49,Air France,FRA,CDG,50.0379,8.5622,49.0097,2.5479,Economy,11407.0,451,174.0,0.0,586.26,398,No,
FL7829,2023-11-25 - 09:20:18,Emirates,LHR,NRT,51.47,-0.4543,35.772,140.3929,Economy,8564.0,91,686.0,19.0,94.53,172,Yes,
FL7209,2023-05-24 - 20:38:17,Emirates,FRA,ORD,50.0379,8.5622,41.9742,-87.9073,Business,13325.0,170,757.0,0.0,366.74,404,No,Weather
FL8239,2024-04-25 - 17:55:47,Delta,ORD,LHR,41.9742,-87.9073,51.47,-0.4543,Business,14263.0,740,598.0,0.0,1867.12,180,Yes,
FL4442,2023-09-17 - 19:08:38,Air France,JFK,CDG,40.6413,-73.7781,49.0097,2.5479,Economy,9819.0,287,769.0,45.0,351.75,310,No,
FL2000,2023-08-15 - 17:10:58,Air France,FRA,NRT,50.0379,8.5622,35.772,140.3929,Business,2068.0,662,573.0,189.0,1040.85,282,Yes,
FL7052,2023-03-18 - 11:34:47,United,JFK,LHR,40.6413,-73.7781,51.47,-0.4543,Economy,6647.0,834,372.0,0.0,1346.16,223,No,
FL9140,2023-01-07 - 08:57:53,Delta,JFK,SYD,40.6413,-73.7781,-33.9399,151.1753,Economy,1350.0,767,430.0,25.0,545.95,391,Yes,
FL3721,2024-02-10 - 18:46:13,Emirates,LHR,JFK,51.47,-0.4543,40.6413,-73.7781,Economy,561.0,69,,27.0,218.91,269,No,Technical
FL9105,2023-05-20 - 07:22:38,Delta,CDG,ORD,49.0097,2.5479,41.9742,-87.9073,Economy,14021.0,795,926.0,22.0,554.71,196,No,
FL3325,2023-12-26 - 08:18:40,Ryanair,FRA,SIN,50.0379,8.5622,1.3644,103.9915,Economy,2763.0,152,265.0,11.0,436.39,105,Yes,
FL9140,2023-03-25 - 18:23:48,United,JFK,SIN,40.6413,-73.7781,1.3644,103.9915,Economy,665.0,794,911.0,21.0,340.23,413,No,
FL3983,2023-10-17 - 20:15:52,American,LHR,FRA,51.47,-0.4543,50.0379,8.5622,Economy,8115.0,782,818.0,0.0,198.03,316,No,
FL7288,2024-01-04 - 18:07:00,British Airways,CDG,DXB,49.0097,2.5479,25.2532,55.3657,Economy,3673.0,734,,0.0,518.44,238,No,
FL4705,2023-04-27 - 20:21:28,British Airways,FRA,CDG,50.0379,8.5622,49.0097,2.5479,Economy,11161.0,343,547.0,48.0,331.41,187,No,
FL2014,2023-09-02 - 07:39:27,Delta,FRA,ORD,50.0379,8.5622,41.9742,-87.9073,Business,5625.0,458,489.0,0.0,190.43,238,Yes,
FL2129,2024-03-12 - 03:10:30,Emirates,JFK,ORD,40.6413,-73.7781,41.9742,-87.9073,First,9711.0,196,259.0,14.0,780.73,168,Yes,
FL5567,2024-04-04 - 19:19:50,Delta,LHR,NRT,51.47,-0.4543,35.772,140.3929,Economy,7931.0,97,923.0,44.0,193.37,325,Yes,
FL3234,2023-04-15 - 02:25:40,Delta,DXB,SYD,25.2532,55.3657,-33.9399,151.1753,Economy,5094.0,858,,78.0,53.45,177,Yes,
FL1151,2023-08-22 - 09:25:54,Emirates,DXB,FRA,25.2532,55.3657,50.0379,8.5622,Economy,4910.0,274,183.0,68.0,852.18,213,Yes,
FL1266,2024-02-09 - 06:21:00,Lufthansa,JFK,NRT,40.6413,-73.7781,35.772,140.3929,Business,6392.0,856,903.0,0.0,505.12,158,Early,
FL2228,2024-05-26 - 09:37:07,Lufthansa,FRA,ORD,50.0379,8.5622,41.9742,-87.9073,Economy,9821.0,305,398.0,,416.01,166,No,
FL1874,2023-02-09 - 10:55:33,British Airways,SYD,CDG,-33.9399,151.1753,49.0097,2.5479,Economy,1106.0,531,756.0,10.0,255.74,228,No,
FL7450,2024-05-27 - 00:11:12,British Airways,NRT,JFK,35.772,140.3929,40.6413,-73.7781,Business,7415.0,871,531.0,63.0,474.22,333,No,
FL7072,2023-09-22 - 08:24:16,Delta,NRT,FRA,35.772,140.3929,50.0379,8.5622,Economy,14105.0,558,287.0,33.0,208.37,348,No,
FL3773,2023-12-07 - 19:59:03,United,NRT,FRA,35.772,140.3929,50.0379,8.5622,Economy,10030.0,151,,36.0,1540.85,341,Yes,
FL6758,2024-02-28 - 16:31:45,Emirates,LAX,FRA,33.9425,-118.4081,50.0379,8.5622,Economy,3126.0,365,451.0,0.0,177.27,245,Yes,
FL1463,2023-01-27 - 09:42:43,Air France,JFK,FRA,40.6413,-73.7781,50.0379,8.5622,Economy,4490.0,606,609.0,45.0,405.43,203,No,
FL4642,2024-03-25 - 18:57:25,Ryanair,FRA,NRT,50.0379,8.5622,35.772,140.3929,Economy,12116.0,70,277.0,39.0,841.86,127,Yes,
FL3470,2023-04-11 - 03:44:07,United,ORD,SIN,41.9742,-87.9073,1.3644,103.9915,Economy,6221.0,819,877.0,109.0,130.98,125,No,
FL7701,2024-01-11 - 17:38:59,Air France,DXB,LHR,25.2532,55.3657,51.47,-0.4543,First,14579.0,888,904.0,3.0,97.07,311,Yes,
FL9009,2023-05-22 - 10:21:56,Emirates,SIN,NRT,1.3644,103.9915,35.772,140.3929,Economy,13165.0,791,97.0,9.0,638.35,161,No,
FL1518,2023-02-06 - 17:22:10,Air France,FRA,DXB,50.0379,8.5622,25.2532,55.3657,Economy,9831.0,233,895.0,7.0,140.79,305,Yes,
FL6089,2024-05-12 - 03:16:06,British Airways,DXB,SIN,25.2532,55.3657,1.3644,103.9915,Economy,2468.0,427,384.0,5.0,289.05,234,Early,
FL4564,2023-11-13 - 20:32:41,British Airways,CDG,JFK,49.0097,2.5479,40.6413,-73.7781,Business,6387.0,516,403.0,1.0,438.35,159,No,
FL1218,2024-06-07 - 05:41:47,United,SYD,SIN,-33.9399,151.1753,1.3644,103.9915,Economy,11675.0,588,690.0,13.0,294.17,86,No,
FL7674,2023-11-29 - 08:01:52,Ryanair,CDG,JFK,49.0097,2.5479,40.6413,-73.7781,Business,5230.0,581,179.0,5.0,217.1,137,Yes,
FL2358,2023-12-09 - 22:58:21,Air France,DXB,NRT,25.2532,55.3657,35.772,140.3929,Economy,1033.0,263,389.0,0.0,186.87,209,Yes,
FL5720,2024-01-28 - 17:33:23,Ryanair,JFK,CDG,40.6413,-73.7781,49.0097,2.5479,Economy,5199.0,697,102.0,0.0,336.28,391,Early,
FL5865,2023-09-19 - 00:16:48,Lufthansa,ORD,NRT,41.9742,-87.9073,35.772,140.3929,Economy,14765.0,471,849.0,99.0,298.01,378,Early,
FL2211,2024-03-18 - 19:25:26,Lufthansa,JFK,ORD,40.6413,-73.7781,41.9742,-87.9073,Business,2836.0,126,134.0,15.0,461.24,235,No,
FL5020,2023-12-08 - 17:50:11,British Airways,FRA,DXB,50.0379,8.5622,25.2532,55.3657,Economy,13147.0,215,,17.0,310.85,111,No,
